data_pobrania,tytul,cena,link
2026-02-07 21:08,Komfortowa kawalerka po remoncie blisko centrum,2150,https://www.otodom.pl/pl/oferta/komfortowa-kawalerka-po-remoncie-blisko-centrum-ID4A0DN
2026-02-07 21:09,PL | UA | RU Komfortowe 3 pokoje | osobna kuchnia | od zaraz,3600,https://www.otodom.pl/pl/oferta/pl-ua-ru-komfortowe-3-pokoje-osobna-kuchnia-od-zaraz-ID4A0D3
2026-02-07 21:09,Ciche mieszkanie przy wzgórzu Gajowym,3400,https://www.otodom.pl/pl/oferta/ciche-mieszkanie-przy-wzgorzu-gajowym-ID4zx4j
2026-02-07 21:09,Brak tytułu,0,https://www.otodom.pl/pl/oferta/nowe-mieszkania-na-wynajem-w-centrum-wroclawia-sprawdz-nasza-oferte-ID4yvKA
2026-02-07 21:09,Wykończone mieszkanie 48m2 z garażem i klimatyzacją ul. Blizanowicka,3100,https://www.otodom.pl/pl/oferta/wykonczone-mieszkanie-48m2-z-garazem-i-klimatyzacja-ul-blizanowicka-ID4A0BZ
2026-02-07 21:09,"2 pokoje 37,3 m² + balkon | Awipolis, Oporów",3315,https://www.otodom.pl/pl/oferta/2-pokoje-37-3-m-balkon-awipolis-oporow-ID4A0C1
2026-02-07 21:09,2 oddzielne pokoje/ balkon/ Ferio Gaj,2400,https://www.otodom.pl/pl/oferta/2-oddzielne-pokoje-balkon-ferio-gaj-ID4zS3M
2026-02-07 21:10,"3 pokojowe, Powstańców Śląskich, parking pod blokiem",2950,https://www.otodom.pl/pl/oferta/3-pokojowe-powstancow-slaskich-parking-pod-blokiem-ID4z6vH
2026-02-07 21:10,Klimatyzowane mieszkanie 2 pok. z osobą kuchnią - Kamieńskiego Wrocław,3200,https://www.otodom.pl/pl/oferta/klimatyzowane-mieszkanie-2-pok-z-osoba-kuchnia-kamienskiego-wroclaw-ID4A0Bk
2026-02-07 21:10,"Zatorska, 2 pokoje, kuchnia, duży taras, parking",2600,https://www.otodom.pl/pl/oferta/zatorska-2-pokoje-kuchnia-duzy-taras-parking-ID4bHs8
2026-02-07 21:10,Nowoczesne 2-pokojowe mieszkanie z tarasem,3300,https://www.otodom.pl/pl/oferta/nowoczesne-2-pokojowe-mieszkanie-z-tarasem-ID4xR8g
2026-02-07 21:10,"Mieszkanie, 22 m², Wrocław",2300,https://www.otodom.pl/pl/oferta/mieszkanie-22-m-wroclaw-ID4A0AS
2026-02-07 21:10,"Mieszkanie przy Dworcu Głównym, osobna kuchnia",2500,https://www.otodom.pl/pl/oferta/mieszkanie-przy-dworcu-glownym-osobna-kuchnia-ID4hFmK
2026-02-07 21:11,OVO komfortowy apartament do wynajęcia,2700,https://www.otodom.pl/pl/oferta/ovo-komfortowy-apartament-do-wynajecia-ID4zn43
2026-02-07 21:11,2 pokoje | Pierwszy najem |Pet-friendly | Nowe budownictwo 2025,2700,https://www.otodom.pl/pl/oferta/2-pokoje-pierwszy-najem-pet-friendly-nowe-budownictwo-2025-ID4A0Ak
2026-02-07 21:11,"Bezpośrednio apartament 2 pok. z klimatyzacją, PixelHouse",3000,https://www.otodom.pl/pl/oferta/bezposrednio-apartament-2-pok-z-klimatyzacja-pixelhouse-ID3ZgTy
2026-02-07 21:11,Kawalerka przy Skytower z widokiem na miasto,1800,https://www.otodom.pl/pl/oferta/kawalerka-przy-skytower-z-widokiem-na-miasto-ID4yJHb
2026-02-07 21:11,"Przytulne mieszkanie w nowym budynku, wysoki standard",1800,https://www.otodom.pl/pl/oferta/przytulne-mieszkanie-w-nowym-budynku-wysoki-standard-ID4z4xU
2026-02-07 21:11,W pełni wyposażone 2 pokoje z garderobą,2600,https://www.otodom.pl/pl/oferta/w-pelni-wyposazone-2-pokoje-z-garderoba-ID4zRGn
2026-02-07 21:12,APARTAMENT  W  CENTRUM NAD ORDĄ- 2 pokoje + Miejsce parkingowe w cenie,3300,https://www.otodom.pl/pl/oferta/apartament-w-centrum-nad-orda-2-pokoje-miejsce-parkingowe-w-cenie-ID4A0y6
2026-02-07 21:12,2-pokoje - Białowieska 45A/10A - bez prowizji,2739,https://www.otodom.pl/pl/oferta/2-pokoje-bialowieska-45a-10a-bez-prowizji-ID4zZND
2026-02-07 21:12,"Wynajmę bezpośrednio od zaraz, 2 pok., taras, ogródek, garaż, komórka",3150,https://www.otodom.pl/pl/oferta/wynajme-bezposrednio-od-zaraz-2-pok-taras-ogrodek-garaz-komorka-ID4zS1W
2026-02-07 21:12,Przytulne rozkładowe ogrzewanie miejskie blisko Skarbowców,3900,https://www.otodom.pl/pl/oferta/przytulne-rozkladowe-ogrzewanie-miejskie-blisko-skarbowcow-ID4zEG2
2026-02-07 21:12,Brak tytułu,0,https://www.otodom.pl/pl/oferta/braniborska-58-mieszkania-na-wynajem-ID4rJZf
2026-02-07 21:12,"WROCŁAW CENTRUM, OVO, PODWALE, 2 ROOMS, Rent PLN 3,000, fees PLN 1,200",3000,https://www.otodom.pl/pl/oferta/wroclaw-centrum-ovo-podwale-2-rooms-rent-pln-3-000-fees-pln-1-200-ID4zByC
2026-02-07 21:12,OŁTASZYN – Wygodne mieszkanie,2700,https://www.otodom.pl/pl/oferta/oltaszyn-wygodne-mieszkanie-ID4zOcD
2026-02-07 21:13,2 Pok. 41m2|Magnolia |Popowice |Fabryczna |Wrocław,2500,https://www.otodom.pl/pl/oferta/2-pok-41m2-magnolia-popowice-fabryczna-wroclaw-ID4zUhe
2026-02-07 21:13,"Piękne,wysoki standardard,2 pok,aneks,balkon,winda",2800,https://www.otodom.pl/pl/oferta/piekne-wysoki-standardard-2-pok-aneks-balkon-winda-ID4zPql
2026-02-07 21:13,Piękne M3 - blisko autobus i tramwaj - ul. Krzycka,3200,https://www.otodom.pl/pl/oferta/piekne-m3-blisko-autobus-i-tramwaj-ul-krzycka-ID4A0u1
2026-02-07 21:13,Rymarska 2 pokoje/piwnica/garaż,2800,https://www.otodom.pl/pl/oferta/rymarska-2-pokoje-piwnica-garaz-ID4A0tD
2026-02-07 21:13,"Park Kleciński - 2 pokoje, garaż, klimatyzacja, wysoki standard",3000,https://www.otodom.pl/pl/oferta/park-klecinski-2-pokoje-garaz-klimatyzacja-wysoki-standard-ID4A0t7
2026-02-07 21:13,Komfortowa kawalerka po remoncie blisko centrum,2150,https://www.otodom.pl/hpr/pl/oferta/komfortowa-kawalerka-po-remoncie-blisko-centrum-ID4A0DN
2026-02-07 21:13,Do wynajęcia dwupokojowe mieszkanie przy ul. Partynickiej,2500,https://www.otodom.pl/pl/oferta/do-wynajecia-dwupokojowe-mieszkanie-przy-ul-partynickiej-ID4A0sh
2026-02-07 21:14,Bez prowizji | Dmowskiego | 2 pokoje | parking,2900,https://www.otodom.pl/pl/oferta/bez-prowizji-dmowskiego-2-pokoje-parking-ID4zndz
2026-02-07 21:14,3 pokoje | Sikorskiego | parking | klimatyzacja,3999,https://www.otodom.pl/pl/oferta/3-pokoje-sikorskiego-parking-klimatyzacja-ID4u8if
2026-02-07 21:14,"2 pokoje, balkon, garaż, komórka, ul. Wańkowicza, blisko AOW, Factoria",2900,https://www.otodom.pl/pl/oferta/2-pokoje-balkon-garaz-komorka-ul-wankowicza-blisko-aow-factoria-ID4A0hy
2026-02-07 21:14,"Dwupoziomowe mieszkanie blisko CH Korona bez pośredników, niska kaucja",3950,https://www.otodom.pl/pl/oferta/dwupoziomowe-mieszkanie-blisko-ch-korona-bez-posrednikow-niska-kaucja-ID4A0rB
2026-02-07 21:14,Brak tytułu,0,https://www.otodom.pl/pl/oferta/port-popowice-mieszkania-na-wynajem-ID4j3rb
2026-02-07 21:14,Kawalerka świeżo po remoncie | Nadodrze | Rynek,2250,https://www.otodom.pl/pl/oferta/kawalerka-swiezo-po-remoncie-nadodrze-rynek-ID4zWHI
2026-02-07 21:15,2pok | Pierwszy najem | Internet w cenie | Parking,3000,https://www.otodom.pl/pl/oferta/2pok-pierwszy-najem-internet-w-cenie-parking-ID4A0rb
2026-02-07 21:15,Ekskluzywne 3 pokojowe | 74 m² | Krzyki–Partynice |,5700,https://www.otodom.pl/pl/oferta/ekskluzywne-3-pokojowe-74-m-krzykipartynice-ID4A0qj
2026-02-07 21:15,2-pokojowe | Balkon |Olimpia Port | Siłownia |Pet-friendly,2800,https://www.otodom.pl/pl/oferta/2-pokojowe-balkon-olimpia-port-silownia-pet-friendly-ID4zUnz
2026-02-07 21:15,Mieszkanie 50m2 Olimpia Port - Swojczyce,3000,https://www.otodom.pl/pl/oferta/mieszkanie-50m2-olimpia-port-swojczyce-ID3o8rS
2026-02-07 21:15,Świetna lokalizacja | funkcjonalny układ | klimatyzacja – Pets frie...,2800,https://www.otodom.pl/pl/oferta/swietna-lokalizacja-funkcjonalny-uklad-klimatyzacja-pets-frie-ID4A0pL
2026-02-07 21:16,Ulica Magellana ! Pełen Rozkład ! Super Wyposażone Umeblowane Okazja !,2800,https://www.otodom.pl/pl/oferta/ulica-magellana-pelen-rozklad-super-wyposazone-umeblowane-okazja-ID4zUh4
2026-02-07 21:16,Luksusowy apartament z ogromnym tarasem przy Rynku,13100,https://www.otodom.pl/pl/oferta/luksusowy-apartament-z-ogromnym-tarasem-przy-rynku-ID4yB1F
2026-02-07 21:16,od zaraz | Olimpia Port | Ostatnie piętro | Klima | Garaż | 0%,3290,https://www.otodom.pl/pl/oferta/od-zaraz-olimpia-port-ostatnie-pietro-klima-garaz-0-ID4zV4X
2026-02-07 21:16,"Mieszkanie 2-pokojowe, Legnicka Residence, Siłownia",2999,https://www.otodom.pl/pl/oferta/mieszkanie-2-pokojowe-legnicka-residence-silownia-ID4zUly
2026-02-07 21:16,3 pokoje | Zakładowa Promenady Wrocławskie | bezpośrednio,3600,https://www.otodom.pl/pl/oferta/3-pokoje-zakladowa-promenady-wroclawskie-bezposrednio-ID4A0oW
2026-02-07 21:17,Legnicka 33 - wygodna kawalerka dla Singla,2200,https://www.otodom.pl/pl/oferta/legnicka-33-wygodna-kawalerka-dla-singla-ID4zVbt
2026-02-07 21:17,PL | UA | RU | Komfortowe 2 pokoje z balkonem i klimatyzacją | Pets OK,2800,https://www.otodom.pl/pl/oferta/pl-ua-ru-komfortowe-2-pokoje-z-balkonem-i-klimatyzacja-pets-ok-ID4A0o6
2026-02-07 21:17,LOKUM DI TREVI - MIĘDZYLESKA - KOMFORTOWE Z BALKONEM,2700,https://www.otodom.pl/pl/oferta/lokum-di-trevi-miedzyleska-komfortowe-z-balkonem-ID4zIaR
2026-02-07 21:17,dwupoziomowe | klima | garaż | 96 m2 | Rezydencja Bartoszowice,5000,https://www.otodom.pl/pl/oferta/dwupoziomowe-klima-garaz-96-m2-rezydencja-bartoszowice-ID4zNS1
2026-02-07 21:17,Karłowice - 3 pokojowe mieszkanie do wynajęcia,3500,https://www.otodom.pl/pl/oferta/karlowice-3-pokojowe-mieszkanie-do-wynajecia-ID4zMUZ
2026-02-07 21:17,Kawalerka 32 m² | Balkon | Klimatyzacja | Pierwszy najem,2800,https://www.otodom.pl/pl/oferta/kawalerka-32-m-balkon-klimatyzacja-pierwszy-najem-ID4zFJa
2026-02-07 21:18,Brak tytułu,0,https://www.otodom.pl/pl/oferta/nowe-mieszkania-na-wynajem-w-centrum-wroclawia-sprawdz-nasza-oferte-ID4yvKA
2026-02-07 21:18,"Kzryki, Gaj, Ul. Żegiestowska, 2-Pok.,39m2,Ip.",2950,https://www.otodom.pl/pl/oferta/kzryki-gaj-ul-zegiestowska-2-pok-39m2-ip-ID4zKKV
2026-02-07 21:18,STABŁOWICE - MIESZKANIE 2 pokoje z ogródkiem,2900,https://www.otodom.pl/pl/oferta/stablowice-mieszkanie-2-pokoje-z-ogrodkiem-ID4cTJv
2026-02-07 21:18,Studio premium z aneksem |odnowiona kamienica XIX w. | bez prowizji,2950,https://www.otodom.pl/pl/oferta/studio-premium-z-aneksem-odnowiona-kamienica-xix-w-bez-prowizji-ID4zOq4
2026-02-07 21:18,Nowoczesne 2-pokojowe mieszkanie z balkonem,2850,https://www.otodom.pl/pl/oferta/nowoczesne-2-pokojowe-mieszkanie-z-balkonem-ID49Cvk
2026-02-07 21:19,2-pokoje Apartamentowiec 45m2 8min od rynku ul. Dmowskiego,2900,https://www.otodom.pl/pl/oferta/2-pokoje-apartamentowiec-45m2-8min-od-rynku-ul-dmowskiego-ID4w2QY
2026-02-07 21:19,Wynajmę Kawalerkę na ul. Hłaski,2100,https://www.otodom.pl/pl/oferta/wynajme-kawalerke-na-ul-hlaski-ID4lord
2026-02-07 21:19,"2-pokojowe mieszkanie, Ołbin, Jaracza.Bez prowizji",2300,https://www.otodom.pl/pl/oferta/2-pokojowe-mieszkanie-olbin-jaracza-bez-prowizji-ID4ba6Z
2026-02-07 21:19,"Piękne mieszkanie 60 m, 3 pok. ""Akacjowy Zakątek""",3650,https://www.otodom.pl/pl/oferta/piekne-mieszkanie-60-m-3-pok-akacjowy-zakatek-ID44Rx7
2026-02-07 21:19,2 pok. Olimpia Port,3000,https://www.otodom.pl/pl/oferta/2-pok-olimpia-port-ID4uJMB
2026-02-07 21:19,Do wynajęcia dwupokojowe mieszkanie przy ul. Partynickiej,2500,https://www.otodom.pl/hpr/pl/oferta/do-wynajecia-dwupokojowe-mieszkanie-przy-ul-partynickiej-ID4A0sh
2026-02-07 21:20,2 pok. Olimpia Port,3000,https://www.otodom.pl/pl/oferta/2-pok-olimpia-port-ID4uJMB
2026-02-07 21:20,Brak tytułu,0,https://www.otodom.pl/pl/oferta/nowe-mieszkania-na-wynajem-w-centrum-wroclawia-sprawdz-nasza-oferte-ID4yvKA
2026-02-07 21:20,Kawalerka z oddzielną kuchnią i balkonem | Okolice PKP | BEZ PROWIZJI,2370,https://www.otodom.pl/pl/oferta/kawalerka-z-oddzielna-kuchnia-i-balkonem-okolice-pkp-bez-prowizji-ID4zVM3
2026-02-07 21:20,Dwupoziomowe mieszkanie | 4 pokoje | 2 tarasy | Centrum | Bezpośrednio,4680,https://www.otodom.pl/pl/oferta/dwupoziomowe-mieszkanie-4-pokoje-2-tarasy-centrum-bezposrednio-ID4zVNa
2026-02-07 21:21,Dwupoziomowe | 3 pok z balkonem | okolice PKP | bezpośrednio,3400,https://www.otodom.pl/pl/oferta/dwupoziomowe-3-pok-z-balkonem-okolice-pkp-bezposrednio-ID4zNXL
2026-02-07 21:21,Okazja. Dwupokojowe ul. Traugutta 50 m2 Czynsz w cenie wynajmu,3200,https://www.otodom.pl/pl/oferta/okazja-dwupokojowe-ul-traugutta-50-m2-czynsz-w-cenie-wynajmu-ID35gSc
2026-02-07 21:21,Nowoczesny apartament w centrum !,9900,https://www.otodom.pl/pl/oferta/nowoczesny-apartament-w-centrum-ID4xWgI
2026-02-07 21:21,"TĘCZOWA, 2 pokoje + osobna kuchnia, 45 m2, garaż, dostępne od zaraz",3250,https://www.otodom.pl/pl/oferta/teczowa-2-pokoje-osobna-kuchnia-45-m2-garaz-dostepne-od-zaraz-ID4zW42
2026-02-07 21:21,Mieszkanie 2-pokojowe z tarasem w Sercu Miasta,3200,https://www.otodom.pl/pl/oferta/mieszkanie-2-pokojowe-z-tarasem-w-sercu-miasta-ID4zp48
2026-02-07 21:21,7 piętro ! Legnicka 33 | klima | SmartTV49' | balkon | od marca,2890,https://www.otodom.pl/pl/oferta/7-pietro-legnicka-33-klima-smarttv49-balkon-od-marca-ID4zKxa
2026-02-07 21:22,Przytulne 2 pokojowe mieszkanie,1900,https://www.otodom.pl/pl/oferta/przytulne-2-pokojowe-mieszkanie-ID4zUxo
2026-02-07 21:22,"BEZ PROWIZJI Komfortowe, z tarasem (79.98m2) i komórką lokatorską",2600,https://www.otodom.pl/pl/oferta/bez-prowizji-komfortowe-z-tarasem-79-98m2-i-komorka-lokatorska-ID4zecl
2026-02-07 21:22,2- Pokoje/ Rozkład/Balkon,2500,https://www.otodom.pl/pl/oferta/2-pokoje-rozklad-balkon-ID4yPCx
2026-02-07 21:22,4-pokojowy  Apartament obok Ogrodu Botanicznego,6000,https://www.otodom.pl/pl/oferta/4-pokojowy-apartament-obok-ogrodu-botanicznego-ID4zdMt
2026-02-07 21:22,Mieszkanie 2-pokojowe + garaż i komórka w cenie,2500,https://www.otodom.pl/pl/oferta/mieszkanie-2-pokojowe-garaz-i-komorka-w-cenie-ID4zdEX
2026-02-07 21:23,"Сдам! 2 pok mieszkanie Krzyki , Wrocław",2600,https://www.otodom.pl/pl/oferta/2-pok-mieszkanie-krzyki-wroclaw-ID4zUb9
2026-02-07 21:23,Stylowe mieszkanie 1-pokojowe w Starym Mieście,1790,https://www.otodom.pl/pl/oferta/stylowe-mieszkanie-1-pokojowe-w-starym-miescie-ID4A0jD
2026-02-07 21:23,Rynek - ul. Ruska - 2-pokojowe z balkonem,2500,https://www.otodom.pl/pl/oferta/rynek-ul-ruska-2-pokojowe-z-balkonem-ID4A0ji
2026-02-07 21:23,3 pokoje/osobna kuchnia/64m2/balkon/ul. Sienkiewicza,3000,https://www.otodom.pl/pl/oferta/3-pokoje-osobna-kuchnia-64m2-balkon-ul-sienkiewicza-ID4zTIu
2026-02-07 21:23,Odświeżone/2 pokoje/osobna kuchnia/40m2/ ul. Świeradowska/Gaj,2400,https://www.otodom.pl/pl/oferta/odswiezone-2-pokoje-osobna-kuchnia-40m2-ul-swieradowska-gaj-ID4zfaD
2026-02-07 21:24,Kawalerka na Brochowie os. Parkowe,2300,https://www.otodom.pl/pl/oferta/kawalerka-na-brochowie-os-parkowe-ID4A0iY
2026-02-07 21:24,Apartament 3p. Jesionowa Innova 17piętro garderoba,4800,https://www.otodom.pl/pl/oferta/apartament-3p-jesionowa-innova-17pietro-garderoba-ID44olh
2026-02-07 21:24,"Mieszkanie, 39 m², Wrocław",2800,https://www.otodom.pl/pl/oferta/mieszkanie-39-m-wroclaw-ID4A0hg
2026-02-07 21:24,"Stylowe 60m2 przy Rynku, balkon, 2 pokoje i kuchnia, wolne od zaraz",3200,https://www.otodom.pl/pl/oferta/stylowe-60m2-przy-rynku-balkon-2-pokoje-i-kuchnia-wolne-od-zaraz-ID4z6Qk
2026-02-07 21:24,"śliczne, komfortowe - Magnolia Park - bezpośrednio",2200,https://www.otodom.pl/pl/oferta/sliczne-komfortowe-magnolia-park-bezposrednio-ID45vEc
2026-02-07 21:25,"Angel-2 pok,balkon, klimatyzacja, komórka lok-1.03",3300,https://www.otodom.pl/pl/oferta/angel-2-pok-balkon-klimatyzacja-komorka-lok-1-03-ID4A0fy
2026-02-07 21:25,Wrocław Stare-Miasto 2 pokojowe tuż przy Rynku,3100,https://www.otodom.pl/pl/oferta/wroclaw-stare-miasto-2-pokojowe-tuz-przy-rynku-ID4jlRn
2026-02-07 21:25,"Mieszkanie 2 pokojowe (50m2), wynajem, blisko Centrum",3400,https://www.otodom.pl/pl/oferta/mieszkanie-2-pokojowe-50m2-wynajem-blisko-centrum-ID4ucfW
2026-02-07 21:25,2 pokoje/35m2/Wysoki standard/Nowe budownictwo,2399,https://www.otodom.pl/pl/oferta/2-pokoje-35m2-wysoki-standard-nowe-budownictwo-ID4A0f3
2026-02-07 21:25,Kawalerka bezp. od Właściciela 1800zl Nadodrz,2450,https://www.otodom.pl/pl/oferta/kawalerka-bezp-od-wlasciciela-1800zl-nadodrz-ID48zRl
2026-02-07 21:26,"Mieszkanie 70m2, 3 pokoje,  Poświętne-Kamieńskiego, winda, opcja garaż",3800,https://www.otodom.pl/pl/oferta/mieszkanie-70m2-3-pokoje-poswietne-kamienskiego-winda-opcja-garaz-ID4zRiD
2026-02-07 21:26,"3 pokoje po remoncie | Centrum Wrocławia | ul. Gwarna | 58,6 m²",4000,https://www.otodom.pl/pl/oferta/3-pokoje-po-remoncie-centrum-wroclawia-ul-gwarna-58-6-m-ID4A0cD
2026-02-07 21:26,"Mieszkanie dla seniorów (1 lub 2 osoby), wynajem długoterminowy",2900,https://www.otodom.pl/pl/oferta/mieszkanie-dla-seniorow-1-lub-2-osoby-wynajem-dlugoterminowy-ID4A0c5
2026-02-07 21:26,Angel City | 2 MP | Siłownia | Spa | Przy rzece,3999,https://www.otodom.pl/pl/oferta/angel-city-2-mp-silownia-spa-przy-rzece-ID4A0c4
2026-02-07 21:26,2 pok. Olimpia Port,3000,https://www.otodom.pl/hpr/pl/oferta/2-pok-olimpia-port-ID4uJMB
2026-02-07 21:27,Mieszkanie na wynajem | 3 -pokoje | ul. Hubska,3150,https://www.otodom.pl/pl/oferta/mieszkanie-na-wynajem-3-pokoje-ul-hubska-ID4A0bQ
2026-02-07 21:27,Do wynajęcia mieszkanie 2-pokojowe – Krzyki,2500,https://www.otodom.pl/pl/oferta/do-wynajecia-mieszkanie-2-pokojowe-krzyki-ID4A09L
2026-02-07 21:27,2 pokoje z aneksem/40m2/balkon/ciepłe/blisko do centrum/ul. Spiżowa,2400,https://www.otodom.pl/pl/oferta/2-pokoje-z-aneksem-40m2-balkon-cieple-blisko-do-centrum-ul-spizowa-ID4zh0M
2026-02-07 21:27,2 Pokoje na Przedmieściu Oławskim | Osobny Garaż,2800,https://www.otodom.pl/pl/oferta/2-pokoje-na-przedmiesciu-olawskim-osobny-garaz-ID4zPVd
2026-02-07 21:28,Cicha i przytulna Kawalerka Nowe Osiedle,2000,https://www.otodom.pl/pl/oferta/cicha-i-przytulna-kawalerka-nowe-osiedle-ID4mVqp
2026-02-07 21:28,"Do wynajęcia jasna kawalerka na Jagodnie, ul. Drabika",2099,https://www.otodom.pl/pl/oferta/do-wynajecia-jasna-kawalerka-na-jagodnie-ul-drabika-ID4zz2l
2026-02-07 21:28,"Nowe 2-pokojowe mieszkanie 45 m² — Wrocław, Popowice",3300,https://www.otodom.pl/pl/oferta/nowe-2-pokojowe-mieszkanie-45-m-wroclaw-popowice-ID4zz1H
2026-02-07 21:28,Ołtaszyn- przestronne mieszkanie do wynajęcia,3500,https://www.otodom.pl/pl/oferta/oltaszyn-przestronne-mieszkanie-do-wynajecia-ID4dkAk
2026-02-07 21:28,Nowoczesny Apartament 3-pok. KRZYKI ul. Przyjaźni od 1 Marca 2026,7900,https://www.otodom.pl/pl/oferta/nowoczesny-apartament-3-pok-krzyki-ul-przyjazni-od-1-marca-2026-ID4zNsq
2026-02-07 21:29,Konfortowe 2-pokojowe mieszkanie do wynajęcia,3820,https://www.otodom.pl/pl/oferta/konfortowe-2-pokojowe-mieszkanie-do-wynajecia-ID4A06O
2026-02-07 21:29,Przestronne 3 pok.70 m² |Antresola |Garaż w cenie!,3250,https://www.otodom.pl/pl/oferta/przestronne-3-pok-70-m-antresola-garaz-w-cenie-ID4A06P
2026-02-07 21:29,nowy apartament os. Małe Wilczyce Wrocław,5500,https://www.otodom.pl/pl/oferta/nowy-apartament-os-male-wilczyce-wroclaw-ID4k1Rn
2026-02-07 21:29,2 Pokoje/Planty Racławickie/wysoki standard,2900,https://www.otodom.pl/pl/oferta/2-pokoje-planty-raclawickie-wysoki-standard-ID4A05F
2026-02-07 21:29,3-POKOJOWY KLIMATYZOWANY APARTAMENT W PRESTIŻOWEJ INWESTYCJI QUORUM,4300,https://www.otodom.pl/pl/oferta/3-pokojowy-klimatyzowany-apartament-w-prestizowej-inwestycji-quorum-ID4A05y
2026-02-07 21:30,Nowoczesne studio na Pilczycach,2200,https://www.otodom.pl/pl/oferta/nowoczesne-studio-na-pilczycach-ID4A059
2026-02-07 21:30,Exclusive Apartment in Villa,22000,https://www.otodom.pl/pl/oferta/exclusive-apartment-in-villa-ID4vBvY
2026-02-07 21:30,2-pokoje - Białowieska 116/32A - bez prowizji,2857,https://www.otodom.pl/pl/oferta/2-pokoje-bialowieska-116-32a-bez-prowizji-ID4A053
2026-02-07 21:30,Mieszkanie Z Antresolą - Strachowice - Lotnisko,2200,https://www.otodom.pl/pl/oferta/mieszkanie-z-antresola-strachowice-lotnisko-ID4yvvE
2026-02-07 21:30,Mieszkanie 2-pok I Centrum I  ul. Braniborska,2900,https://www.otodom.pl/pl/oferta/mieszkanie-2-pok-i-centrum-i-ul-braniborska-ID4zCN6
2026-02-07 21:30,"Nowowiejska, bezpośrednio, ogrzew. miejskie, od zaraz, osobna kuchnia",2100,https://www.otodom.pl/pl/oferta/nowowiejska-bezposrednio-ogrzew-miejskie-od-zaraz-osobna-kuchnia-ID4n3Ll
2026-02-07 21:31,2-pokoje - A. Kopycińskiego 9/7A - bez prowizji,2780,https://www.otodom.pl/pl/oferta/2-pokoje-a-kopycinskiego-9-7a-bez-prowizji-ID4A04o
2026-02-07 21:31,Przestronne 3 pok| PetsFriendly | Bez prowizji | Promenady Wrocławskie,3290,https://www.otodom.pl/pl/oferta/przestronne-3-pok-petsfriendly-bez-prowizji-promenady-wroclawskie-ID4zV7r
2026-02-07 21:31,Kawalerka w Centrum 5 minut do Rynku !! BEZ PROWIZJI !! ul. Dobra,2400,https://www.otodom.pl/pl/oferta/kawalerka-w-centrum-5-minut-do-rynku-bez-prowizji-ul-dobra-ID4zZZ1
2026-02-07 21:31,2 pokoje | PetsFriendly | Balkon | Przy Odrze | Kleczków | Od zaraz!,2690,https://www.otodom.pl/pl/oferta/2-pokoje-petsfriendly-balkon-przy-odrze-kleczkow-od-zaraz-ID4zZZY
2026-02-07 21:31,2 pokoje - balkon/klima/internet/garaż -ZWYCIĘSKA 3- BEZ PROWIZJI!,2900,https://www.otodom.pl/pl/oferta/2-pokoje-balkon-klima-internet-garaz-zwycieska-3-bez-prowizji-ID4zSui
2026-02-07 21:31,Mieszkanie dwupokojowe - klima/balkon/garaż - Zwycięska 3 BEZ PROWIZJI,2900,https://www.otodom.pl/pl/oferta/mieszkanie-dwupokojowe-klima-balkon-garaz-zwycieska-3-bez-prowizji-ID4zT8L
2026-02-07 21:32,Studio obok Galerii Dominikańskiej - budynek OVO,2250,https://www.otodom.pl/pl/oferta/studio-obok-galerii-dominikanskiej-budynek-ovo-ID4zTfo
2026-02-07 21:32,MAGNOLIA - ul. Legnicka 60c - kawalerka 16 m2,2120,https://www.otodom.pl/pl/oferta/magnolia-ul-legnicka-60c-kawalerka-16-m2-ID4zVUM
2026-02-07 21:32,Magnolia - kawalerka - PETS FRIENDLY,2280,https://www.otodom.pl/pl/oferta/magnolia-kawalerka-pets-friendly-ID4zVVd
2026-02-07 21:32,BLISKO CENTRUM! Nowoczesne 2-pokojowe mieszkanie - ul. Na Grobli,2900,https://www.otodom.pl/pl/oferta/blisko-centrum-nowoczesne-2-pokojowe-mieszkanie-ul-na-grobli-ID4zY9h
2026-02-07 21:32,BLISKO CENTRUM - kawalerka przy ul. Na Grobli,2175,https://www.otodom.pl/pl/oferta/blisko-centrum-kawalerka-przy-ul-na-grobli-ID4zY9z
2026-02-07 21:32,2 pokoje - balkon/klima/internet/garaż -ZWYCIĘSKA 3- BEZ PROWIZJI!,3100,https://www.otodom.pl/pl/oferta/2-pokoje-balkon-klima-internet-garaz-zwycieska-3-bez-prowizji-ID4zYxF
2026-02-07 21:33,Apartament 3-pokojowy na Kępie Mieszczańskiej| PetFriendly| od 16.02,4000,https://www.otodom.pl/pl/oferta/apartament-3-pokojowy-na-kepie-mieszczanskiej-petfriendly-od-16-02-ID4zOqv
2026-02-07 21:33,"Do wynajęcia | 58 m² | 3 pok. | Ołtaszyn, ul. Łubinowa | klimatyzacja",3500,https://www.otodom.pl/pl/oferta/do-wynajecia-58-m-3-pok-oltaszyn-ul-lubinowa-klimatyzacja-ID4zZYn
2026-02-07 21:33,Nowoczesne 3-pokojowe mieszkanie | 52 m²,4200,https://www.otodom.pl/pl/oferta/nowoczesne-3-pokojowe-mieszkanie-52-m-ID4vcw5
2026-02-07 21:33,Mieszkanie na wynajem | 3 -pokoje | ul. Hubska,3150,https://www.otodom.pl/hpr/pl/oferta/mieszkanie-na-wynajem-3-pokoje-ul-hubska-ID4A0bQ
2026-02-07 21:33,Bilard & taras✩Centrum✩Drugi najem✩ENG,3099,https://www.otodom.pl/pl/oferta/bilard-tarascentrumdrugi-najemeng-ID4zZXo
2026-02-07 21:33,"3-pok. mieszkanie po g.remoncie – Wrocław, Księże Małe, ul. Katowicka",2600,https://www.otodom.pl/pl/oferta/3-pok-mieszkanie-po-g-remoncie-wroclaw-ksieze-male-ul-katowicka-ID4zZX7
2026-02-07 21:34,"Ciche przy Legnickiej osobna kuchnia 2 pokojowe, obok CH Magnolia",2800,https://www.otodom.pl/pl/oferta/ciche-przy-legnickiej-osobna-kuchnia-2-pokojowe-obok-ch-magnolia-ID4zNzp
2026-02-07 21:34,"Hłaski - cicha okolica, balkon",2200,https://www.otodom.pl/pl/oferta/hlaski-cicha-okolica-balkon-ID4zZX4
2026-02-07 21:34,"~ Studio wysoki standard w top lokalizacji – WiFi, Ochrona, Komfort!",2000,https://www.otodom.pl/pl/oferta/studio-wysoki-standard-w-top-lokalizacji-wifi-ochrona-komfort-ID4zS21
2026-02-07 21:34,No commission | 1-bedroom with dressing room,3500,https://www.otodom.pl/pl/oferta/no-commission-1-bedroom-with-dressing-room-ID4yLEO
2026-02-07 21:34,Komfortowe 3-pokoje z balkonem! | Szczepin,3580,https://www.otodom.pl/pl/oferta/komfortowe-3-pokoje-z-balkonem-szczepin-ID4yLFR
2026-02-07 21:35,kawalera z osobną kuchnią,3000,https://www.otodom.pl/pl/oferta/kawalera-z-osobna-kuchnia-ID4zZVK
2026-02-07 21:35,34m2 | apartam| balkon | niski czynsz | klima,2400,https://www.otodom.pl/pl/oferta/34m2-apartam-balkon-niski-czynsz-klima-ID4zZV7
2026-02-07 21:35,Ulica Magellana ! Pełen Rozkład ! Super Wyposażone Umeblowane Okazja !,2800,https://www.otodom.pl/pl/oferta/ulica-magellana-pelen-rozklad-super-wyposazone-umeblowane-okazja-ID4zZWF
2026-02-07 21:35,"Apartament w ścisłym CENTRUM miasta, PIERWSZY NAJEM, ul. Krawiecka",2300,https://www.otodom.pl/pl/oferta/apartament-w-scislym-centrum-miasta-pierwszy-najem-ul-krawiecka-ID4zZTu
2026-02-07 21:35,"Pachnące nowością 2 pokoje z balkonem, ciche",2400,https://www.otodom.pl/pl/oferta/pachnace-nowoscia-2-pokoje-z-balkonem-ciche-ID4zZW9
2026-02-07 21:35,"3 pokoje+ antresola, oddzielna kuchnia, Ołtaszyn",3300,https://www.otodom.pl/pl/oferta/3-pokoje-antresola-oddzielna-kuchnia-oltaszyn-ID4mwEl
2026-02-07 21:36,Wygodne 2 pokoje i oddzielna kuchnia.,2200,https://www.otodom.pl/pl/oferta/wygodne-2-pokoje-i-oddzielna-kuchnia-ID4p7yp
2026-02-07 21:36,"Wygodna kawalerka, ul. Sołtysowicka/Koszarowa",1800,https://www.otodom.pl/pl/oferta/wygodna-kawalerka-ul-soltysowicka-koszarowa-ID4rOyV
2026-02-07 21:36,✅4pok✅2xParking✅Balkon✅Cisza✅Spokój✅2łazienki✅,5600,https://www.otodom.pl/pl/oferta/4pok2xparkingbalkonciszaspokoj2lazienki-ID4zZSZ
2026-02-07 21:36,Komfortowe 3 pokoje z balkonem i klimatyzacją,3200,https://www.otodom.pl/pl/oferta/komfortowe-3-pokoje-z-balkonem-i-klimatyzacja-ID4zxof
2026-02-07 21:36,Przy Odrze • Taras 20 m² • ul. Zakładowa • 57 m²,3000,https://www.otodom.pl/pl/oferta/przy-odrze-taras-20-m-ul-zakladowa-57-m-ID4zPEV
2026-02-07 21:36,"Popowice,  2 pokoje z osobną kuchnią i balkonem",2500,https://www.otodom.pl/pl/oferta/popowice-2-pokoje-z-osobna-kuchnia-i-balkonem-ID4zPFp
2026-02-07 21:37,Semaforowa - 2 pokoje z balkonem i m. postojowym,2500,https://www.otodom.pl/pl/oferta/semaforowa-2-pokoje-z-balkonem-i-m-postojowym-ID4zSrZ
2026-02-07 21:37,3 pok I klimatyzacja I piwnica I balkony I ul. Przyjaźni I krzyki,3400,https://www.otodom.pl/pl/oferta/3-pok-i-klimatyzacja-i-piwnica-i-balkony-i-ul-przyjazni-i-krzyki-ID4zGRv
2026-02-07 21:37,Krzyki ul.Boczna - rozkładowe 2 pokoje z balkonem,2800,https://www.otodom.pl/pl/oferta/krzyki-ul-boczna-rozkladowe-2-pokoje-z-balkonem-ID4zVcA
2026-02-07 21:37,Ołbin Św. Wincentego - 2 pokoje w Kamienicy,2500,https://www.otodom.pl/pl/oferta/olbin-sw-wincentego-2-pokoje-w-kamienicy-ID4zXEL
2026-02-07 21:37,Jagodno - 2 pokoje z oddzielna kuchnią i balkonem,2650,https://www.otodom.pl/pl/oferta/jagodno-2-pokoje-z-oddzielna-kuchnia-i-balkonem-ID4zZOZ
2026-02-07 21:37,"ZAKŁADOWA, 51 m2, 2 pokoje + kuchnia osobno, klimatyzacja 2x",3300,https://www.otodom.pl/pl/oferta/zakladowa-51-m2-2-pokoje-kuchnia-osobno-klimatyzacja-2x-ID4zJgS
2026-02-07 21:38,3-pokojowe - Dostępne od zaraz - Pets Friendly - Bez prowizji,3600,https://www.otodom.pl/pl/oferta/3-pokojowe-dostepne-od-zaraz-pets-friendly-bez-prowizji-ID4zZOo
2026-02-07 21:38,"Blisko Rynku, wysoki standard, 2 pokoje, garaż - Księcia Witolda",3500,https://www.otodom.pl/pl/oferta/blisko-rynku-wysoki-standard-2-pokoje-garaz-ksiecia-witolda-ID4zEu5
2026-02-07 21:38,Wyjątkowy Luksusowy 2-pokojowy apartament 55m2 w Rezydencji Piasek,4000,https://www.otodom.pl/pl/oferta/wyjatkowy-luksusowy-2-pokojowy-apartament-55m2-w-rezydencji-piasek-ID4zk7Y
2026-02-07 21:38,PL/UA Rozkładowe Mieszkanie 70 m | Pets Friendly | Garderoba | Garaż,3350,https://www.otodom.pl/pl/oferta/pl-ua-rozkladowe-mieszkanie-70-m-pets-friendly-garderoba-garaz-ID4zZNQ
2026-02-07 21:38,"Jana Pawła II, PIERWSZY NAJEM, 40 m2, 2 pokoje, klima, garaż, LOFT!",3800,https://www.otodom.pl/pl/oferta/jana-pawla-ii-pierwszy-najem-40-m2-2-pokoje-klima-garaz-loft-ID4zJgB
2026-02-07 21:39,"2 pokoje z osobną kuchnią - ul. Bajana, 50m2",2600,https://www.otodom.pl/pl/oferta/2-pokoje-z-osobna-kuchnia-ul-bajana-50m2-ID4zZL5
2026-02-07 21:39,"Olimpia Port/  Vespucciego/ 3 pokoje, balkon, garaż, zieleń",3600,https://www.otodom.pl/pl/oferta/olimpia-port-vespucciego-3-pokoje-balkon-garaz-zielen-ID4zGo7
2026-02-07 21:39,"2-pokojowe mieszkanie – Gaj, 3500 zł z opłatami",2700,https://www.otodom.pl/pl/oferta/2-pokojowe-mieszkanie-gaj-3500-zl-z-oplatami-ID4zZKH
2026-02-07 21:39,"Mieszkanie na wynajem, Wrocław, 2 pokoje",2600,https://www.otodom.pl/pl/oferta/mieszkanie-na-wynajem-wroclaw-2-pokoje-ID4zZKw
2026-02-07 21:39,"Mieszkanie na wynajem, Wrocław, 1 pokój",2400,https://www.otodom.pl/pl/oferta/mieszkanie-na-wynajem-wroclaw-1-pokoj-ID4zZKu
2026-02-07 21:40,Bilard & taras✩Centrum✩Drugi najem✩ENG,3099,https://www.otodom.pl/hpr/pl/oferta/bilard-tarascentrumdrugi-najemeng-ID4zZXo
2026-02-07 21:40,"Mieszkanie na wynajem, Wrocław, 2 pokoje",2600,https://www.otodom.pl/pl/oferta/mieszkanie-na-wynajem-wroclaw-2-pokoje-ID4zZKw
2026-02-07 21:40,"Mieszkanie na wynajem, Wrocław, 1 pokój",2400,https://www.otodom.pl/pl/oferta/mieszkanie-na-wynajem-wroclaw-1-pokoj-ID4zZKu
2026-02-07 21:40,3-pokojowe - Dostępne od zaraz - Pets Friendly - Bez prowizji,3600,https://www.otodom.pl/pl/oferta/3-pokojowe-dostepne-od-zaraz-pets-friendly-bez-prowizji-ID4zR87
2026-02-07 21:40,Nowoczesny apartament w centrum ul.Księcia Witolda,2790,https://www.otodom.pl/pl/oferta/nowoczesny-apartament-w-centrum-ul-ksiecia-witolda-ID4zRWQ
2026-02-07 21:41,"Karłowice,3pokoje+kuchnia,dwustronne,67m2,balkon,klima,2007,AGD+meble!",2900,https://www.otodom.pl/pl/oferta/karlowice-3pokoje-kuchnia-dwustronne-67m2-balkon-klima-2007-agd-meble-ID4zZIO
2026-02-07 21:41,Apartament Justin Center / 2 pokoje/ m. postojowe w garażu podziemnym,2700,https://www.otodom.pl/pl/oferta/apartament-justin-center-2-pokoje-m-postojowe-w-garazu-podziemnym-ID4zZID
2026-02-07 21:41,Jasne | Rozkładowe | Loggia | Osobna kuchnia,2799,https://www.otodom.pl/pl/oferta/jasne-rozkladowe-loggia-osobna-kuchnia-ID4zZHp
2026-02-07 21:41,Jasne |Przytulne | Otwarta przestrzeń,1999,https://www.otodom.pl/pl/oferta/jasne-przytulne-otwarta-przestrzen-ID4zZHi
2026-02-07 21:41,Kępa Mieszczańska-Garaż-Balkon,3200,https://www.otodom.pl/pl/oferta/kepa-mieszczanska-garaz-balkon-ID4zZHn
2026-02-07 21:42,Luksusowy loft w sercu Wrocławia – 3 pokoje | 65m²,5499,https://www.otodom.pl/pl/oferta/luksusowy-loft-w-sercu-wroclawia-3-pokoje-65m-ID4zZHm
2026-02-07 21:42,Dwupoziomowe | Garaż | Klimatyzacja | Duży taras,4999,https://www.otodom.pl/pl/oferta/dwupoziomowe-garaz-klimatyzacja-duzy-taras-ID4zZHk
2026-02-07 21:42,Przestronne i jasne | 3 pokoje | Plac Grunwaldzki,3490,https://www.otodom.pl/pl/oferta/przestronne-i-jasne-3-pokoje-plac-grunwaldzki-ID4zZHl
2026-02-07 21:42,Krzyki – Klecina | zadbane i funkcjonalne | balkon | internet w cenie,1900,https://www.otodom.pl/pl/oferta/krzyki-klecina-zadbane-i-funkcjonalne-balkon-internet-w-cenie-ID4zZFA
2026-02-07 21:42,Bez prowizji! 2-pokojowe mieszkanie z garderobą,3500,https://www.otodom.pl/pl/oferta/bez-prowizji-2-pokojowe-mieszkanie-z-garderoba-ID4yLF1
2026-02-07 21:43,Bez prowizji! Przestronne 3 pokoje tuż nad Odrą,3620,https://www.otodom.pl/pl/oferta/bez-prowizji-przestronne-3-pokoje-tuz-nad-odra-ID4yLD9
2026-02-07 21:43,~Minimalizm i Komfort – Przytulna Kawalerka w Centrum Wifi w cenie,2350,https://www.otodom.pl/pl/oferta/minimalizm-i-komfort-przytulna-kawalerka-w-centrum-wifi-w-cenie-ID4zLFm
2026-02-07 21:43,"Przy rynku, balkon, klimatyzacja,47,70m2",2800,https://www.otodom.pl/pl/oferta/przy-rynku-balkon-klimatyzacja-47-70m2-ID4zZF9
2026-02-07 21:43,kawalerka 18 m2 | MAGNOLIA | ul. Legnicka 60c,2280,https://www.otodom.pl/pl/oferta/kawalerka-18-m2-magnolia-ul-legnicka-60c-ID4zN0U
2026-02-07 21:43,2 Pokoje | Bez Prowizji | Pets Friendly | Grabiszyńska,2590,https://www.otodom.pl/pl/oferta/2-pokoje-bez-prowizji-pets-friendly-grabiszynska-ID4zVy8
2026-02-07 21:43,4-pokojowe mieszkanie Balkon+Piwnica-Strzegomska,4100,https://www.otodom.pl/pl/oferta/4-pokojowe-mieszkanie-balkon-piwnica-strzegomska-ID4zWiM
2026-02-07 21:43,Kawalerka | Ogród | Parking | Winda | Borowska,1950,https://www.otodom.pl/pl/oferta/kawalerka-ogrod-parking-winda-borowska-ID4zMzD
2026-02-07 21:44,Mieszkanie 3 pokojowe 70 m2 z ogrodem| Grabiszyn,4000,https://www.otodom.pl/pl/oferta/mieszkanie-3-pokojowe-70-m2-z-ogrodem-grabiszyn-ID4zZyl
2026-02-07 21:44,"Duża kawalerka – centrum miasta, tuż przy rzece",2500,https://www.otodom.pl/pl/oferta/duza-kawalerka-centrum-miasta-tuz-przy-rzece-ID4zZyk
2026-02-07 21:44,~Przestronna kawalerka premium w sercu miasta/ Cowork&Wifi included,2850,https://www.otodom.pl/pl/oferta/przestronna-kawalerka-premium-w-sercu-miasta-cowork-wifi-included-ID4zZkb
2026-02-07 21:44,"Mieszkanie, 58 m², Wrocław",3200,https://www.otodom.pl/pl/oferta/mieszkanie-58-m-wroclaw-ID4zZxL
2026-02-07 21:44,Nowoczesne trzypokojowe mieszkanie - OLIMPIA PORT!,6000,https://www.otodom.pl/pl/oferta/nowoczesne-trzypokojowe-mieszkanie-olimpia-port-ID4zZxt
2026-02-07 21:44,Nowe mieszkanie 2 pok. 45m² | Port Popowice,3100,https://www.otodom.pl/pl/oferta/nowe-mieszkanie-2-pok-45m-port-popowice-ID4zNdW
2026-02-07 21:45,Wrocław Nowy Apartament mieszkanie FV Parking,2499,https://www.otodom.pl/pl/oferta/wroclaw-nowy-apartament-mieszkanie-fv-parking-ID4rOre
2026-02-07 21:45,"Kawalerka po remoncie przy nowym dworze 1600,czynsz 100 zł,0% prowizji",1600,https://www.otodom.pl/pl/oferta/kawalerka-po-remoncie-przy-nowym-dworze-1600-czynsz-100-zl-0-prowizji-ID48cdi
2026-02-07 21:45,Mieszkanie po remoncie w pełni umeblowane Sycowska,2800,https://www.otodom.pl/pl/oferta/mieszkanie-po-remoncie-w-pelni-umeblowane-sycowska-ID4zyIB
2026-02-07 21:45,"nowoczesne 3 pokojowe mieszkanie, duży ogród, garaż",5100,https://www.otodom.pl/pl/oferta/nowoczesne-3-pokojowe-mieszkanie-duzy-ogrod-garaz-ID4zZvM
2026-02-07 21:45,2-pok | Borek | Al. Wiśniowa | od marca,2699,https://www.otodom.pl/pl/oferta/2-pok-borek-al-wisniowa-od-marca-ID4zZve
2026-02-07 21:46,"apartament Angel City, SPA i FITNESS w cenie",2500,https://www.otodom.pl/pl/oferta/apartament-angel-city-spa-i-fitness-w-cenie-ID4zDNz
2026-02-07 21:46,2 pokoje / Drzewieckiego / Garaż / Bez prowizji,2700,https://www.otodom.pl/pl/oferta/2-pokoje-drzewieckiego-garaz-bez-prowizji-ID4zDMQ
2026-02-07 21:46,2 osobne pokoje / Zagony / Nowe / Bez prowizji,2800,https://www.otodom.pl/pl/oferta/2-osobne-pokoje-zagony-nowe-bez-prowizji-ID4zDMp
2026-02-07 21:46,Prestiżowy apartament w centrum Wrocławia,4000,https://www.otodom.pl/pl/oferta/prestizowy-apartament-w-centrum-wroclawia-ID4zZrl
2026-02-07 21:46,"Mieszkanie na wynajem, Wrocław, 2 pokoje",2600,https://www.otodom.pl/hpr/pl/oferta/mieszkanie-na-wynajem-wroclaw-2-pokoje-ID4zZKw
2026-02-07 21:46,Prestiżowy apartament w centrum Wrocławia,4000,https://www.otodom.pl/pl/oferta/prestizowy-apartament-w-centrum-wroclawia-ID4zZrl
2026-02-07 21:47,Kawalerka | Pets Friendly | Bezpośrednio | Od zaraz,2200,https://www.otodom.pl/pl/oferta/kawalerka-pets-friendly-bezposrednio-od-zaraz-ID4zMRx
2026-02-07 21:47,2-pok. z balkonem | Garaż | ul. Vespucciego,2500,https://www.otodom.pl/pl/oferta/2-pok-z-balkonem-garaz-ul-vespucciego-ID4zZux
2026-02-07 21:47,Nowy apartament w Centrum Wrocławia – ATAL City Square - Pet friendly!,1999,https://www.otodom.pl/pl/oferta/nowy-apartament-w-centrum-wroclawia-atal-city-square-pet-friendly-ID4yXFd
2026-02-07 21:47,Nowy apartament w Centrum Wrocławia – ATAL City Square - Pet friendly!,1999,https://www.otodom.pl/pl/oferta/nowy-apartament-w-centrum-wroclawia-atal-city-square-pet-friendly-ID4yXHF
2026-02-07 21:47,Wrocław – Centrum / 2-pokojowe mieszkanie  - Pet friendly!,2050,https://www.otodom.pl/pl/oferta/wroclaw-centrum-2-pokojowe-mieszkanie-pet-friendly-ID4z3W3
2026-02-07 21:48,"owy apartament – ATAL City Square, ul. Madalińskiego - Pet friendly!",2399,https://www.otodom.pl/pl/oferta/owy-apartament-atal-city-square-ul-madalinskiego-pet-friendly-ID4zFQq
2026-02-07 21:48,Nowoczesne 3 pokojowe mieszkanie w centrum miasta,4500,https://www.otodom.pl/pl/oferta/nowoczesne-3-pokojowe-mieszkanie-w-centrum-miasta-ID4zFTW
2026-02-07 21:48,okolice Legnickiej/ 3 pokoje/ balkon/od zaraz,2500,https://www.otodom.pl/pl/oferta/okolice-legnickiej-3-pokoje-balkon-od-zaraz-ID4zQ9r
2026-02-07 21:48,kawalerka - Legnicka 33b/25a - bez prowizji,2115,https://www.otodom.pl/pl/oferta/kawalerka-legnicka-33b-25a-bez-prowizji-ID4zZt5
2026-02-07 21:48,River Point | centrum | piękne i komfortowe 3 pokoje | od zaraz.,3699,https://www.otodom.pl/pl/oferta/river-point-centrum-piekne-i-komfortowe-3-pokoje-od-zaraz-ID4zbo9
2026-02-07 21:48,Wynajmę mieszkanie Bulwar Pl Jana Pawła,3680,https://www.otodom.pl/pl/oferta/wynajme-mieszkanie-bulwar-pl-jana-pawla-ID4w9Xp
2026-02-07 21:49,"ul. Mosieżna - 2 pokoje, oddzielna kuchnia CENTRUM",2990,https://www.otodom.pl/pl/oferta/ul-mosiezna-2-pokoje-oddzielna-kuchnia-centrum-ID4zZrv
2026-02-07 21:49,Mieszkanie na Zatorskiej po Generalnym remoncie,3000,https://www.otodom.pl/pl/oferta/mieszkanie-na-zatorskiej-po-generalnym-remoncie-ID4tl8K
2026-02-07 21:49,"Jasna kawalerka z windą, 34 m² – przy Sky Tower",2150,https://www.otodom.pl/pl/oferta/jasna-kawalerka-z-winda-34-m-przy-sky-tower-ID4zTWQ
2026-02-07 21:49,Apartament na Zwycięskiej,4590,https://www.otodom.pl/pl/oferta/apartament-na-zwycieskiej-ID4zTSV
2026-02-07 21:49,Atal Towers,4000,https://www.otodom.pl/pl/oferta/atal-towers-ID4zTSR
2026-02-07 21:50,"przestronne mieszkanie z balkonem, piękna okolica",4200,https://www.otodom.pl/pl/oferta/przestronne-mieszkanie-z-balkonem-piekna-okolica-ID4zTRI
2026-02-07 21:50,Apartament 3-pokojowy w centrum Wrocławia | Przy Placu Jana Pawła,4000,https://www.otodom.pl/pl/oferta/apartament-3-pokojowy-w-centrum-wroclawia-przy-placu-jana-pawla-ID4zTPC
2026-02-07 21:50,Mieszkanie 4-pok | Taras | Garaż | T. Kutrzeby,4200,https://www.otodom.pl/pl/oferta/mieszkanie-4-pok-taras-garaz-t-kutrzeby-ID4zdck
2026-02-07 21:50,2-pokojowe mieszkanie | KURKOWA 14 | 0 % prowizji,3100,https://www.otodom.pl/pl/oferta/2-pokojowe-mieszkanie-kurkowa-14-0-prowizji-ID4zTLo
2026-02-07 21:50,Szczepin /blisko Komunikacji/ Miejsce postojowe,3000,https://www.otodom.pl/pl/oferta/szczepin-blisko-komunikacji-miejsce-postojowe-ID4zTMx
2026-02-07 21:50,"2 pokoje, 56,39m2, dwustronne z balkonem, Grabiszyn, ul. Grabiszyńska",3000,https://www.otodom.pl/pl/oferta/2-pokoje-56-39m2-dwustronne-z-balkonem-grabiszyn-ul-grabiszynska-ID4zvGh
2026-02-07 21:51,Mieszkanie 3-pok | 55 m2 | Rozkład | Legnicka,3000,https://www.otodom.pl/pl/oferta/mieszkanie-3-pok-55-m2-rozklad-legnicka-ID4zd4o
2026-02-07 21:51,Taras 25 m² | Klimatyzacja | Garaż | Od zaraz | Braniborska,3500,https://www.otodom.pl/pl/oferta/taras-25-m-klimatyzacja-garaz-od-zaraz-braniborska-ID4zTHt
2026-02-07 21:51,3pokoje/ Skarbowców/ 2 balkony/ nieumeblowane,3200,https://www.otodom.pl/pl/oferta/3pokoje-skarbowcow-2-balkony-nieumeblowane-ID4zd4b
2026-02-07 21:51,"2 pok.,Corte Verona, Grabiszyn ul. Grabiszyńska | taras | klima| garaż",3000,https://www.otodom.pl/pl/oferta/2-pok-corte-verona-grabiszyn-ul-grabiszynska-taras-klima-garaz-ID4zTwX
2026-02-07 21:51,"Mieszkanie, 52 m², Wrocław",2300,https://www.otodom.pl/pl/oferta/mieszkanie-52-m-wroclaw-ID4zT5k
2026-02-07 21:52,Krzyki - 2 pokojowe do wynajęcia od 1.03.2026,1800,https://www.otodom.pl/pl/oferta/krzyki-2-pokojowe-do-wynajecia-od-1-03-2026-ID4xISs
2026-02-07 21:52,Mieszkanie  do wynajęcia od zaraz WYSOKI STANDARD- Poświętne,3200,https://www.otodom.pl/pl/oferta/mieszkanie-do-wynajecia-od-zaraz-wysoki-standard-poswietne-ID4zJVV
2026-02-07 21:52,Nowe 2 pokoje - Legnicka 33 - wys. standard GARAŻ,3000,https://www.otodom.pl/pl/oferta/nowe-2-pokoje-legnicka-33-wys-standard-garaz-ID4j5iq
2026-02-07 21:52,Grabiszyńska / Zaporoska - wolne od 1 marca,2000,https://www.otodom.pl/pl/oferta/grabiszynska-zaporoska-wolne-od-1-marca-ID4zZpo
2026-02-07 21:52,Wynajem 2-pokojowego mieszkania - bezpośrednio od Właściciela!,3300,https://www.otodom.pl/pl/oferta/wynajem-2-pokojowego-mieszkania-bezposrednio-od-wlasciciela-ID4zZoy
2026-02-07 21:52,"3 pokoje dla rodziny, widok na zieleń, Krzywoustego 7, Wrocław",3650,https://www.otodom.pl/pl/oferta/3-pokoje-dla-rodziny-widok-na-zielen-krzywoustego-7-wroclaw-ID4zZnV
2026-02-07 21:53,Jasne 3-pok. mieszkanie | duży balkon | szlaban | kameralne osiedle,3100,https://www.otodom.pl/pl/oferta/jasne-3-pok-mieszkanie-duzy-balkon-szlaban-kameralne-osiedle-ID4zRpC
2026-02-07 21:53,Prestiżowy apartament w centrum Wrocławia,4000,https://www.otodom.pl/hpr/pl/oferta/prestizowy-apartament-w-centrum-wroclawia-ID4zZrl
2026-02-07 21:53,Wynajmę 2-pok. mieszkanie na Widawie | Drugi najem | Bez pośredników!,2900,https://www.otodom.pl/pl/oferta/wynajme-2-pok-mieszkanie-na-widawie-drugi-najem-bez-posrednikow-ID4zZnM
2026-02-07 21:53,3-pokojowe mieszkanie z balkonem i 2 miejscami postojowymi,3500,https://www.otodom.pl/pl/oferta/3-pokojowe-mieszkanie-z-balkonem-i-2-miejscami-postojowymi-ID4zZnk
2026-02-07 21:53,"3 pokoje, duży balkon, koło pl. Grunwaldzkiego",2500,https://www.otodom.pl/pl/oferta/3-pokoje-duzy-balkon-kolo-pl-grunwaldzkiego-ID4zZms
2026-02-07 21:54,Nowe Miasto Różanka | 2 pokoje | 39 m² | 2 tarasy,2800,https://www.otodom.pl/pl/oferta/nowe-miasto-rozanka-2-pokoje-39-m-2-tarasy-ID4zZkT
2026-02-07 21:54,Mieszkanie po generalnym remoncie,3000,https://www.otodom.pl/pl/oferta/mieszkanie-po-generalnym-remoncie-ID4zZkH
2026-02-07 21:54,Promenady Wrocławskie|Osobna sypialnia|Komórka lok,2650,https://www.otodom.pl/pl/oferta/promenady-wroclawskie-osobna-sypialnia-komorka-lok-ID4zZjU
2026-02-07 21:54,Mieszkanie 3-pokojowe 68m² PO ODŚWIEŻENIU z GARAŻEM i KOMÓRKĄ!,3600,https://www.otodom.pl/pl/oferta/mieszkanie-3-pokojowe-68m-po-odswiezeniu-z-garazem-i-komorka-ID4zZjE
2026-02-07 21:54,2 pokoje/39m2/Centrum/Balkon/Mp,2499,https://www.otodom.pl/pl/oferta/2-pokoje-39m2-centrum-balkon-mp-ID4zZj9
2026-02-07 21:54,Komfortowe 3-pokojowe mieszkanie z balkonem,3500,https://www.otodom.pl/pl/oferta/komfortowe-3-pokojowe-mieszkanie-z-balkonem-ID4qREE
2026-02-07 21:55,"3 pokoje, 2 miejsca garażowe, Promenady Wrocławskie",4600,https://www.otodom.pl/pl/oferta/3-pokoje-2-miejsca-garazowe-promenady-wroclawskie-ID4zZi2
2026-02-07 21:55,Bezpośrednio I Nowe I W centrum I Przyjazne zwierzętom,2826,https://www.otodom.pl/pl/oferta/bezposrednio-i-nowe-i-w-centrum-i-przyjazne-zwierzetom-ID4ze6y
2026-02-07 21:55,"Mieszkanie z widokiem na park, komórka lokatorska+miejsce parkingowe",3800,https://www.otodom.pl/pl/oferta/mieszkanie-z-widokiem-na-park-komorka-lokatorska-miejsce-parkingowe-ID4zmOM
2026-02-07 21:55,Kawalerka po remoncie | I Najem,1900,https://www.otodom.pl/pl/oferta/kawalerka-po-remoncie-i-najem-ID4zLqw
2026-02-07 21:55,Kawalerka świeżo po remoncie | I Najem,1900,https://www.otodom.pl/pl/oferta/kawalerka-swiezo-po-remoncie-i-najem-ID4zIaN
2026-02-07 21:56,"Mieszkanie 2. Pokojowe, 54m2, 2 piętro, ul. Piękna",3000,https://www.otodom.pl/pl/oferta/mieszkanie-2-pokojowe-54m2-2-pietro-ul-piekna-ID49md9
2026-02-07 21:56,Ul. Ślężna - 2pok | Balkon | 42m2 | widok na park,2500,https://www.otodom.pl/pl/oferta/ul-slezna-2pok-balkon-42m2-widok-na-park-ID4zZeg
2026-02-07 21:56,Pierwszy najem | Nowe | Stylowe | 2 Pokoje,3600,https://www.otodom.pl/pl/oferta/pierwszy-najem-nowe-stylowe-2-pokoje-ID4zZe1
2026-02-07 21:56,"Mieszkanie z garażem, komórką lokatorską i balkone",3800,https://www.otodom.pl/pl/oferta/mieszkanie-z-garazem-komorka-lokatorska-i-balkone-ID4zZdu
2026-02-07 21:56,Nowe 4 pokojowe mieszkanie z 2 łazienkami,3950,https://www.otodom.pl/pl/oferta/nowe-4-pokojowe-mieszkanie-z-2-lazienkami-ID4z6y3
2026-02-07 21:56,Trzy pokoje dużym tarasem,4000,https://www.otodom.pl/pl/oferta/trzy-pokoje-duzym-tarasem-ID4zZcp
2026-02-07 21:57,Legnicka/LUX/Winda/Garaż,2800,https://www.otodom.pl/pl/oferta/legnicka-lux-winda-garaz-ID4zZcm
2026-02-07 21:57,Mieszkanie na wynajem Krzeptów,4000,https://www.otodom.pl/pl/oferta/mieszkanie-na-wynajem-krzeptow-ID4zMzg
2026-02-07 21:57,"Wysoki standard 2 pokoje 46 m² | Home office, garderoba| Balkon| Długa",3200,https://www.otodom.pl/pl/oferta/wysoki-standard-2-pokoje-46-m-home-office-garderoba-balkon-dluga-ID4qRjj
2026-02-07 21:57,"Pierwszy najem, dwa pokoje, blisko parku",2900,https://www.otodom.pl/pl/oferta/pierwszy-najem-dwa-pokoje-blisko-parku-ID4zZbk
2026-02-07 21:57,3-pokojowe mieszkanie z klimatyzacją ul. Hubska,3250,https://www.otodom.pl/pl/oferta/3-pokojowe-mieszkanie-z-klimatyzacja-ul-hubska-ID4zZa9
2026-02-07 21:57,"Nowoczesna kawalerka z balkonem i garażem – Ołtaszyn, ul. Nefrytowa 77",1900,https://www.otodom.pl/pl/oferta/nowoczesna-kawalerka-z-balkonem-i-garazem-oltaszyn-ul-nefrytowa-77-ID4zY1z
2026-02-07 21:58,Jasne 2‑pokojowe mieszkanie pierwszy najem - Trzmielowicka,2290,https://www.otodom.pl/pl/oferta/jasne-2pokojowe-mieszkanie-pierwszy-najem-trzmielowicka-ID4zY29
2026-02-07 21:58,3-pokojowe 63 m² | KĘPA MIESZCZAŃSKA | parking w cenie,4600,https://www.otodom.pl/pl/oferta/3-pokojowe-63-m-kepa-mieszczanska-parking-w-cenie-ID4zXFM
2026-02-07 21:58,PL |UA| Macedońska| 3 pokojowe | Osobna kuchnia,3270,https://www.otodom.pl/pl/oferta/pl-ua-macedonska-3-pokojowe-osobna-kuchnia-ID4zZ9T
2026-02-07 21:58,PL | UA | RU | Premium 106 m² | 44 piętro | 3 pokoje | Sky Tower,9500,https://www.otodom.pl/pl/oferta/pl-ua-ru-premium-106-m-44-pietro-3-pokoje-sky-tower-ID4zZ9L
2026-02-07 21:58,"Mieszkanie  trzypokojowe - 58 m2, w dobrej lokalizacji, od 2.02.2026",3200,https://www.otodom.pl/pl/oferta/mieszkanie-trzypokojowe-58-m2-w-dobrej-lokalizacji-od-2-02-2026-ID4zf0Q
2026-02-07 21:59,2-pokoje - Białowieska 116/20A - bez prowizji,2858,https://www.otodom.pl/pl/oferta/2-pokoje-bialowieska-116-20a-bez-prowizji-ID4zZ8L
2026-02-07 21:59,Kawalerka 14m/wysoki standard/Stalowa,2400,https://www.otodom.pl/pl/oferta/kawalerka-14m-wysoki-standard-stalowa-ID4zZ8K
2026-02-07 21:59,47 m2 w centrum na wynajem dostępne odręki!,3800,https://www.otodom.pl/pl/oferta/47-m2-w-centrum-na-wynajem-dostepne-odreki-ID4tqxR
2026-02-07 21:59,Do wynajęcia 2-pokojowe-WYSOKI STANDARD-PIERWSZY NAJEM bez pośredników,2900,https://www.otodom.pl/pl/oferta/do-wynajecia-2-pokojowe-wysoki-standard-pierwszy-najem-bez-posrednikow-ID4zRku
2026-02-07 21:59,2 pokoje przy rzece | Mp | loggia | klimatyzacja,3200,https://www.otodom.pl/pl/oferta/2-pokoje-przy-rzece-mp-loggia-klimatyzacja-ID4zFbU
2026-02-07 22:00,Wynajmę 2-pok. mieszkanie na Widawie | Drugi najem | Bez pośredników!,2900,https://www.otodom.pl/hpr/pl/oferta/wynajme-2-pok-mieszkanie-na-widawie-drugi-najem-bez-posrednikow-ID4zZnM
2026-02-07 22:00,2 pok | 54 m² | 1 piętro | budynek 2019 | parking | ul. Rychtalska,3300,https://www.otodom.pl/pl/oferta/2-pok-54-m-1-pietro-budynek-2019-parking-ul-rychtalska-ID4zZ7v
2026-02-07 22:00,"Centrum, UL. Piłsukdskiego, Arkady, Po Remoncie",2400,https://www.otodom.pl/pl/oferta/centrum-ul-pilsukdskiego-arkady-po-remoncie-ID4zZ6u
2026-02-07 22:00,Klimatyzowana kawalerka obok Placu Grunwaldzkiego,1750,https://www.otodom.pl/pl/oferta/klimatyzowana-kawalerka-obok-placu-grunwaldzkiego-ID4zMpv
2026-02-07 22:00,3-pokoje - Braniborska 64/28B - bez prowizji,3752,https://www.otodom.pl/pl/oferta/3-pokoje-braniborska-64-28b-bez-prowizji-ID4zZ5U
2026-02-07 22:01,"tylko osoby dorosłe, bez dzieci",2100,https://www.otodom.pl/pl/oferta/tylko-osoby-dorosle-bez-dzieci-ID4zZ5s
2026-02-07 22:01,"Krzyki, ul. Swobodna - balkon, miejsce postojowe",1900,https://www.otodom.pl/pl/oferta/krzyki-ul-swobodna-balkon-miejsce-postojowe-ID4zZ5o
2026-02-07 22:01,Przestronne mieszkanie 3 pokoi z klimatyzacją,3200,https://www.otodom.pl/pl/oferta/przestronne-mieszkanie-3-pokoi-z-klimatyzacja-ID4ykXt
2026-02-07 22:01,Mieszkanie 48 m² z balkonem i osobną kuchnią,2800,https://www.otodom.pl/pl/oferta/mieszkanie-48-m-z-balkonem-i-osobna-kuchnia-ID4zZ4J
2026-02-07 22:01,"Piękne M3 - duży taras, blisko autobus i tramwaj!",3200,https://www.otodom.pl/pl/oferta/piekne-m3-duzy-taras-blisko-autobus-i-tramwaj-ID4zZ4D
2026-02-07 22:01,"Pobożnego - kawalerka z antresolą, BLISKO CENTRUM",2100,https://www.otodom.pl/pl/oferta/poboznego-kawalerka-z-antresola-blisko-centrum-ID4zMmI
2026-02-07 22:02,"3 pok | 54 m² | osobna kuchnia | balkon,winda | ul. Na Ostatnim Groszu",3500,https://www.otodom.pl/pl/oferta/3-pok-54-m-osobna-kuchnia-balkon-winda-ul-na-ostatnim-groszu-ID4zZ3s
2026-02-07 22:02,"Komfortowo wykończone mieszkanie 49m2, 2 pok.+garaż, Oporów, Chachaja",3400,https://www.otodom.pl/pl/oferta/komfortowo-wykonczone-mieszkanie-49m2-2-pok-garaz-oporow-chachaja-ID4zJe0
2026-02-07 22:02,Mikroapartament | Winda | Internet | Karola Miarki,1350,https://www.otodom.pl/pl/oferta/mikroapartament-winda-internet-karola-miarki-ID4zZ2t
2026-02-07 22:02,Wrocław - Stare Miasto - pl. Orląt Lwowskich,2400,https://www.otodom.pl/pl/oferta/wroclaw-stare-miasto-pl-orlat-lwowskich-ID4z3NC
2026-02-07 22:02,Mikroapartament | Winda | Internet | Karola Miarki,1950,https://www.otodom.pl/pl/oferta/mikroapartament-winda-internet-karola-miarki-ID4roNa
2026-02-07 22:02,No commission | 2-bedroom apartment with a balcony,3580,https://www.otodom.pl/pl/oferta/no-commission-2-bedroom-apartment-with-a-balcony-ID4yLEq
2026-02-07 22:02,Bez prowizji! 2 pokoje z balkonem,2900,https://www.otodom.pl/pl/oferta/bez-prowizji-2-pokoje-z-balkonem-ID4zC2q
2026-02-07 22:03,"Ołtaszyn, mieszkanie w domu, 2 pokoje, 55m²",2500,https://www.otodom.pl/pl/oferta/oltaszyn-mieszkanie-w-domu-2-pokoje-55m-ID4zZ00
2026-02-07 22:03,Kawalerka z osobną kuchnią i miejscem do spania/garderobą,2200,https://www.otodom.pl/pl/oferta/kawalerka-z-osobna-kuchnia-i-miejscem-do-spania-garderoba-ID4zYZr
2026-02-07 22:03,"Powstańców Sl. kawalerka , wolna od 1 lutego",2000,https://www.otodom.pl/pl/oferta/powstancow-sl-kawalerka-wolna-od-1-lutego-ID4zIIO
2026-02-07 22:03,"Jutrzenki - Klecina , dwa osobne pokoje",2950,https://www.otodom.pl/pl/oferta/jutrzenki-klecina-dwa-osobne-pokoje-ID4zQtP
2026-02-07 22:03,Wysoki standard | ścisłe centrum | pierwszy najem,3000,https://www.otodom.pl/pl/oferta/wysoki-standard-scisle-centrum-pierwszy-najem-ID4uoWy
2026-02-07 22:04,Do wynajęcia atrakcyjne 2-pokojowe mieszkanie,2300,https://www.otodom.pl/pl/oferta/do-wynajecia-atrakcyjne-2-pokojowe-mieszkanie-ID4zCQj
2026-02-07 22:04,2 pokoje | idealny dla pary | miejsce postojowe,3200,https://www.otodom.pl/pl/oferta/2-pokoje-idealny-dla-pary-miejsce-postojowe-ID4zYVQ
2026-02-07 22:04,Przestronny apartament loftowy | Szczepin,8000,https://www.otodom.pl/pl/oferta/przestronny-apartament-loftowy-szczepin-ID4zSYh
2026-02-07 22:04,Od 1 Marca | Garaż i komórka w cenie | Duży balkon,2300,https://www.otodom.pl/pl/oferta/od-1-marca-garaz-i-komorka-w-cenie-duzy-balkon-ID4zYWN
2026-02-07 22:04,"Komfortowe 2-pokojowe mieszkanie 55 m² na wynajem Gądów Mały, Wrocław",2790,https://www.otodom.pl/pl/oferta/komfortowe-2-pokojowe-mieszkanie-55-m-na-wynajem-gadow-maly-wroclaw-ID4zYWn
2026-02-07 22:04,Ołtaszyn: Odświeżone 54m² z garderobą,3100,https://www.otodom.pl/pl/oferta/oltaszyn-odswiezone-54m-z-garderoba-ID4wbkR
2026-02-07 22:05,***Osobna Widna Kuchnia*Balkon*Pełny Rozkład***,2000,https://www.otodom.pl/pl/oferta/osobna-widna-kuchniabalkonpelny-rozklad-ID4zYUx
2026-02-07 22:05,2 pokoje*Ul.Jedności Narod.*Browary Wrocławskie*,2800,https://www.otodom.pl/pl/oferta/2-pokojeul-jednosci-narod-browary-wroclawskie-ID4zYUm
2026-02-07 22:05,Prestiżowa lokalizacja | 3 pok. z balkonem,5100,https://www.otodom.pl/pl/oferta/prestizowa-lokalizacja-3-pok-z-balkonem-ID4zvlk
2026-02-07 22:05,3 Pokojowe 64 m2 | Wysoki Standard| Od 5 Marca,5800,https://www.otodom.pl/pl/oferta/3-pokojowe-64-m2-wysoki-standard-od-5-marca-ID4zYT9
2026-02-07 22:05,3 pokoje | 54 m² | Port Popowice | 2× klimatyzacja | parking,4600,https://www.otodom.pl/pl/oferta/3-pokoje-54-m-port-popowice-2-klimatyzacja-parking-ID4zsT0
2026-02-07 22:05,***Miejsce w Garażu w cenie*Balkon*1piętro***,1800,https://www.otodom.pl/pl/oferta/miejsce-w-garazu-w-ceniebalkon1pietro-ID4zYT0
2026-02-07 22:06,Mieszkanie na wynajem 2-pokojowe |ul. Gwiaździsta,3250,https://www.otodom.pl/pl/oferta/mieszkanie-na-wynajem-2-pokojowe-ul-gwiazdzista-ID4zYSZ
2026-02-07 22:06,2 pok | 54 m² | 1 piętro | budynek 2019 | parking | ul. Rychtalska,3300,https://www.otodom.pl/hpr/pl/oferta/2-pok-54-m-1-pietro-budynek-2019-parking-ul-rychtalska-ID4zZ7v
2026-02-07 22:06,Pachnące nowością | klimatyzacja | garaż | balkon,3200,https://www.otodom.pl/pl/oferta/pachnace-nowoscia-klimatyzacja-garaz-balkon-ID4zYSD
2026-02-07 22:06,CENTRUM- 2pok. 40m2+GARAŻ+INTERNET+TV+KLIMATYZACJA,2950,https://www.otodom.pl/pl/oferta/centrum-2pok-40m2-garaz-internet-tv-klimatyzacja-ID3EFGU
2026-02-07 22:06,Kawalerka | 29 m2 | Balkon | Małopanewska,2400,https://www.otodom.pl/pl/oferta/kawalerka-29-m2-balkon-malopanewska-ID4uP69
2026-02-07 22:06,Kompaktowe 20 m² w kamienicy – idealne dla singla lub pary,2200,https://www.otodom.pl/pl/oferta/kompaktowe-20-m-w-kamienicy-idealne-dla-singla-lub-pary-ID4zYRy
2026-02-07 22:07,"Stylowe 2 pokoje z balkonem, z widokiem na zieleń",2550,https://www.otodom.pl/pl/oferta/stylowe-2-pokoje-z-balkonem-z-widokiem-na-zielen-ID4zYQI
2026-02-07 22:07,"Duże 3 pok. 89mkw, 3 balkony, garaż w budynku, ul. Chrzanowskiego",3600,https://www.otodom.pl/pl/oferta/duze-3-pok-89mkw-3-balkony-garaz-w-budynku-ul-chrzanowskiego-ID4zYQ0
2026-02-07 22:07,"78 m w centrum Wrocławia dostępne od 10 marca, możliwa rezerwacja!",3900,https://www.otodom.pl/pl/oferta/78-m-w-centrum-wroclawia-dostepne-od-10-marca-mozliwa-rezerwacja-ID4zluX
2026-02-07 22:07,2-pokoje - Braniborska 62/86 - bez prowizji,2999,https://www.otodom.pl/pl/oferta/2-pokoje-braniborska-62-86-bez-prowizji-ID4zYPe
2026-02-07 22:07,Brak tytułu,0,https://www.otodom.pl/pl/oferta/port-popowice-mieszkania-na-wynajem-ID4j3rb
2026-02-07 22:07,3-pokoje - A. Kopycińskiego 17/33 - bez prowizji,295,https://www.otodom.pl/pl/oferta/3-pokoje-a-kopycinskiego-17-33-bez-prowizji-ID4zYNr
2026-02-07 22:08,"Komfort, 3pok,Psie-Pole/Kłokoczyce/55m2,brand new",2900,https://www.otodom.pl/pl/oferta/komfort-3pok-psie-pole-klokoczyce-55m2-brand-new-ID4zYMl
2026-02-07 22:08,Wynajm 2 pok 50 m2 balkon Podwale Wrocławski,2400,https://www.otodom.pl/pl/oferta/wynajm-2-pok-50-m2-balkon-podwale-wroclawski-ID4zYM2
2026-02-07 22:08,mieszkanie dla studentów i osób pracujących,2800,https://www.otodom.pl/pl/oferta/mieszkanie-dla-studentow-i-osob-pracujacych-ID4zYL0
2026-02-07 22:08,"Mieszkanie, Wysoki Standard, Centrum",4000,https://www.otodom.pl/pl/oferta/mieszkanie-wysoki-standard-centrum-ID4zYKZ
2026-02-07 22:08,luksusowy apartament z balkonem i garażem,2600,https://www.otodom.pl/pl/oferta/luksusowy-apartament-z-balkonem-i-garazem-ID4zYL1
2026-02-07 22:08,Apartament dla lubiących Piękno – wyjątkowy wynajem we Wrocławiu,5600,https://www.otodom.pl/pl/oferta/apartament-dla-lubiacych-piekno-wyjatkowy-wynajem-we-wroclawiu-ID4zpR8
2026-02-07 22:08,"W pobliżu parku i szkół,osobna kuchnia,duży garaż,",3200,https://www.otodom.pl/pl/oferta/w-poblizu-parku-i-szkol-osobna-kuchnia-duzy-garaz-ID4zYKk
2026-02-07 22:09,"Mieszk. 2 pokoje z aneksem kuch. ul.Piękna, Tarnogaj, Bezpośrednio!",2900,https://www.otodom.pl/pl/oferta/mieszk-2-pokoje-z-aneksem-kuch-ul-piekna-tarnogaj-bezposrednio-ID4zYJt
2026-02-07 22:09,✅Klima✅Parking✅Balkon✅Nowe✅Kępa Mieszczańska✅Tram✅,2750,https://www.otodom.pl/pl/oferta/klimaparkingbalkonnowekepa-mieszczanskatram-ID4zrRe
2026-02-07 22:09,2 pok | Apartament | Nowe osiedle,2750,https://www.otodom.pl/pl/oferta/2-pok-apartament-nowe-osiedle-ID4zYJM
2026-02-07 22:09,"Mieszkanie, 38 m², Wrocław",2200,https://www.otodom.pl/pl/oferta/mieszkanie-38-m-wroclaw-ID4zYJE
2026-02-07 22:09,2-pokojowy apartament z tarasem i balkonem,3800,https://www.otodom.pl/pl/oferta/2-pokojowy-apartament-z-tarasem-i-balkonem-ID4zYJF
2026-02-07 22:09,Kozanów | 3 pokoje | 63 m² | balkon południowy | Park Zachodni,2700,https://www.otodom.pl/pl/oferta/kozanow-3-pokoje-63-m-balkon-poludniowy-park-zachodni-ID4zYJj
2026-02-07 22:10,"Wyjątkowy apartament otoczony zielenią z ogródkiem,tarasem,piwnicą.",5000,https://www.otodom.pl/pl/oferta/wyjatkowy-apartament-otoczony-zielenia-z-ogrodkiem-tarasem-piwnica-ID4zYJ8
2026-02-07 22:10,Nowoczesna kawalerka 31m² z balkonem i parkingiem | Krzyki,2300,https://www.otodom.pl/pl/oferta/nowoczesna-kawalerka-31m-z-balkonem-i-parkingiem-krzyki-ID4a8Nk
2026-02-07 22:10,"Nowe, klimatyzowane 2 pokoje z balkonem | ul. Syryjska | Pierwszy n...",2700,https://www.otodom.pl/pl/oferta/nowe-klimatyzowane-2-pokoje-z-balkonem-ul-syryjska-pierwszy-n-ID4zYGu
2026-02-07 22:10,Ekskluzywne 2-pokojowe mieszkanie w nowym budynku 2025,2790,https://www.otodom.pl/pl/oferta/ekskluzywne-2-pokojowe-mieszkanie-w-nowym-budynku-2025-ID4zYFw
2026-02-07 22:10,"Przestronne mieszkanie 50m2 z balkonem, ul. Poleska",2500,https://www.otodom.pl/pl/oferta/przestronne-mieszkanie-50m2-z-balkonem-ul-poleska-ID4zYFh
2026-02-07 22:11,"Jasne 3 pokoje dla rodziny, widok na zieleń, Krzywoustego 7, Wrocław",3650,https://www.otodom.pl/pl/oferta/jasne-3-pokoje-dla-rodziny-widok-na-zielen-krzywoustego-7-wroclaw-ID4zU8N
2026-02-07 22:11,Na wynajem 37 m² ul. Zielińskiego 2 pokoje,3200,https://www.otodom.pl/pl/oferta/na-wynajem-37-m-ul-zielinskiego-2-pokoje-ID4zYEE
2026-02-07 22:11,Komfortowe 2 pokoje z garażem #Przy Odrze,3400,https://www.otodom.pl/pl/oferta/komfortowe-2-pokoje-z-garazem-przy-odrze-ID4zYBs
2026-02-07 22:11,Przestronne z balkonem,2900,https://www.otodom.pl/pl/oferta/przestronne-z-balkonem-ID4zYB7
2026-02-07 22:11,Mieszkanie 3 pokojowe/ 53m2/Pet Friendly/VOUCHER 1200 zł!,3200,https://www.otodom.pl/pl/oferta/mieszkanie-3-pokojowe-53m2-pet-friendly-voucher-1200-zl-ID4yvgm
2026-02-07 22:11,Studio Smart 17m2/Pet friendly/Voucher 1000 zł,1700,https://www.otodom.pl/pl/oferta/studio-smart-17m2-pet-friendly-voucher-1000-zl-ID4zKUs
2026-02-07 22:12,Pachnące nowością | klimatyzacja | garaż | balkon,3200,https://www.otodom.pl/hpr/pl/oferta/pachnace-nowoscia-klimatyzacja-garaz-balkon-ID4zYSD
2026-02-07 22:12,"Stylowy apartament, Bulwar Staromiejski, FA Vat",2706,https://www.otodom.pl/pl/oferta/stylowy-apartament-bulwar-staromiejski-fa-vat-ID4zYza
2026-02-07 22:12,2 pok/ Angel City/ Parking/ SPA & GYM/ Klimatyzacja/ Balkon,3300,https://www.otodom.pl/pl/oferta/2-pok-angel-city-parking-spa-gym-klimatyzacja-balkon-ID4zYyc
2026-02-07 22:12,Przestronne 3-pokojowe mieszkanie z osobną kuchnią – ul. Kiełczowska,3000,https://www.otodom.pl/pl/oferta/przestronne-3-pokojowe-mieszkanie-z-osobna-kuchnia-ul-kielczowska-ID4zYxE
2026-02-07 22:12,"Przytulne, przyjazne dla każdego 2 pokoje na Klecinie",2700,https://www.otodom.pl/pl/oferta/przytulne-przyjazne-dla-kazdego-2-pokoje-na-klecinie-ID4zRVB
2026-02-07 22:12,"księcia Witolda wyjście na taras z każdego pokoju, garaż i komórka",5800,https://www.otodom.pl/pl/oferta/ksiecia-witolda-wyjscie-na-taras-z-kazdego-pokoju-garaz-i-komorka-ID4ld0j
2026-02-07 22:13,"osiedle ""ogrody Reja""  zamykane 2 duże pokoje, 2 balkony, garaż, winda",2500,https://www.otodom.pl/pl/oferta/osiedle-ogrody-reja-zamykane-2-duze-pokoje-2-balkony-garaz-winda-ID4xvHx
2026-02-07 22:13,"Tarnogajska osobne 2 duże pokoje,osobna kuchnia,dwustronne,wyposażone",2000,https://www.otodom.pl/pl/oferta/tarnogajska-osobne-2-duze-pokoje-osobna-kuchnia-dwustronne-wyposazone-ID4zITz
2026-02-07 22:13,"Nyska, 2 pokoje 48m2 - komórka lokatorska i miejsce postojowe w cenie",3000,https://www.otodom.pl/pl/oferta/nyska-2-pokoje-48m2-komorka-lokatorska-i-miejsce-postojowe-w-cenie-ID4mCyB
2026-02-07 22:13,"Wrocław, Sępolno | Dwustronna kawalerka z osobną kuchnią",1950,https://www.otodom.pl/pl/oferta/wroclaw-sepolno-dwustronna-kawalerka-z-osobna-kuchnia-ID4zSSe
2026-02-07 22:13,"Zadbane 2-pokojowe mieszkanie z balkonem i loggią – Gaj, duzo zieleńi",2650,https://www.otodom.pl/pl/oferta/zadbane-2-pokojowe-mieszkanie-z-balkonem-i-loggia-gaj-duzo-zieleni-ID4yOIC
2026-02-07 22:14,Nowoczesne mieszkanie 2-pokojowe z klimatyzacją – ul. Mieszczańska,3600,https://www.otodom.pl/pl/oferta/nowoczesne-mieszkanie-2-pokojowe-z-klimatyzacja-ul-mieszczanska-ID4yuSf
2026-02-07 22:14,"Wrocław ! Maślice ! 55m2, 2pok + balkon! Piwnica!",2300,https://www.otodom.pl/pl/oferta/wroclaw-maslice-55m2-2pok-balkon-piwnica-ID4oGqT
2026-02-07 22:14,ul. Świeradowska / Nowe,2700,https://www.otodom.pl/pl/oferta/ul-swieradowska-nowe-ID4zYtK
2026-02-07 22:14,Sienkiewicza 32 - przy ogrodzie botanicznym,2600,https://www.otodom.pl/pl/oferta/sienkiewicza-32-przy-ogrodzie-botanicznym-ID4zYtF
2026-02-07 22:14,Nowoczesne na Brochowie,2400,https://www.otodom.pl/pl/oferta/nowoczesne-na-brochowie-ID4zYt6
2026-02-07 22:15,Mieszkanie 3 pok z balkonem-ul.Piławska,2500,https://www.otodom.pl/pl/oferta/mieszkanie-3-pok-z-balkonem-ul-pilawska-ID4zYsC
2026-02-07 22:15,2 pokoje | Oporów | Cesarzowicka | ogródek | garaż  | od zaraz,3000,https://www.otodom.pl/pl/oferta/2-pokoje-oporow-cesarzowicka-ogrodek-garaz-od-zaraz-ID4zYrW
2026-02-07 22:15,[Rezerwacja] 2-pokojowe mieszkanie| Winda | Balkon | Miejsce postojowe,2890,https://www.otodom.pl/pl/oferta/rezerwacja-2-pokojowe-mieszkanie-winda-balkon-miejsce-postojowe-ID4zYr3
2026-02-07 22:15,"Na wynajem mieszkanie 2 pokojowe w pełnym rozkładzie, bez pośredników",2400,https://www.otodom.pl/pl/oferta/na-wynajem-mieszkanie-2-pokojowe-w-pelnym-rozkladzie-bez-posrednikow-ID4zYqY
2026-02-07 22:15,"Mieszkanie na wynajem, Wrocław, 3 pokoje",3200,https://www.otodom.pl/pl/oferta/mieszkanie-na-wynajem-wroclaw-3-pokoje-ID4zYqv
2026-02-07 22:16,Nowa kawalerka Psie Pole z miejscem parkingowym,2300,https://www.otodom.pl/pl/oferta/nowa-kawalerka-psie-pole-z-miejscem-parkingowym-ID4zYq6
2026-02-07 22:16,2-pokoje - Legnicka 33d/35b - bez prowizji,2884,https://www.otodom.pl/pl/oferta/2-pokoje-legnicka-33d-35b-bez-prowizji-ID4zYpW
2026-02-07 22:16,nowe - Białowieska 45A/35A - bez prowizji,3032,https://www.otodom.pl/pl/oferta/nowe-bialowieska-45a-35a-bez-prowizji-ID4zYpy
2026-02-07 22:16,kawalerka z miejscem postojowym,1800,https://www.otodom.pl/pl/oferta/kawalerka-z-miejscem-postojowym-ID4nooK
2026-02-07 22:16,Stabłowice - Idealne - 2 Pokoje-Ogród /Blisko Aow,2500,https://www.otodom.pl/pl/oferta/stablowice-idealne-2-pokoje-ogrod-blisko-aow-ID4zYoK
2026-02-07 22:17,Studio/Grunwaldzka/pierwszy najem/od zaraz!,2800,https://www.otodom.pl/pl/oferta/studio-grunwaldzka-pierwszy-najem-od-zaraz-ID4zRh1
2026-02-07 22:17,"Loft w ścisłym centrum, 3 pokoje + kuchnia, 3 bedrooms in city centre",2800,https://www.otodom.pl/pl/oferta/loft-w-scislym-centrum-3-pokoje-kuchnia-3-bedrooms-in-city-centre-ID4mQqg
2026-02-07 22:17,Wynajmę mieszkanie 2 pokojowe w wysokim standardzie Port Popowice,2800,https://www.otodom.pl/pl/oferta/wynajme-mieszkanie-2-pokojowe-w-wysokim-standardzie-port-popowice-ID4ebUe
2026-02-07 22:17,"Mieszkanie 3 pokoje, 67m2, Po remoncie od zaraz, Wrocław, Fabryczna",3400,https://www.otodom.pl/pl/oferta/mieszkanie-3-pokoje-67m2-po-remoncie-od-zaraz-wroclaw-fabryczna-ID4hzMg
2026-02-07 22:17,Zamieszkaj wygodnie na Gaju |2pok|2balkony|komórka,2600,https://www.otodom.pl/pl/oferta/zamieszkaj-wygodnie-na-gaju-2pok-2balkony-komorka-ID4zYlM
2026-02-07 22:17,2 pokoje | Garaż | Komórka lokatorska | Legnicka,2700,https://www.otodom.pl/pl/oferta/2-pokoje-garaz-komorka-lokatorska-legnicka-ID4zYkO
2026-02-07 22:18,2 POKOJE | KRZYKI-HUBY | WINDA | BLISKO CENTRUM,2000,https://www.otodom.pl/pl/oferta/2-pokoje-krzyki-huby-winda-blisko-centrum-ID4zYkL
2026-02-07 22:18,Wyjątkowe Dwupokojowe Mieszkanie Nadodrze,3800,https://www.otodom.pl/pl/oferta/wyjatkowe-dwupokojowe-mieszkanie-nadodrze-ID4zYjR
2026-02-07 22:18,Przytulne dwa pokoje - 31 m2 - Głogowska - boczna Legnickiej,2250,https://www.otodom.pl/pl/oferta/przytulne-dwa-pokoje-31-m2-glogowska-boczna-legnickiej-ID4zEBU
2026-02-07 22:18,"Stylowy apartament, Bulwar Staromiejski, FA Vat",2706,https://www.otodom.pl/hpr/pl/oferta/stylowy-apartament-bulwar-staromiejski-fa-vat-ID4zYza
2026-02-07 22:18,ul. Księcia Witolda | 2 pokoje | garaż podziemny,2900,https://www.otodom.pl/pl/oferta/ul-ksiecia-witolda-2-pokoje-garaz-podziemny-ID4zdl3
2026-02-07 22:19,2 pokoje | ul. Drabika - Jagodno | Nowe osiedle,2200,https://www.otodom.pl/pl/oferta/2-pokoje-ul-drabika-jagodno-nowe-osiedle-ID4zCzA
2026-02-07 22:19,3-Pokojowe Mieszkanie W Centrum Wrocławia,3750,https://www.otodom.pl/pl/oferta/3-pokojowe-mieszkanie-w-centrum-wroclawia-ID4zYj1
2026-02-07 22:19,"2 pokoje, oddzielna kuchnia, OGRÓDEK + 2 tarasy",3200,https://www.otodom.pl/pl/oferta/2-pokoje-oddzielna-kuchnia-ogrodek-2-tarasy-ID4iSjR
2026-02-07 22:19,"Mieszkanie do wynajęcia 3 pokoje 52,5 m  Krzyki Brochów ul. Semaforowa",3000,https://www.otodom.pl/pl/oferta/mieszkanie-do-wynajecia-3-pokoje-52-5-m-krzyki-brochow-ul-semaforowa-ID4zMIA
2026-02-07 22:19,3 pokoje | Balkon | Garaż | Spokojna okolica,3000,https://www.otodom.pl/pl/oferta/3-pokoje-balkon-garaz-spokojna-okolica-ID4zYia
2026-02-07 22:20,Przytulne mieszkanie przy Hali Stulecia,2100,https://www.otodom.pl/pl/oferta/przytulne-mieszkanie-przy-hali-stulecia-ID4rh7D
2026-02-07 22:20,Brak tytułu,0,https://www.otodom.pl/pl/oferta/port-popowice-mieszkania-na-wynajem-ID4j3rb
2026-02-07 22:20,Mieszkanie 3-pokojowe z chillout roomem | Możliwość wynajęcia biura,2999,https://www.otodom.pl/pl/oferta/mieszkanie-3-pokojowe-z-chillout-roomem-mozliwosc-wynajecia-biura-ID4zYgv
2026-02-07 22:20,Mieszkanie przy Parku Szczytnickim | Brak czynszu,2100,https://www.otodom.pl/pl/oferta/mieszkanie-przy-parku-szczytnickim-brak-czynszu-ID4zYgp
2026-02-07 22:20,Mieszkanie z balkonem | Ścisłe centrum Wrocławia,2200,https://www.otodom.pl/pl/oferta/mieszkanie-z-balkonem-scisle-centrum-wroclawia-ID4zYgg
2026-02-07 22:20,"2pok + kuchnia + balkon + parking, Tarnogaj, ul. Międzyleska",3200,https://www.otodom.pl/pl/oferta/2pok-kuchnia-balkon-parking-tarnogaj-ul-miedzyleska-ID4zRny
2026-02-07 22:21,"Mała kawalerka, centrum, ul. Pobożnego, internet gratis, bezpośrednio",1350,https://www.otodom.pl/pl/oferta/mala-kawalerka-centrum-ul-poboznego-internet-gratis-bezposrednio-ID4zYef
2026-02-07 22:21,Rozkładowe 2 pok. / klimatyzacja / parking w cenie,2800,https://www.otodom.pl/pl/oferta/rozkladowe-2-pok-klimatyzacja-parking-w-cenie-ID4zYdw
2026-02-07 22:21,Piekna Kawalerka W Atal Towers -Sikorskiego,2500,https://www.otodom.pl/pl/oferta/piekna-kawalerka-w-atal-towers-sikorskiego-ID4zYcQ
2026-02-07 22:21,Przestronna Kawalerka mieszkanie przy ul. Duboisa,2450,https://www.otodom.pl/pl/oferta/przestronna-kawalerka-mieszkanie-przy-ul-duboisa-ID4zYcN
2026-02-07 22:21,PetsFriendly | 2 pokoje | Balkon | 3200 zł za całość | OD ZARAZ,2500,https://www.otodom.pl/pl/oferta/petsfriendly-2-pokoje-balkon-3200-zl-za-calosc-od-zaraz-ID4zHa7
2026-02-07 22:22,"Stylowe 2 pokoje | Zakładowa, Wrocław – zamieszkaj w prestiżowej ok...",2850,https://www.otodom.pl/pl/oferta/stylowe-2-pokoje-zakladowa-wroclaw-zamieszkaj-w-prestizowej-ok-ID4zYcy
2026-02-07 22:22,"Biskupin 50mkw, 2 pokoje, LUX po remoncie, meble, AGD, POLECAM!",2500,https://www.otodom.pl/pl/oferta/biskupin-50mkw-2-pokoje-lux-po-remoncie-meble-agd-polecam-ID4zYc1
2026-02-07 22:22,Mieszkanie 2 pokoje ul. Budziszyńska Nowy Dwór,2400,https://www.otodom.pl/pl/oferta/mieszkanie-2-pokoje-ul-budziszynska-nowy-dwor-ID4zjS2
2026-02-07 22:22,Dwupoziomowy penthouse na wynajem,9180,https://www.otodom.pl/pl/oferta/dwupoziomowy-penthouse-na-wynajem-ID4zcgk
2026-02-07 22:22,Kawalerka w ładnej i cichej okolicy | Dog friendly,2300,https://www.otodom.pl/pl/oferta/kawalerka-w-ladnej-i-cichej-okolicy-dog-friendly-ID4zYb8
2026-02-07 22:22,"Ładna, zadbana kawalerka z osobną kuchnią! Miejsce postojowe.",2600,https://www.otodom.pl/pl/oferta/ladna-zadbana-kawalerka-z-osobna-kuchnia-miejsce-postojowe-ID4nsxM
2026-02-07 22:23,Kawalerka / taras + ogródek / Atal Towers,2500,https://www.otodom.pl/pl/oferta/kawalerka-taras-ogrodek-atal-towers-ID4zYaK
2026-02-07 22:23,Bezczynszowe|duży ogród|po remoncie,3400,https://www.otodom.pl/pl/oferta/bezczynszowe-duzy-ogrod-po-remoncie-ID4zPhL
2026-02-07 22:23,Do wynajęcia 2 pok apart ul. Hallera Wrocław,3000,https://www.otodom.pl/pl/oferta/do-wynajecia-2-pok-apart-ul-hallera-wroclaw-ID4xKsk
2026-02-07 22:23,2 Oddzielne Pokoje | Bezpośrednio | Pets Friendly | Jaworska,2680,https://www.otodom.pl/pl/oferta/2-oddzielne-pokoje-bezposrednio-pets-friendly-jaworska-ID4zJW6
2026-02-07 22:23,2pokoje | Promenady Wrocławskie | Do wynajęcia od zaraz | PetsFriendly,2690,https://www.otodom.pl/pl/oferta/2pokoje-promenady-wroclawskie-do-wynajecia-od-zaraz-petsfriendly-ID4zPXd
2026-02-07 22:23,Komfortowe 2 pok. z balkonem / siłownia / Ogrody Hallera,3000,https://www.otodom.pl/pl/oferta/komfortowe-2-pok-z-balkonem-silownia-ogrody-hallera-ID4zY8A
2026-02-07 22:23,Apartament typu studio na Angel City,2300,https://www.otodom.pl/pl/oferta/apartament-typu-studio-na-angel-city-ID4iNt5
2026-02-07 22:24,"mieszkanie ul. Legnicka, 2 pokoje, osobna kuchnia, KLIMATYZACJA",2750,https://www.otodom.pl/pl/oferta/mieszkanie-ul-legnicka-2-pokoje-osobna-kuchnia-klimatyzacja-ID4zXeV
2026-02-07 22:24,"Mieszkanie 2 pokojowe, rozkładowe, 38 m2,  Różanka/Karłowice, od zaraz",2100,https://www.otodom.pl/pl/oferta/mieszkanie-2-pokojowe-rozkladowe-38-m2-rozanka-karlowice-od-zaraz-ID4zY7S
2026-02-07 22:24,Przytulna kawalerka na Sadybie,2600,https://www.otodom.pl/pl/oferta/przytulna-kawalerka-na-sadybie-ID4t2yF
2026-02-07 22:24,Przestronne | Jasne | Centrum | Balkon | Od zaraz,2299,https://www.otodom.pl/pl/oferta/przestronne-jasne-centrum-balkon-od-zaraz-ID4zY6N
2026-02-07 22:24,Przestronny apartament z oddzielną kuchnią,3450,https://www.otodom.pl/pl/oferta/przestronny-apartament-z-oddzielna-kuchnia-ID4zY6t
2026-02-07 22:25,ul. Księcia Witolda | 2 pokoje | garaż podziemny,2900,https://www.otodom.pl/hpr/pl/oferta/ul-ksiecia-witolda-2-pokoje-garaz-podziemny-ID4zdl3
2026-02-07 22:25,klima - balkon - bulw. Dedala,3700,https://www.otodom.pl/pl/oferta/klima-balkon-bulw-dedala-ID4sgBE
2026-02-07 22:25,Wysoki standard | Sienkiewicza Residents,3600,https://www.otodom.pl/pl/oferta/wysoki-standard-sienkiewicza-residents-ID4zY5C
2026-02-07 22:25,"Cicha duża kawalerka, balkon, piwnica, Plac Grunwaldzki",2000,https://www.otodom.pl/pl/oferta/cicha-duza-kawalerka-balkon-piwnica-plac-grunwaldzki-ID4zY54
2026-02-07 22:25,"2 pokojowe mieszkanie na wynajem, Ołtaszyn, 60 m2, 2 balkony, od zaraz",2400,https://www.otodom.pl/pl/oferta/2-pokojowe-mieszkanie-na-wynajem-oltaszyn-60-m2-2-balkony-od-zaraz-ID4zY4l
2026-02-07 22:26,2 osobne sypialnie-55m2-balkon-parking-Przystanek-Czartoryskiego-Psie,2700,https://www.otodom.pl/pl/oferta/2-osobne-sypialnie-55m2-balkon-parking-przystanek-czartoryskiego-psie-ID4zY3O
2026-02-07 22:26,Wrocław Strzegomska Kawalerka Balkon Garaż Kwota Brutto Odlicz Vat !!,2500,https://www.otodom.pl/pl/oferta/wroclaw-strzegomska-kawalerka-balkon-garaz-kwota-brutto-odlicz-vat-ID4zLkr
2026-02-07 22:26,MIESZKANIE 2 POKOJE + KUCHNIA + BALKON,2400,https://www.otodom.pl/pl/oferta/mieszkanie-2-pokoje-kuchnia-balkon-ID4zY1k
2026-02-07 22:26,Kawalerka do wynajęcia 29 m² Gaj Żegiestowska,2400,https://www.otodom.pl/pl/oferta/kawalerka-do-wynajecia-29-m-gaj-zegiestowska-ID4zY04
2026-02-07 22:26,Cisza i Spokój | 2 pokoje 55m2 | Taras 20 m2,3150,https://www.otodom.pl/pl/oferta/cisza-i-spokoj-2-pokoje-55m2-taras-20-m2-ID4zXYO
2026-02-07 22:26,Apartament przy Księcia Witolda z widokiem na rzekę,3950,https://www.otodom.pl/pl/oferta/apartament-przy-ksiecia-witolda-z-widokiem-na-rzeke-ID4znmV
2026-02-07 22:27,"Od zaraz, 2 pokoje, winda",2399,https://www.otodom.pl/pl/oferta/od-zaraz-2-pokoje-winda-ID4zXWP
2026-02-07 22:27,Garaż-Nowe Centrum Południowe-Wysoki Standard-,6200,https://www.otodom.pl/pl/oferta/garaz-nowe-centrum-poludniowe-wysoki-standard-ID4zXWL
2026-02-07 22:27,0 % prowizji | 3 pokoje | pierwszy wynajem | balkon | klimatyzacja,3900,https://www.otodom.pl/pl/oferta/0-prowizji-3-pokoje-pierwszy-wynajem-balkon-klimatyzacja-ID4zXWp
2026-02-07 22:27,Stylowy apartament ★ Zieleń wokół ★ 2mp,3800,https://www.otodom.pl/pl/oferta/stylowy-apartament-zielen-wokol-2mp-ID4zXW7
2026-02-07 22:27,"Dwupokojowe, nowe budownictwo 38mkw, balkon! 2800 całość",2100,https://www.otodom.pl/pl/oferta/dwupokojowe-nowe-budownictwo-38mkw-balkon-2800-calosc-ID4zXTr
2026-02-07 22:27,Nowoczesne 2 pokoje w zacisznej okolicy – blisko komunikacji i sklepów,2900,https://www.otodom.pl/pl/oferta/nowoczesne-2-pokoje-w-zacisznej-okolicy-blisko-komunikacji-i-sklepow-ID4zXTm
2026-02-07 22:28,"Słoneczne, rozkładowe 3 pokoje z miejscem do parkowania, ok. Pl.Bema",2900,https://www.otodom.pl/pl/oferta/sloneczne-rozkladowe-3-pokoje-z-miejscem-do-parkowania-ok-pl-bema-ID4zXRF
2026-02-07 22:28,2 pokoje Balkon Garaż Klimatyzacja Krzyki,2850,https://www.otodom.pl/pl/oferta/2-pokoje-balkon-garaz-klimatyzacja-krzyki-ID4zXQG
2026-02-07 22:28,2 pokoje / 54m2 / Balkon / Parking / ul. Zatorska,2500,https://www.otodom.pl/pl/oferta/2-pokoje-54m2-balkon-parking-ul-zatorska-ID4zXPp
2026-02-07 22:28,"Mieszkanie 2-pokojowe, 41m2, klimatyzacja, garaż, Wrocław Stabłowice",2500,https://www.otodom.pl/pl/oferta/mieszkanie-2-pokojowe-41m2-klimatyzacja-garaz-wroclaw-stablowice-ID4sWWW
2026-02-07 22:28,"Zieleń,taras,miejsce parkingowe,klimatyzacja",6200,https://www.otodom.pl/pl/oferta/zielen-taras-miejsce-parkingowe-klimatyzacja-ID4zoex
2026-02-07 22:28,"Klimatyczne 2-pokojowe mieszkanie po remoncie – Nadodrze, ul. Jagie...",3500,https://www.otodom.pl/pl/oferta/klimatyczne-2-pokojowe-mieszkanie-po-remoncie-nadodrze-ul-jagie-ID4zXLC
2026-02-07 22:29,Jasne 2 pokoje z tarasem | Apartamenty Dąbie,5800,https://www.otodom.pl/pl/oferta/jasne-2-pokoje-z-tarasem-apartamenty-dabie-ID4ofzq
2026-02-07 22:29,Nowoczesna kawalerka Ślężna 128 bez prowizji,2450,https://www.otodom.pl/pl/oferta/nowoczesna-kawalerka-slezna-128-bez-prowizji-ID4zDEP
2026-02-07 22:29,614/9296/OMW,3300,https://www.otodom.pl/pl/oferta/614-9296-omw-ID4zwjo
2026-02-07 22:29,Angel City- siłownia- miejsce postojowe- ochrona,3400,https://www.otodom.pl/pl/oferta/angel-city-silownia-miejsce-postojowe-ochrona-ID4zF4O
2026-02-07 22:29,Pierwszy najem - centrum - Kurkowa - dwupoziomowe - wysokie 5m,4000,https://www.otodom.pl/pl/oferta/pierwszy-najem-centrum-kurkowa-dwupoziomowe-wysokie-5m-ID4zXIK
2026-02-07 22:30,⭐️Apartament z Sauną⭐️4pok⭐️centrum⭐️loftyplatinu,4500,https://www.otodom.pl/pl/oferta/apartament-z-sauna4pokcentrumloftyplatinu-ID4zEzB
2026-02-07 22:30,"Biskupin, wysoki standard, dwupokojowe, dwa balkony",2650,https://www.otodom.pl/pl/oferta/biskupin-wysoki-standard-dwupokojowe-dwa-balkony-ID4zXIz
2026-02-07 22:30,nowe - Białowieska 45B/34 - bez prowizji,3499,https://www.otodom.pl/pl/oferta/nowe-bialowieska-45b-34-bez-prowizji-ID4zXHg
2026-02-07 22:30,REZERWACJA_Bezpośrednio_od marca_duża kawalerka z balkonem_komórka,2100,https://www.otodom.pl/pl/oferta/rezerwacja-bezposrednio-od-marca-duza-kawalerka-z-balkonem-komorka-ID4v0ez
2026-02-07 22:30,"Lux Dluga 57Lokum Porto Duży balkon/taras 2 pokoje, mp",2800,https://www.otodom.pl/pl/oferta/lux-dluga-57lokum-porto-duzy-balkon-taras-2-pokoje-mp-ID4zR6E
2026-02-07 22:31,Wyremontowane  2-pokojowe mieszkanie we Wrocławiu,2600,https://www.otodom.pl/pl/oferta/wyremontowane-2-pokojowe-mieszkanie-we-wroclawiu-ID4zXE0
2026-02-07 22:31,Mieszkanie 3pok 54m2 +oddzielna kuchnia,3500,https://www.otodom.pl/pl/oferta/mieszkanie-3pok-54m2-oddzielna-kuchnia-ID4sHOZ
2026-02-07 22:31,klima - balkon - bulw. Dedala,3700,https://www.otodom.pl/hpr/pl/oferta/klima-balkon-bulw-dedala-ID4sgBE
2026-02-07 22:31,Stylowe 2-pokojowe mieszkanie w Wrocławiu,4200,https://www.otodom.pl/pl/oferta/stylowe-2-pokojowe-mieszkanie-w-wroclawiu-ID4xCbi
2026-02-07 22:32,BOREK 42m2 BEZPOŚREDNIO wysoki standard,3200,https://www.otodom.pl/pl/oferta/borek-42m2-bezposrednio-wysoki-standard-ID4k20N
2026-02-07 22:32,"Mieszkanie, 48 m², Wrocław",2700,https://www.otodom.pl/pl/oferta/mieszkanie-48-m-wroclaw-ID4zXCt
2026-02-07 22:32,Piękne i klimatyczne mieszkanie na wynajem 3pokoj,3500,https://www.otodom.pl/pl/oferta/piekne-i-klimatyczne-mieszkanie-na-wynajem-3pokoj-ID4zX7h
2026-02-07 22:32,"Mieszkanie, 60 m², Wrocław",6500,https://www.otodom.pl/pl/oferta/mieszkanie-60-m-wroclaw-ID4zwis
2026-02-07 22:32,Ogródek| parking| klimatyzacja,3000,https://www.otodom.pl/pl/oferta/ogrodek-parking-klimatyzacja-ID4zRvQ
2026-02-07 22:32,Wietrzna/2pok/wyposażenie/balkon/od zaraz,2500,https://www.otodom.pl/pl/oferta/wietrzna-2pok-wyposazenie-balkon-od-zaraz-ID4zRqC
2026-02-07 22:33,Cztery komfortowe pokoje na Partynicach! Parking!,3500,https://www.otodom.pl/pl/oferta/cztery-komfortowe-pokoje-na-partynicach-parking-ID4wdvF
2026-02-07 22:33,3 pokojowe / blisko centrum / lokalizacja,3500,https://www.otodom.pl/pl/oferta/3-pokojowe-blisko-centrum-lokalizacja-ID4vBzP
2026-02-07 22:33,Dwa Pokoje mieszkanie/Legnicka/Braniborska/centrum,3150,https://www.otodom.pl/pl/oferta/dwa-pokoje-mieszkanie-legnicka-braniborska-centrum-ID4o0cU
2026-02-07 22:33,Cztery pokoje w Ogrodach Hallera,11000,https://www.otodom.pl/pl/oferta/cztery-pokoje-w-ogrodach-hallera-ID4zXyl
2026-02-07 22:33,Stylowe 2-pokojowe mieszkanie + garaż + box | Jesionowa / Tarnogaj,3250,https://www.otodom.pl/pl/oferta/stylowe-2-pokojowe-mieszkanie-garaz-box-jesionowa-tarnogaj-ID4zXyf
2026-02-07 22:34,kawalerka ul. Żegiestowska,2400,https://www.otodom.pl/pl/oferta/kawalerka-ul-zegiestowska-ID4zXxn
2026-02-07 22:34,Pierwszy najem | Super lokalizacja | Kępa M.,2600,https://www.otodom.pl/pl/oferta/pierwszy-najem-super-lokalizacja-kepa-m-ID4zXxa
2026-02-07 22:34,Kawalerka Nadodrze tez na krotko Single room flat short term also,2000,https://www.otodom.pl/pl/oferta/kawalerka-nadodrze-tez-na-krotko-single-room-flat-short-term-also-ID4zXv5
2026-02-07 22:34,okolice ul. Murowanej NOWE2022/BALKON/OD ZARAZ!,2550,https://www.otodom.pl/pl/oferta/okolice-ul-murowanej-nowe2022-balkon-od-zaraz-ID4zXwz
2026-02-07 22:34,Do wynajecia mieszkanie 2 pokojowe na Plantach RacławickichWrocław,3600,https://www.otodom.pl/pl/oferta/do-wynajecia-mieszkanie-2-pokojowe-na-plantach-raclawickichwroclaw-ID4zajr
2026-02-07 22:35,Mieszkanie 3 pokojowe z ogrodem i tarasem.,3500,https://www.otodom.pl/pl/oferta/mieszkanie-3-pokojowe-z-ogrodem-i-tarasem-ID4zXtE
2026-02-07 22:35,"gotowe,duży ogród,szafy,wanna,garaż podziemny,",2700,https://www.otodom.pl/pl/oferta/gotowe-duzy-ogrod-szafy-wanna-garaz-podziemny-ID4zXtx
2026-02-07 22:35,Dwupokojowe mieszkanie w centrum Wrocławia - pierwszy najem,3000,https://www.otodom.pl/pl/oferta/dwupokojowe-mieszkanie-w-centrum-wroclawia-pierwszy-najem-ID4zOUh
2026-02-07 22:35,"Przestronne, dwupoziomowe mieszkanie | Gaj",4000,https://www.otodom.pl/pl/oferta/przestronne-dwupoziomowe-mieszkanie-gaj-ID4zXs5
2026-02-07 22:35,Wynajmę mieszkanie 2 pokojowe o wysokim standardzie,3100,https://www.otodom.pl/pl/oferta/wynajme-mieszkanie-2-pokojowe-o-wysokim-standardzie-ID4zXrQ
2026-02-07 22:35,Mieszkanie 2 pokoje z dużym tarasem 15min do Rynku,2300,https://www.otodom.pl/pl/oferta/mieszkanie-2-pokoje-z-duzym-tarasem-15min-do-rynku-ID4zXrf
2026-02-07 22:36,"Mieszkanie z tarasem, sauną i jacuzzi Sky Tower",11000,https://www.otodom.pl/pl/oferta/mieszkanie-z-tarasem-sauna-i-jacuzzi-sky-tower-ID4zXqC
2026-02-07 22:36,Mieszkanie 2 pok z balkonem / Gaj / od zaraz,3000,https://www.otodom.pl/pl/oferta/mieszkanie-2-pok-z-balkonem-gaj-od-zaraz-ID4zLsZ
2026-02-07 22:36,PL | UA | RU | 2 pokoje | Balkon | Oddzielna kuchnia | od zaraz,3100,https://www.otodom.pl/pl/oferta/pl-ua-ru-2-pokoje-balkon-oddzielna-kuchnia-od-zaraz-ID4zXqb
2026-02-07 22:36,"Wrocław, Kawalerka, Legnicka",2200,https://www.otodom.pl/pl/oferta/wroclaw-kawalerka-legnicka-ID4zXq2
2026-02-07 22:36,Komfortowa kawalerka w Centrum! Możliwość odliczenia 23% VAT,2337,https://www.otodom.pl/pl/oferta/komfortowa-kawalerka-w-centrum-mozliwosc-odliczenia-23-vat-ID4zIMO
2026-02-07 22:36,"Wrocław, ul. Skarbowców/Krzycka,2 pok. 45 m2, miejsce parkingowe",2700,https://www.otodom.pl/pl/oferta/wroclaw-ul-skarbowcow-krzycka-2-pok-45-m2-miejsce-parkingowe-ID4mdVz
2026-02-07 22:37,PL/RU Apartament 2 p. | Balkon | Klima | Garderoba | Centrum | Garaż,2750,https://www.otodom.pl/pl/oferta/pl-ru-apartament-2-p-balkon-klima-garderoba-centrum-garaz-ID4zXpf
2026-02-07 22:37,Dla rodziny|miejsce postojowe|spokojna okolica,3100,https://www.otodom.pl/pl/oferta/dla-rodziny-miejsce-postojowe-spokojna-okolica-ID4zXoS
2026-02-07 22:37,3 pokoje|rozkład|klimatyzacja|duży balkon,2800,https://www.otodom.pl/pl/oferta/3-pokoje-rozklad-klimatyzacja-duzy-balkon-ID4zXoR
2026-02-07 22:37,Nowoczesne 3 pokojowe mieszkanie | 2 balkony,2800,https://www.otodom.pl/pl/oferta/nowoczesne-3-pokojowe-mieszkanie-2-balkony-ID4sU51
2026-02-07 22:38,Przytulne 2 pokojowe mieszkanie ul. Vivaldiego,2200,https://www.otodom.pl/pl/oferta/przytulne-2-pokojowe-mieszkanie-ul-vivaldiego-ID4tOWJ
2026-02-07 22:38,"Mieszkanie w centrum, Idealna dla pary lub singla",2200,https://www.otodom.pl/pl/oferta/mieszkanie-w-centrum-idealna-dla-pary-lub-singla-ID4zXol
2026-02-07 22:38,Stylowe 2-pokojowe mieszkanie w Wrocławiu,4200,https://www.otodom.pl/hpr/pl/oferta/stylowe-2-pokojowe-mieszkanie-w-wroclawiu-ID4xCbi
2026-02-07 22:38,Przestronne 2 pokojowe mieszkanie z balkonem | Garaż,3000,https://www.otodom.pl/pl/oferta/przestronne-2-pokojowe-mieszkanie-z-balkonem-garaz-ID4zHAW
2026-02-07 22:38,Przestronne 3 pokojowe mieszkanie z balkonem,2800,https://www.otodom.pl/pl/oferta/przestronne-3-pokojowe-mieszkanie-z-balkonem-ID4zKAo
2026-02-07 22:39,2-pok mieszkanie 50m2 z ogródkami ul. Drabika,2900,https://www.otodom.pl/pl/oferta/2-pok-mieszkanie-50m2-z-ogrodkami-ul-drabika-ID4zXmN
2026-02-07 22:39,"Po remoncie, 2- pokojowe mieszkanie na wynajem Grabiszyn",3000,https://www.otodom.pl/pl/oferta/po-remoncie-2-pokojowe-mieszkanie-na-wynajem-grabiszyn-ID4zXm9
2026-02-07 22:39,Wyjątkowy apartament 3-pok - Jana Pawła II,5500,https://www.otodom.pl/pl/oferta/wyjatkowy-apartament-3-pok-jana-pawla-ii-ID4zXm7
2026-02-07 22:39,Wrocław kawalerka Krzyki Przedmieście Oławskie,2200,https://www.otodom.pl/pl/oferta/wroclaw-kawalerka-krzyki-przedmiescie-olawskie-ID4zX9p
2026-02-07 22:39,Nowoczesny Klimatyzowany Apartament w Centrum,6900,https://www.otodom.pl/pl/oferta/nowoczesny-klimatyzowany-apartament-w-centrum-ID44Gib
2026-02-07 22:39,"Złotniki, ul. Małopolska, 2 pok. 40m2, garaż, garderoba",2400,https://www.otodom.pl/pl/oferta/zlotniki-ul-malopolska-2-pok-40m2-garaz-garderoba-ID4zXl0
2026-02-07 22:39,Przestronne mieszkanie z tarasem Sky Tower,14000,https://www.otodom.pl/pl/oferta/przestronne-mieszkanie-z-tarasem-sky-tower-ID4yEqY
2026-02-07 22:40,PL_RU_3pokoje_Centrum_Braniborska_Garaż w cenie!_55 m²,4000,https://www.otodom.pl/pl/oferta/pl-ru-3pokoje-centrum-braniborska-garaz-w-cenie-55-m-ID4zXkp
2026-02-07 22:40,Kawalerka/Kępa Miesczańska/Gotowe do zamieszkania,1900,https://www.otodom.pl/pl/oferta/kawalerka-kepa-miesczanska-gotowe-do-zamieszkania-ID4zXjo
2026-02-07 22:40,Mieszkanie  po remoncie 2022 Pet Friendly!,2799,https://www.otodom.pl/pl/oferta/mieszkanie-po-remoncie-2022-pet-friendly-ID4zXjp
2026-02-07 22:40,"Jaracza 2-pokoje, wysoki standard, klimatyzacja 49,5 m²",3000,https://www.otodom.pl/pl/oferta/jaracza-2-pokoje-wysoki-standard-klimatyzacja-49-5-m-ID4zjpj
2026-02-07 22:40,Wynajmę 3-pokojowe mieszkanie na Różance,3600,https://www.otodom.pl/pl/oferta/wynajme-3-pokojowe-mieszkanie-na-rozance-ID4nDje
2026-02-07 22:41,Stabłowice /ul. Kokosowa /dobry standard,2400,https://www.otodom.pl/pl/oferta/stablowice-ul-kokosowa-dobry-standard-ID4zOh8
2026-02-07 22:41,Głogowska/Rozkład/Media Miejskie/1 wynajem,2600,https://www.otodom.pl/pl/oferta/glogowska-rozklad-media-miejskie-1-wynajem-ID4zXig
2026-02-07 22:41,Nowoczesne ciepłe 1-pokojowe mieszkanie z balkonem 30m ul. Wełniana,2100,https://www.otodom.pl/pl/oferta/nowoczesne-cieple-1-pokojowe-mieszkanie-z-balkonem-30m-ul-welniana-ID4zXgE
2026-02-07 22:41,Wysoki standard |2 Pokoje | pierwszy najem od właściciela Jagodno 42m,3300,https://www.otodom.pl/pl/oferta/wysoki-standard-2-pokoje-pierwszy-najem-od-wlasciciela-jagodno-42m-ID4zXgg
2026-02-07 22:41,Przyjemne mieszkanie Partynice/Wrocław-Wysoka z tarasem i ogródkiem,2900,https://www.otodom.pl/pl/oferta/przyjemne-mieszkanie-partynice-wroclaw-wysoka-z-tarasem-i-ogrodkiem-ID4kytI
2026-02-07 22:41,Nowoczesne 3-pokojowe mieszkanie z balkonem,3200,https://www.otodom.pl/pl/oferta/nowoczesne-3-pokojowe-mieszkanie-z-balkonem-ID44vhM
2026-02-07 22:42,Apartament|4 pokoje|taras|Port Popowice,6300,https://www.otodom.pl/pl/oferta/apartament-4-pokoje-taras-port-popowice-ID4zXf9
2026-02-07 22:42,"Do wynajęcia 2-pokojowe mieszkanie | 47 m² | Wrocław, ul. Gazowa",3500,https://www.otodom.pl/pl/oferta/do-wynajecia-2-pokojowe-mieszkanie-47-m-wroclaw-ul-gazowa-ID4zOMx
2026-02-07 22:42,Wynajmę dwupoziomowe mieszkanie na Krzykach,4200,https://www.otodom.pl/pl/oferta/wynajme-dwupoziomowe-mieszkanie-na-krzykach-ID4zXdc
2026-02-07 22:42,"Nowoczesne mieszkanie Park Wschodni taras,Rybnicka",2500,https://www.otodom.pl/pl/oferta/nowoczesne-mieszkanie-park-wschodni-taras-rybnicka-ID4zXdn
2026-02-07 22:42,Mieszkanie 2pok dla 1-2 osó Gaj Krzyki Czerniawska,2600,https://www.otodom.pl/pl/oferta/mieszkanie-2pok-dla-1-2-oso-gaj-krzyki-czerniawska-ID3kNFc
2026-02-07 22:43,Komfortowy Apartament 45m2 na płycie głównej Rynku,3500,https://www.otodom.pl/pl/oferta/komfortowy-apartament-45m2-na-plycie-glownej-rynku-ID4yX2G
2026-02-07 22:43,3-pok od 01.03.2026 ul.Przedmiejska SOFTY LOFTY Garaż na 2 auta*Balkon,3700,https://www.otodom.pl/pl/oferta/3-pok-od-01-03-2026-ul-przedmiejska-softy-lofty-garaz-na-2-autabalkon-ID4zX90
2026-02-07 22:43,Belvedere Park ★ Przyjazne dzieciom i pupilom,2950,https://www.otodom.pl/pl/oferta/belvedere-park-przyjazne-dzieciom-i-pupilom-ID4zX8J
2026-02-07 22:43,2 osobne pokoje | 55m2 | Parking | Balkon | Internet | Wanna| Siłownia,2800,https://www.otodom.pl/pl/oferta/2-osobne-pokoje-55m2-parking-balkon-internet-wanna-silownia-ID4zX8o
2026-02-07 22:43,Nowe mieszkanie premium – pierwszy wynajem,3600,https://www.otodom.pl/pl/oferta/nowe-mieszkanie-premium-pierwszy-wynajem-ID4zNpv
2026-02-07 22:44,3-pok 62 m2 od zaraz ul. Klimasa DI Trevi *Garaż*,3500,https://www.otodom.pl/pl/oferta/3-pok-62-m2-od-zaraz-ul-klimasa-di-trevi-garaz-ID4zX81
2026-02-07 22:44,"5 pokoi 2 łazienki, ogródek, 2 miejsca parkingowe",3999,https://www.otodom.pl/pl/oferta/5-pokoi-2-lazienki-ogrodek-2-miejsca-parkingowe-ID4zLsS
2026-02-07 22:44,Wyjątkowe Dwupokojowe Mieszkanie Nadodrze,3800,https://www.otodom.pl/pl/oferta/wyjatkowe-dwupokojowe-mieszkanie-nadodrze-ID4zKif
2026-02-07 22:44,"Walońska, 2-pokojowy 42 m² apartament w Angel Wings",2900,https://www.otodom.pl/pl/oferta/walonska-2-pokojowy-42-m-apartament-w-angel-wings-ID4nauo
2026-02-07 22:44,Mieszkanie Nowy Gaj/ 2 pokoje/ 56m2/ parking i komórka lokatorska,3800,https://www.otodom.pl/pl/oferta/mieszkanie-nowy-gaj-2-pokoje-56m2-parking-i-komorka-lokatorska-ID4mqI8
2026-02-07 22:45,Nowoczesny Apartament ul.Krakowska bezpośrednio! 2pokoje/ rzeka/balkon,3000,https://www.otodom.pl/pl/oferta/nowoczesny-apartament-ul-krakowska-bezposrednio-2pokoje-rzeka-balkon-ID49wjo
2026-02-07 22:45,Przestronne 2 pokojowe mieszkanie z balkonem | Garaż,3000,https://www.otodom.pl/hpr/pl/oferta/przestronne-2-pokojowe-mieszkanie-z-balkonem-garaz-ID4zHAW
2026-02-07 22:45,Nowoczesne 3 pok. Mieszkanie Kępa Mieszczańska,6500,https://www.otodom.pl/pl/oferta/nowoczesne-3-pok-mieszkanie-kepa-mieszczanska-ID4zQia
2026-02-07 22:45,Pierwszy najem-Piękna Kamienica-Po remoncie,3100,https://www.otodom.pl/pl/oferta/pierwszy-najem-piekna-kamienica-po-remoncie-ID4zX2T
2026-02-07 22:45,Kawalerka blisko centrum z ładnym widokiem,2200,https://www.otodom.pl/pl/oferta/kawalerka-blisko-centrum-z-ladnym-widokiem-ID4zX1S
2026-02-07 22:45,Przytulne | Jasne | Po remoncie | Pierwszy najem,3199,https://www.otodom.pl/pl/oferta/przytulne-jasne-po-remoncie-pierwszy-najem-ID4zOKJ
2026-02-07 22:46,Mieszkanie z klasą | Rynek | m.p,2600,https://www.otodom.pl/pl/oferta/mieszkanie-z-klasa-rynek-m-p-ID4zHVJ
2026-02-07 22:46,2 przestronne pokoje na Grabiszyńskiej - 57m2,2500,https://www.otodom.pl/pl/oferta/2-przestronne-pokoje-na-grabiszynskiej-57m2-ID4zMtl
2026-02-07 22:46,=hit= w pełni rozkładowe 3 pokoje Olimpia Port =,3300,https://www.otodom.pl/pl/oferta/hit-w-pelni-rozkladowe-3-pokoje-olimpia-port-ID4zM83
2026-02-07 22:46,Wysoki Standard | Balkon + Poddasze | M.p,3450,https://www.otodom.pl/pl/oferta/wysoki-standard-balkon-poddasze-m-p-ID4yZup
2026-02-07 22:46,2 pokoje w świetnej lokalizacji- 65m2,2800,https://www.otodom.pl/pl/oferta/2-pokoje-w-swietnej-lokalizacji-65m2-ID4zM82
2026-02-07 22:46,"Kawalerka, wysoki standard, samo centrum",2300,https://www.otodom.pl/pl/oferta/kawalerka-wysoki-standard-samo-centrum-ID4zR7C
2026-02-07 22:46,749875,3000,https://www.otodom.pl/pl/oferta/749875-ID4zF4l
2026-02-07 22:47,Przytulne 2 pokoje - 38m2 obok parku + balkon,2800,https://www.otodom.pl/pl/oferta/przytulne-2-pokoje-38m2-obok-parku-balkon-ID4zRep
2026-02-07 22:47,City Center  I River View,6500,https://www.otodom.pl/pl/oferta/city-center-i-river-view-ID4zSRq
2026-02-07 22:47,Pierwszy wynajem. Całkiem nowe. Centrum,2800,https://www.otodom.pl/pl/oferta/pierwszy-wynajem-calkiem-nowe-centrum-ID4zX09
2026-02-07 22:47,First rent | Nadodrze | Studio | Kaszubska 11,1950,https://www.otodom.pl/pl/oferta/first-rent-nadodrze-studio-kaszubska-11-ID4zVZ6
2026-02-07 22:47,Mieszkanie 2-pokojowe Iwaszkiewicza Klima Garaż duży taras,3000,https://www.otodom.pl/pl/oferta/mieszkanie-2-pokojowe-iwaszkiewicza-klima-garaz-duzy-taras-ID4xPcG
2026-02-07 22:48,2 pokojowe#Grabiszyńska#Firlej#NajemOkazjonalny,2800,https://www.otodom.pl/pl/oferta/2-pokojowe-grabiszynska-firlej-najemokazjonalny-ID4zVYp
2026-02-07 22:48,Gotowe M2|pełne wyposażenie|balkon|parkingx2,3000,https://www.otodom.pl/pl/oferta/gotowe-m2-pelne-wyposazenie-balkon-parkingx2-ID4zVYh
2026-02-07 22:48,"Wrocław Nadodrze, ulica Ludwika Rydygiera 63/16",2300,https://www.otodom.pl/pl/oferta/wroclaw-nadodrze-ulica-ludwika-rydygiera-63-16-ID4zl0A
2026-02-07 22:48,"2pok, balkon,parking/Walońska/Angel,1-bedr to rent",3300,https://www.otodom.pl/pl/oferta/2pok-balkon-parking-walonska-angel-1-bedr-to-rent-ID4zNN8
2026-02-07 22:48,Loftowy apartament 48 m² | 3 pokoje | Centrum,3300,https://www.otodom.pl/pl/oferta/loftowy-apartament-48-m-3-pokoje-centrum-ID4zVVu
2026-02-07 22:48,Dwupokojowe mieszkanie z garderobą w centrum Wrocławia,3000,https://www.otodom.pl/pl/oferta/dwupokojowe-mieszkanie-z-garderoba-w-centrum-wroclawia-ID4zVWx
2026-02-07 22:49,CENTRUM -2 pokoje z widokiem na rzekę|M. Postojowe| ENG,3300,https://www.otodom.pl/pl/oferta/centrum-2-pokoje-z-widokiem-na-rzeke-m-postojowe-eng-ID4ol5U
2026-02-07 22:49,3 POKOJE | Promenady Wrocławskie | ul. Zakładowa,4350,https://www.otodom.pl/pl/oferta/3-pokoje-promenady-wroclawskie-ul-zakladowa-ID4zVUE
2026-02-07 22:49,"Przestronna kawalerka - bez prowizji, w centrum Wrocławia",2100,https://www.otodom.pl/pl/oferta/przestronna-kawalerka-bez-prowizji-w-centrum-wroclawia-ID4zJRH
2026-02-07 22:49,"Dwa osobne pokoje, 34m2, ul. Gazowa",2100,https://www.otodom.pl/pl/oferta/dwa-osobne-pokoje-34m2-ul-gazowa-ID4zVSM
2026-02-07 22:49,2 pokoje | Nowe | Pierwszy Najem | Kozanów,2500,https://www.otodom.pl/pl/oferta/2-pokoje-nowe-pierwszy-najem-kozanow-ID4z4qs
2026-02-07 22:49,3 pok | Apartament nad Odrą | Centrum| Atal Towers,4000,https://www.otodom.pl/pl/oferta/3-pok-apartament-nad-odra-centrum-atal-towers-ID4zI5r
2026-02-07 22:49,"2pok+kuchnia,39m2/balkon/Gajowicka/Jastrzębia",2300,https://www.otodom.pl/pl/oferta/2pok-kuchnia-39m2-balkon-gajowicka-jastrzebia-ID4zVRB
2026-02-07 22:50,"Nowoczesne studio, prestiżowe z balkonem w OVO",2800,https://www.otodom.pl/pl/oferta/nowoczesne-studio-prestizowe-z-balkonem-w-ovo-ID4zd8L
2026-02-07 22:50,Mieszkanie 44 m2 / 2 pok. / ul. Ptasia /1km od UW,2700,https://www.otodom.pl/pl/oferta/mieszkanie-44-m2-2-pok-ul-ptasia-1km-od-uw-ID4tqNR
2026-02-07 22:50,Atrakcyjne mieszkanie 60 m² w spokojnej i zielonej dzielnicy Wrocławia,3300,https://www.otodom.pl/pl/oferta/atrakcyjne-mieszkanie-60-m-w-spokojnej-i-zielonej-dzielnicy-wroclawia-ID4zVOx
2026-02-07 22:50,"przestronne mieszkanie 42 m2 , ul. Wałbrzyska 13a,",2450,https://www.otodom.pl/pl/oferta/przestronne-mieszkanie-42-m2-ul-walbrzyska-13a-ID42OpE
2026-02-07 22:50,2 pok. | os. kuchnia | balkon | centrum - ul. Reja,2700,https://www.otodom.pl/pl/oferta/2-pok-os-kuchnia-balkon-centrum-ul-reja-ID4zVLV
2026-02-07 22:50,Eleganckie 3 pokojowe mieszkanie z ogrodem Rodzinn,3700,https://www.otodom.pl/pl/oferta/eleganckie-3-pokojowe-mieszkanie-z-ogrodem-rodzinn-ID4zS8R
2026-02-07 22:51,Nowoczesne 3 pok. Mieszkanie Kępa Mieszczańska,6500,https://www.otodom.pl/hpr/pl/oferta/nowoczesne-3-pok-mieszkanie-kepa-mieszczanska-ID4zQia
2026-02-07 22:51,Piękne M3 - blisko autobus i tramwaj - ul. Krzycka,3200,https://www.otodom.pl/pl/oferta/piekne-m3-blisko-autobus-i-tramwaj-ul-krzycka-ID4zVL8
2026-02-07 22:51,3 POK z balkonem | Promenady Zakładowa | Bezpośrednio,3669,https://www.otodom.pl/pl/oferta/3-pok-z-balkonem-promenady-zakladowa-bezposrednio-ID4zHWM
2026-02-07 22:51,Dwupoziomowe mieszkanie 3 pok | Balkon | Okolice PKP | Bezpośrednio,3146,https://www.otodom.pl/pl/oferta/dwupoziomowe-mieszkanie-3-pok-balkon-okolice-pkp-bezposrednio-ID4zVKA
2026-02-07 22:51,"2 pok, ogród, MP, klimatyzacja",3200,https://www.otodom.pl/pl/oferta/2-pok-ogrod-mp-klimatyzacja-ID4zVKa
2026-02-07 22:52,Mieszkanie na wynajem w cichej i spokojnej okolicy,3800,https://www.otodom.pl/pl/oferta/mieszkanie-na-wynajem-w-cichej-i-spokojnej-okolicy-ID4zVJS
2026-02-07 22:52,Pakosławska|2pok|Rozkład|Garaż|Taras,2800,https://www.otodom.pl/pl/oferta/pakoslawska-2pok-rozklad-garaz-taras-ID4zN0P
2026-02-07 22:52,Wrocław Fabryczna - Apartament z tarasem.,2750,https://www.otodom.pl/pl/oferta/wroclaw-fabryczna-apartament-z-tarasem-ID4zVJA
2026-02-07 22:52,Wynajem mieszkanie ul. Oboźna 2 pokoje wyremontowane 50 m,2500,https://www.otodom.pl/pl/oferta/wynajem-mieszkanie-ul-obozna-2-pokoje-wyremontowane-50-m-ID4zVJ3
2026-02-07 22:52,"okazja, Krzyki, Huby",2250,https://www.otodom.pl/pl/oferta/okazja-krzyki-huby-ID4zVJh
2026-02-07 22:52,"Prusa, rozkładowe, umeblowane, wyposażone",2900,https://www.otodom.pl/pl/oferta/prusa-rozkladowe-umeblowane-wyposazone-ID4zVIY
2026-02-07 22:53,Na wynajem | 2 pokoje | Nowe budownictwo | Centrum,3300,https://www.otodom.pl/pl/oferta/na-wynajem-2-pokoje-nowe-budownictwo-centrum-ID4zVIX
2026-02-07 22:53,Kawalerka / Dworzec Główny / OD Zaraz,2150,https://www.otodom.pl/pl/oferta/kawalerka-dworzec-glowny-od-zaraz-ID4zVIo
2026-02-07 22:53,"Rynek, Ul. Ruska, Kawalerka,37M2, Ip., Balkon",2500,https://www.otodom.pl/pl/oferta/rynek-ul-ruska-kawalerka-37m2-ip-balkon-ID4zKKX
2026-02-07 22:53,Okolice ul. Kruszwickiej,3000,https://www.otodom.pl/pl/oferta/okolice-ul-kruszwickiej-ID4zVHv
2026-02-07 22:53,Mieszkanie 2 pokojowe do wynajęcia + miejsce w garażu podziemnym,2800,https://www.otodom.pl/pl/oferta/mieszkanie-2-pokojowe-do-wynajecia-miejsce-w-garazu-podziemnym-ID4zVBh
2026-02-07 22:54,Apartament 52m² | 3 pok | Taras 8m² | Centrum | Wroclavia | HomeOffice,3650,https://www.otodom.pl/pl/oferta/apartament-52m-3-pok-taras-8m-centrum-wroclavia-homeoffice-ID4zE2G
2026-02-07 22:54,Mieszkanie pracownicze - ul. Piłsudskiego,700,https://www.otodom.pl/pl/oferta/mieszkanie-pracownicze-ul-pilsudskiego-ID4zJMU
2026-02-07 22:54,Miedziana - 2 pokoje- loggia- parking,2800,https://www.otodom.pl/pl/oferta/miedziana-2-pokoje-loggia-parking-ID4zVCm
2026-02-07 22:54,"3 osobne pok. z garderobą | Promocja ! Bezpośrednio |Wrocław, Jaworska",4600,https://www.otodom.pl/pl/oferta/3-osobne-pok-z-garderoba-promocja-bezposrednio-wroclaw-jaworska-ID4zVBc
2026-02-07 22:54,"Nowe, stylowe mieszkanie z dużym balkonem – ul. Braniborska, Wrocław",5000,https://www.otodom.pl/pl/oferta/nowe-stylowe-mieszkanie-z-duzym-balkonem-ul-braniborska-wroclaw-ID4zBpi
2026-02-07 22:55,Angel City/ GYM&SPA/ 1mc 50%,3600,https://www.otodom.pl/pl/oferta/angel-city-gym-spa-1mc-50-ID4zDYH
2026-02-07 22:55,Planty Racławickie- Wysoki standard- Siłownia,5100,https://www.otodom.pl/pl/oferta/planty-raclawickie-wysoki-standard-silownia-ID4zVAm
2026-02-07 22:55,3-pok| Klima| Komórka| Parking | Kurkowa,3500,https://www.otodom.pl/pl/oferta/3-pok-klima-komorka-parking-kurkowa-ID4qFrx
2026-02-07 22:55,Browary Wrocławskie- Wysoki standart,4000,https://www.otodom.pl/pl/oferta/browary-wroclawskie-wysoki-standart-ID4zVAl
2026-02-07 22:55,Mieszkanie 2 pokoje | Wysoki Standard | Ul.Ołbińska |Wrocław| Nadodrze,2600,https://www.otodom.pl/pl/oferta/mieszkanie-2-pokoje-wysoki-standard-ul-olbinska-wroclaw-nadodrze-ID4zVzJ
2026-02-07 22:55,Air Conditioner/2Rooms/ Balcony/ GYM/Parking,3200,https://www.otodom.pl/pl/oferta/air-conditioner-2rooms-balcony-gym-parking-ID4zVzj
2026-02-07 22:56,First rent/ Promenady Wrocławskie/ 6 months,2800,https://www.otodom.pl/pl/oferta/first-rent-promenady-wroclawskie-6-months-ID4zVzi
2026-02-07 22:56,Nowe Żerniki | 3 pokoje z ogródkiem i garażem | 78 m²,4700,https://www.otodom.pl/pl/oferta/nowe-zerniki-3-pokoje-z-ogrodkiem-i-garazem-78-m-ID4zVya
2026-02-07 22:56,Nowe 2-pokojowe mieszkanie na Krzykach,3000,https://www.otodom.pl/pl/oferta/nowe-2-pokojowe-mieszkanie-na-krzykach-ID4zVx6
2026-02-07 22:56,Apartament 3-pokojowy z widokiem na Odrę,4999,https://www.otodom.pl/pl/oferta/apartament-3-pokojowy-z-widokiem-na-odre-ID4zVwS
2026-02-07 22:56,"2 pokoje, klimatyzacja, miejsce postojowe",3000,https://www.otodom.pl/pl/oferta/2-pokoje-klimatyzacja-miejsce-postojowe-ID4mSd8
2026-02-07 22:56,"Kawalerka 32,5 m² z balkonem | Ołbin | centrum",2200,https://www.otodom.pl/pl/oferta/kawalerka-32-5-m-z-balkonem-olbin-centrum-ID4zVtP
2026-02-07 22:57,"Atrakcyjne 3 pokojowe Chorwacka, Różanka",3800,https://www.otodom.pl/pl/oferta/atrakcyjne-3-pokojowe-chorwacka-rozanka-ID4zaNw
2026-02-07 22:57,"Duży taras, widok na rzekę, Olimpia Port",4550,https://www.otodom.pl/pl/oferta/duzy-taras-widok-na-rzeke-olimpia-port-ID4zRkb
2026-02-07 22:57,Small Pet-Friendly | Garaż | Klimatyzacja | Balkon | Od zaraz,3200,https://www.otodom.pl/pl/oferta/small-pet-friendly-garaz-klimatyzacja-balkon-od-zaraz-ID4zReb
2026-02-07 22:57,Fitnes Club w cenie | Balkon | Garaż | 2 Pokojowe Od Zaraz,2900,https://www.otodom.pl/pl/oferta/fitnes-club-w-cenie-balkon-garaz-2-pokojowe-od-zaraz-ID4zR9g
2026-02-07 22:57,Piękne M3 - blisko autobus i tramwaj - ul. Krzycka,3200,https://www.otodom.pl/hpr/pl/oferta/piekne-m3-blisko-autobus-i-tramwaj-ul-krzycka-ID4zVL8
2026-02-07 22:57,"3pok.| garaż | balkon | klima | szkoła WIS | Krzyki, ul. Racławicka 87",4800,https://www.otodom.pl/pl/oferta/3pok-garaz-balkon-klima-szkola-wis-krzyki-ul-raclawicka-87-ID4zR1W
2026-02-07 22:57,"Śliczne, w pełni wyposażone 2 pok z balkonem.",3800,https://www.otodom.pl/pl/oferta/sliczne-w-pelni-wyposazone-2-pok-z-balkonem-ID4zbrK
2026-02-07 22:58,"Przestronne 84m2, nowe bud. Vivaldiego, Krzyki!",2950,https://www.otodom.pl/pl/oferta/przestronne-84m2-nowe-bud-vivaldiego-krzyki-ID4zQRV
2026-02-07 22:58,"82m2, 4pok. | serce Krzyków, ul. Wietrzna",3900,https://www.otodom.pl/pl/oferta/82m2-4pok-serce-krzykow-ul-wietrzna-ID4zQS9
2026-02-07 22:58,"NOWE BUD. 2022, 3pok, 60m2, Brzezińska / Leśnica",2900,https://www.otodom.pl/pl/oferta/nowe-bud-2022-3pok-60m2-brzezinska-lesnica-ID4zQRx
2026-02-07 22:58,"2pok. Zielińskiego / Arkady - pieszo na Dworzec, kilka min. do Rynku!",2250,https://www.otodom.pl/pl/oferta/2pok-zielinskiego-arkady-pieszo-na-dworzec-kilka-min-do-rynku-ID4zQQB
2026-02-07 22:59,WYNAJMĘ MIKRO-KAWALERKĘ PRZY MAGNOLIA PARK - LEGNICKA 49,1800,https://www.otodom.pl/pl/oferta/wynajme-mikro-kawalerke-przy-magnolia-park-legnicka-49-ID4yadH
2026-02-07 22:59,Studio premium z aneksem | centrum | balkon francuski | bez prowizji,2990,https://www.otodom.pl/pl/oferta/studio-premium-z-aneksem-centrum-balkon-francuski-bez-prowizji-ID4zQMt
2026-02-07 22:59,Świetne mieszkanie do wynajęcia- top lokalizacja,2800,https://www.otodom.pl/pl/oferta/swietne-mieszkanie-do-wynajecia-top-lokalizacja-ID4ylji
2026-02-07 22:59,"Na wynajem nowe, komfortowe mieszkanie na Krzykach I garaż I",3300,https://www.otodom.pl/pl/oferta/na-wynajem-nowe-komfortowe-mieszkanie-na-krzykach-i-garaz-i-ID4zQyO
2026-02-07 22:59,nowe/klimatyzacja /  15 min spacerem Rynek,3500,https://www.otodom.pl/pl/oferta/nowe-klimatyzacja-15-min-spacerem-rynek-ID4zQyJ
2026-02-07 22:59,Nowe / widok na rzekę /klimatyzacja,3800,https://www.otodom.pl/pl/oferta/nowe-widok-na-rzeke-klimatyzacja-ID4zQwb
2026-02-07 23:00,"3-pokojowe mieszkanie z balkonem | ul. Skwierzyńska, Wrocław",3500,https://www.otodom.pl/pl/oferta/3-pokojowe-mieszkanie-z-balkonem-ul-skwierzynska-wroclaw-ID4zuGx
2026-02-07 23:00,Pierwszy Najem - Garaż - Media Miejskie - Komfort,3200,https://www.otodom.pl/pl/oferta/pierwszy-najem-garaz-media-miejskie-komfort-ID4zVtx
2026-02-07 23:00,ul. Przyjaźni / Taras,7000,https://www.otodom.pl/pl/oferta/ul-przyjazni-taras-ID4zVtj
2026-02-07 23:00,ul. Kamienskiego / balkon,3300,https://www.otodom.pl/pl/oferta/ul-kamienskiego-balkon-ID4zVti
2026-02-07 23:00,ok. Galerii Domnikańskiej I 3pok I Centrum,3500,https://www.otodom.pl/pl/oferta/ok-galerii-domnikanskiej-i-3pok-i-centrum-ID4zVrQ
2026-02-07 23:00,"Mieszkanie 3 pokojowe 69 m2 + balkon, garaż ul. Jesionowa",4200,https://www.otodom.pl/pl/oferta/mieszkanie-3-pokojowe-69-m2-balkon-garaz-ul-jesionowa-ID4muHJ
2026-02-07 23:00,Dwupokojowe mieszkanie 42m2 na Wrocławskim Gaju,2500,https://www.otodom.pl/pl/oferta/dwupokojowe-mieszkanie-42m2-na-wroclawskim-gaju-ID4wrSD
2026-02-07 23:01,NADODRZE/CENTRUM/TANIO/PRZYSTANKI/DWORZEC/2POK/PARK,2500,https://www.otodom.pl/pl/oferta/nadodrze-centrum-tanio-przystanki-dworzec-2pok-park-ID4zOWw
2026-02-07 23:01,"ul. Tęczowa okolica Grabiszyńskiej taras, ogródek, 2010 rok",2600,https://www.otodom.pl/pl/oferta/ul-teczowa-okolica-grabiszynskiej-taras-ogrodek-2010-rok-ID4zVp0
2026-02-07 23:01,Drukarska | Brand New | Ips School,8500,https://www.otodom.pl/pl/oferta/drukarska-brand-new-ips-school-ID4zVo9
2026-02-07 23:01,3 POKOJE ROZKŁADOWE | OSOBNA KUCHNIA | BALKON | GĄDÓW MAŁY,3300,https://www.otodom.pl/pl/oferta/3-pokoje-rozkladowe-osobna-kuchnia-balkon-gadow-maly-ID4uPfL
2026-02-07 23:01,Centrum Wrocławia Media Miejskie Piwnica,2400,https://www.otodom.pl/pl/oferta/centrum-wroclawia-media-miejskie-piwnica-ID4zVnh
2026-02-07 23:02,"Nowe mieszkanie dwupokojowe, Różanka, Wrocław",2800,https://www.otodom.pl/pl/oferta/nowe-mieszkanie-dwupokojowe-rozanka-wroclaw-ID4lwuQ
2026-02-07 23:02,2 pokoje / Angel River / Mp / balkon / Gym&Spa,3400,https://www.otodom.pl/pl/oferta/2-pokoje-angel-river-mp-balkon-gym-spa-ID4zVn0
2026-02-07 23:02,2 pokoje | Spa&Gym | balkon | Angel City,3400,https://www.otodom.pl/pl/oferta/2-pokoje-spa-gym-balkon-angel-city-ID4zVma
2026-02-07 23:02,"Mieszkanie ul. Sienkiewicza, 4 pokoje, 74m2",4000,https://www.otodom.pl/pl/oferta/mieszkanie-ul-sienkiewicza-4-pokoje-74m2-ID4yoKZ
2026-02-07 23:02,PL/UA Księcia Witolda | Apartament z klimatyzacją | Od Zaraz | Centrum,2599,https://www.otodom.pl/pl/oferta/pl-ua-ksiecia-witolda-apartament-z-klimatyzacja-od-zaraz-centrum-ID4zVkA
2026-02-07 23:02,2pokoje | Promenady Wrocławskie | Do wynajęci,2790,https://www.otodom.pl/pl/oferta/2pokoje-promenady-wroclawskie-do-wynajeci-ID4zVib
2026-02-07 23:03,Nowe mieszkanie na wynajem Wrocław ul. Legnicka - bez pośredników,4000,https://www.otodom.pl/pl/oferta/nowe-mieszkanie-na-wynajem-wroclaw-ul-legnicka-bez-posrednikow-ID4wIy0
2026-02-07 23:03,Kawalerka w centrum Wrocławia,2490,https://www.otodom.pl/pl/oferta/kawalerka-w-centrum-wroclawia-ID4zVhf
2026-02-07 23:03,Nowa kawalerka na Krzykach - ul. Dożynkowa,3000,https://www.otodom.pl/pl/oferta/nowa-kawalerka-na-krzykach-ul-dozynkowa-ID4zrTt
2026-02-07 23:03,"Wilczyce, 4 pokojowe w zab. szeregowej",4500,https://www.otodom.pl/pl/oferta/wilczyce-4-pokojowe-w-zab-szeregowej-ID4zVfD
2026-02-07 23:03,Centrum Miasta | 2-Osobne Pokoje | Balkon | Inowrocławska | Szczepin,3000,https://www.otodom.pl/pl/oferta/centrum-miasta-2-osobne-pokoje-balkon-inowroclawska-szczepin-ID4zVfg
2026-02-07 23:03,"Do wynajęcia mieszkanie 4-pokojowe – Wrocław, Gaj",4000,https://www.otodom.pl/pl/oferta/do-wynajecia-mieszkanie-4-pokojowe-wroclaw-gaj-ID4zVf0
2026-02-07 23:04,"3pok.| garaż | balkon | klima | szkoła WIS | Krzyki, ul. Racławicka 87",4800,https://www.otodom.pl/hpr/pl/oferta/3pok-garaz-balkon-klima-szkola-wis-krzyki-ul-raclawicka-87-ID4zR1W
2026-02-07 23:04,"LEGNICKA, 33 m2, 2 pokoje, PIXEL HOUSE, przy C.H. MAGNOLIA",2700,https://www.otodom.pl/pl/oferta/legnicka-33-m2-2-pokoje-pixel-house-przy-c-h-magnolia-ID4zVdO
2026-02-07 23:04,3 pokojowe mieszkanie loftowe - ul. Młynarska,3700,https://www.otodom.pl/pl/oferta/3-pokojowe-mieszkanie-loftowe-ul-mlynarska-ID4zFhZ
2026-02-07 23:04,44m²|Świetna lokalizacja|Ciche|Kamienica|Dla pary,2650,https://www.otodom.pl/pl/oferta/44m-swietna-lokalizacja-ciche-kamienica-dla-pary-ID4zG0U
2026-02-07 23:04,3 pokoje z antresolą i tarasem 32m2 - Jagodno,4100,https://www.otodom.pl/pl/oferta/3-pokoje-z-antresola-i-tarasem-32m2-jagodno-ID4zEPC
2026-02-07 23:05,"3-pokojowe mieszkanie, Olimpia Port",3100,https://www.otodom.pl/pl/oferta/3-pokojowe-mieszkanie-olimpia-port-ID4zEhK
2026-02-07 23:05,Klimatyzacja | Cicha Okolica | Pets Friendly,2600,https://www.otodom.pl/pl/oferta/klimatyzacja-cicha-okolica-pets-friendly-ID4zMAg
2026-02-07 23:05,"Wynajem WYŁĄCZNIE dla firmy, vat 23%",4000,https://www.otodom.pl/pl/oferta/wynajem-wylacznie-dla-firmy-vat-23-ID4rFwf
2026-02-07 23:05,2 osobne pokoje z balkonem | ul. Grabiszyńska,2600,https://www.otodom.pl/pl/oferta/2-osobne-pokoje-z-balkonem-ul-grabiszynska-ID4zFoH
2026-02-07 23:05,Luks 3 Pok - Centrum - Parking – Od Zaraz,5600,https://www.otodom.pl/pl/oferta/luks-3-pok-centrum-parking-od-zaraz-ID4zVcb
2026-02-07 23:06,Kawalerka WROCŁAW ŚLICZNA 1900 zł + rachunki,1900,https://www.otodom.pl/pl/oferta/kawalerka-wroclaw-sliczna-1900-zl-rachunki-ID4lAvh
2026-02-07 23:06,Kawalerka wysoki standard balkon Legnicka 33,2300,https://www.otodom.pl/pl/oferta/kawalerka-wysoki-standard-balkon-legnicka-33-ID4woOG
2026-02-07 23:06,"3 pok, 65m2, dwa balkony, klima,miejsce park.",5000,https://www.otodom.pl/pl/oferta/3-pok-65m2-dwa-balkony-klima-miejsce-park-ID4zvaG
2026-02-07 23:06,The Upper House-basen | concierge |Spa&Gym + taras,4000,https://www.otodom.pl/pl/oferta/the-upper-house-basen-concierge-spa-gym-taras-ID4zVbk
2026-02-07 23:06,Ulica Magellana ! Pełen Rozkład ! Super Wyposażone Umeblowane Okazja !,2800,https://www.otodom.pl/pl/oferta/ulica-magellana-pelen-rozklad-super-wyposazone-umeblowane-okazja-ID4zLkd
2026-02-07 23:07,Świetna lokalizacja✮MP✮3-pok✮Balkon✮ENG,3300,https://www.otodom.pl/pl/oferta/swietna-lokalizacjamp3-pokbalkoneng-ID4zVaX
2026-02-07 23:07,NOWOCZESNA KAWALERKA | PIERWSZY NAJEM | BALKON | WINDA,2500,https://www.otodom.pl/pl/oferta/nowoczesna-kawalerka-pierwszy-najem-balkon-winda-ID4zVa6
2026-02-07 23:07,2 pokoje | Balkon| Parking| 20 min do Galerii Dominikańskiej,2600,https://www.otodom.pl/pl/oferta/2-pokoje-balkon-parking-20-min-do-galerii-dominikanskiej-ID4zV9E
2026-02-07 23:07,"Szklarska, 2 pok, Cicho i zielono!",2500,https://www.otodom.pl/pl/oferta/szklarska-2-pok-cicho-i-zielono-ID4zV7z
2026-02-07 23:08,Kawalerka z miejscem parkingowym Jeździecka Krzyki,2000,https://www.otodom.pl/pl/oferta/kawalerka-z-miejscem-parkingowym-jezdziecka-krzyki-ID4vOUP
2026-02-07 23:08,2 pokoje z osobną kuchnią ✩ Zoo ✩ na 6 miesięcy,2500,https://www.otodom.pl/pl/oferta/2-pokoje-z-osobna-kuchnia-zoo-na-6-miesiecy-ID4zV5I
2026-02-07 23:08,"Nowy budynek, bukwar, rzeka. HIT!",4199,https://www.otodom.pl/pl/oferta/nowy-budynek-bukwar-rzeka-hit-ID4xDUE
2026-02-07 23:08,"apartament z widokiem na rzekę, wysoki standard",4300,https://www.otodom.pl/pl/oferta/apartament-z-widokiem-na-rzeke-wysoki-standard-ID4zV4k
2026-02-07 23:08,Dwupokojowe mieszkanie z balkonem na Krzykach! ul. Zgodna!,2500,https://www.otodom.pl/pl/oferta/dwupokojowe-mieszkanie-z-balkonem-na-krzykach-ul-zgodna-ID4zV41
2026-02-07 23:08,Mieszkanie 2-pokojowe na Fabrycznej we Wrocławiu do WYNAJĘCIA,2900,https://www.otodom.pl/pl/oferta/mieszkanie-2-pokojowe-na-fabrycznej-we-wroclawiu-do-wynajecia-ID4zV3m
2026-02-07 23:08,Rozkładowe 2 pokoje z balkonem -Plac Grunwaldzki,3000,https://www.otodom.pl/pl/oferta/rozkladowe-2-pokoje-z-balkonem-plac-grunwaldzki-ID4zV3d
2026-02-07 23:09,Luksusowe_3_pokoje_z_balkonem_klimatyzowane_garaż_spokojna_okolica,4400,https://www.otodom.pl/pl/oferta/luksusowe-3-pokoje-z-balkonem-klimatyzowane-garaz-spokojna-okolica-ID4zSFL
2026-02-07 23:09,Bulwary Książęce |64 m²|3 Pokoje|Klimatyzacja|Mp,4700,https://www.otodom.pl/pl/oferta/bulwary-ksiazece-64-m-3-pokoje-klimatyzacja-mp-ID4zV2l
2026-02-07 23:09,3 pokoje | Promenady Wrocławskie | ul. Zakładowa,4000,https://www.otodom.pl/pl/oferta/3-pokoje-promenady-wroclawskie-ul-zakladowa-ID4vuyf
2026-02-07 23:09,Dwupoziomowe 83 m² z tarasem 20 m² | Brochów | Aquapark 3 min,4000,https://www.otodom.pl/pl/oferta/dwupoziomowe-83-m-z-tarasem-20-m-brochow-aquapark-3-min-ID4zO7m
2026-02-07 23:09,"Nowe, Corte Verona, Boczna Grabiszynskiej",2800,https://www.otodom.pl/pl/oferta/nowe-corte-verona-boczna-grabiszynskiej-ID4zV1t
2026-02-07 23:10,"Wyjątkowe miejsce w centrum miasta, Lofty, Taras",6000,https://www.otodom.pl/pl/oferta/wyjatkowe-miejsce-w-centrum-miasta-lofty-taras-ID4zGt4
2026-02-07 23:10,"Pierwszy najem, M. Postojowe, Browary Wrocławskie",5000,https://www.otodom.pl/pl/oferta/pierwszy-najem-m-postojowe-browary-wroclawskie-ID4zMAr
2026-02-07 23:10,Nowa kawalerka| Wynajem| Fabryczna| Od zaraz,1800,https://www.otodom.pl/pl/oferta/nowa-kawalerka-wynajem-fabryczna-od-zaraz-ID4zV1n
2026-02-07 23:10,Przestronne | Jasne | Centrum | 2 miejsca w garażu,3999,https://www.otodom.pl/pl/oferta/przestronne-jasne-centrum-2-miejsca-w-garazu-ID4zV0F
2026-02-07 23:10,Pierwszy najem | Zamieszkaj w nowym mieszkaniu,2300,https://www.otodom.pl/pl/oferta/pierwszy-najem-zamieszkaj-w-nowym-mieszkaniu-ID4zWZu
2026-02-07 23:10,4-pokojowe mieszkanie z balkonem: Bystrzycka 10 min od Magnolia Park,3800,https://www.otodom.pl/pl/oferta/4-pokojowe-mieszkanie-z-balkonem-bystrzycka-10-min-od-magnolia-park-ID4zWZn
2026-02-07 23:11,"LEGNICKA, 33 m2, 2 pokoje, PIXEL HOUSE, przy C.H. MAGNOLIA",2700,https://www.otodom.pl/hpr/pl/oferta/legnicka-33-m2-2-pokoje-pixel-house-przy-c-h-magnolia-ID4zVdO
2026-02-07 23:11,"Willowe, 35m2, z tarasem , ogródkiem",1400,https://www.otodom.pl/pl/oferta/willowe-35m2-z-tarasem-ogrodkiem-ID4zWYI
2026-02-07 23:11,"2 pokoje z ogródkiem + miejsce postojowe, JAGODNO",3300,https://www.otodom.pl/pl/oferta/2-pokoje-z-ogrodkiem-miejsce-postojowe-jagodno-ID4zWY8
2026-02-07 23:11,ul. Nożownicza _ 2 pok _balkon _m. post. _od zaraz,3000,https://www.otodom.pl/pl/oferta/ul-nozownicza-2-pok-balkon-m-post-od-zaraz-ID4zWXH
2026-02-07 23:11,Angel City- Walońska studio do wynajęcia,2750,https://www.otodom.pl/pl/oferta/angel-city-walonska-studio-do-wynajecia-ID4zWXa
2026-02-07 23:11,3-pokojowe mieszkanie z dużym ogródkiem na Partynicach – bez prowizji,4450,https://www.otodom.pl/pl/oferta/3-pokojowe-mieszkanie-z-duzym-ogrodkiem-na-partynicach-bez-prowizji-ID4zWV4
2026-02-07 23:12,"3-pok, mieszkanie przy ul. Kiełbaśniczej / English",3800,https://www.otodom.pl/pl/oferta/3-pok-mieszkanie-przy-ul-kielbasniczej-english-ID4mGWY
2026-02-07 23:12,"Mieszkanie 2 pokoje, Maślice ul. Królewiecka",2400,https://www.otodom.pl/pl/oferta/mieszkanie-2-pokoje-maslice-ul-krolewiecka-ID36ure
2026-02-07 23:12,3-pokojowe mieszkanie przy ul. Szewskiej / English,3500,https://www.otodom.pl/pl/oferta/3-pokojowe-mieszkanie-przy-ul-szewskiej-english-ID4i1hP
2026-02-07 23:12,Pierwszy najem-Awipolis-Garaż-Siłownia Free,4000,https://www.otodom.pl/pl/oferta/pierwszy-najem-awipolis-garaz-silownia-free-ID4zWUn
2026-02-07 23:12,Pierwszy najem-Awipolis-Garaż-Siłownia Free,3500,https://www.otodom.pl/pl/oferta/pierwszy-najem-awipolis-garaz-silownia-free-ID4zWUh
2026-02-07 23:13,/nowe/szczepin/blisko Komunikacji/garaż/,3000,https://www.otodom.pl/pl/oferta/nowe-szczepin-blisko-komunikacji-garaz-ID4zWU6
2026-02-07 23:13,Przestronne 4-pokojowe mieszkanie przy ul. Podwale / English,4000,https://www.otodom.pl/pl/oferta/przestronne-4-pokojowe-mieszkanie-przy-ul-podwale-english-ID4jAcD
2026-02-07 23:13,"Wyposażone, gotowe, Sarbinowska, Kuźniki, Wrocław",2800,https://www.otodom.pl/pl/oferta/wyposazone-gotowe-sarbinowska-kuzniki-wroclaw-ID4zWST
2026-02-07 23:13,Piękne słoneczne mieszkanie w centrum + Erasmus,5400,https://www.otodom.pl/pl/oferta/piekne-sloneczne-mieszkanie-w-centrum-erasmus-ID4uCHC
2026-02-07 23:13,Duża kawalerka 35 m2 z osobną kuchnią,2350,https://www.otodom.pl/pl/oferta/duza-kawalerka-35-m2-z-osobna-kuchnia-ID4pQH9
2026-02-07 23:13,"Hit 2 pokoje, ogródek, parking, paczkomat",2600,https://www.otodom.pl/pl/oferta/hit-2-pokoje-ogrodek-parking-paczkomat-ID4z0hj
2026-02-07 23:14,"Studio do wynajęcia, 34 m2, Centrum Południowe, ul. Gwiaździsta",2600,https://www.otodom.pl/pl/oferta/studio-do-wynajecia-34-m2-centrum-poludniowe-ul-gwiazdzista-ID4zWRv
2026-02-07 23:14,Mieszkanie 2 pokoje na wynajem,2200,https://www.otodom.pl/pl/oferta/mieszkanie-2-pokoje-na-wynajem-ID4jGRD
2026-02-07 23:14,2 pokoje | osobna kuchnia | Parking | 45m2,2500,https://www.otodom.pl/pl/oferta/2-pokoje-osobna-kuchnia-parking-45m2-ID4zWQS
2026-02-07 23:14,Stylowe 2 pok mieszkanie | Balkon | Parking,2750,https://www.otodom.pl/pl/oferta/stylowe-2-pok-mieszkanie-balkon-parking-ID4zWQ8
2026-02-07 23:14,"Nowa przytulna, ekskluzywna kawalerka do wynajęcia - pierwszy najem",2000,https://www.otodom.pl/pl/oferta/nowa-przytulna-ekskluzywna-kawalerka-do-wynajecia-pierwszy-najem-ID4zUcB
2026-02-07 23:15,"Mieszkanie, 37 m², Wrocław",2000,https://www.otodom.pl/pl/oferta/mieszkanie-37-m-wroclaw-ID4zWOX
2026-02-07 23:15,2pokoje_Centrum_Komandorska_36 m²,2400,https://www.otodom.pl/pl/oferta/2pokoje-centrum-komandorska-36-m-ID4zWOQ
2026-02-07 23:15,Mieszkanie 50m2 Olimpia Port-wynajem,3250,https://www.otodom.pl/pl/oferta/mieszkanie-50m2-olimpia-port-wynajem-ID3Jy56
2026-02-07 23:15,909459,3000,https://www.otodom.pl/pl/oferta/909459-ID4zWNQ
2026-02-07 23:15,"Wrocław, Różanka 3-pokojowe mieszkanie",3350,https://www.otodom.pl/pl/oferta/wroclaw-rozanka-3-pokojowe-mieszkanie-ID4sgWX
2026-02-07 23:15,Dwupokojowe mieszkanie z balkonem w zielonej  Klecinie.,2750,https://www.otodom.pl/pl/oferta/dwupokojowe-mieszkanie-z-balkonem-w-zielonej-klecinie-ID4zWLY
2026-02-07 23:16,Przestronne 3-pokojowe mieszkanie z balkonem,3300,https://www.otodom.pl/pl/oferta/przestronne-3-pokojowe-mieszkanie-z-balkonem-ID4zWLw
2026-02-07 23:16,Wynajmę 2 pokojowe mieszkanie,2600,https://www.otodom.pl/pl/oferta/wynajme-2-pokojowe-mieszkanie-ID4zEX9
2026-02-07 23:16,"Mieszkanie 1 pok. pełne wyposażenie Rynek, róg Więzienna",2790,https://www.otodom.pl/pl/oferta/mieszkanie-1-pok-pelne-wyposazenie-rynek-rog-wiezienna-ID4ygf5
2026-02-07 23:16,2- pokojowe mieszkanie| PLAC GRUNWALDZKI| PIASTOWSKA,2700,https://www.otodom.pl/pl/oferta/2-pokojowe-mieszkanie-plac-grunwaldzki-piastowska-ID4l1Is
2026-02-07 23:16,Zatorska | 2 pok | Balkon | Parking,2300,https://www.otodom.pl/pl/oferta/zatorska-2-pok-balkon-parking-ID4zWHM
2026-02-07 23:16,Bardzo duże | Dwupoziomowe | Taras | Garderoba | Lotnisko | Graniczna,4550,https://www.otodom.pl/pl/oferta/bardzo-duze-dwupoziomowe-taras-garderoba-lotnisko-graniczna-ID4zK57
2026-02-07 23:17,"Apartament Kurkowa 14, 2 sypialnie+salon+taras",3800,https://www.otodom.pl/pl/oferta/apartament-kurkowa-14-2-sypialnie-salon-taras-ID4zWFW
2026-02-07 23:17,Mieszkanie 3 pokoje z balkonem i dwoma miejscami postojowymi,4000,https://www.otodom.pl/pl/oferta/mieszkanie-3-pokoje-z-balkonem-i-dwoma-miejscami-postojowymi-ID4z9p4
2026-02-07 23:17,Piękny apartament nad Odrą | 2-pok | sauna | komórka lok | 24h ochrona,3600,https://www.otodom.pl/pl/oferta/piekny-apartament-nad-odra-2-pok-sauna-komorka-lok-24h-ochrona-ID4xf53
2026-02-07 23:17,"Willowe, 35m2, z tarasem , ogródkiem",1400,https://www.otodom.pl/hpr/pl/oferta/willowe-35m2-z-tarasem-ogrodkiem-ID4zWYI
2026-02-07 23:18,Nowoczesne 3-pokojowe mieszkanie z balkonem i garażem podziemnym,6200,https://www.otodom.pl/pl/oferta/nowoczesne-3-pokojowe-mieszkanie-z-balkonem-i-garazem-podziemnym-ID4qm3b
2026-02-07 23:18,Pełne wyposażenie | Blisko rynku,2200,https://www.otodom.pl/pl/oferta/pelne-wyposazenie-blisko-rynku-ID4uqGA
2026-02-07 23:18,Po remoncie | Piękny widok | Jasne | Niski czynsz!,2800,https://www.otodom.pl/pl/oferta/po-remoncie-piekny-widok-jasne-niski-czynsz-ID4zWEl
2026-02-07 23:18,Psie Pole_2 pokoje_48m2_oddzielna kuchnia_balkon,2900,https://www.otodom.pl/pl/oferta/psie-pole-2-pokoje-48m2-oddzielna-kuchnia-balkon-ID4zWDK
2026-02-07 23:18,Dostępne od teraz I W ścisłym centrum I Bez prowizji I Nowe,3026,https://www.otodom.pl/pl/oferta/dostepne-od-teraz-i-w-scislym-centrum-i-bez-prowizji-i-nowe-ID4yy3M
2026-02-07 23:19,"Kawalerka. Stare Miasto, boczna Legnickiej.",2100,https://www.otodom.pl/pl/oferta/kawalerka-stare-miasto-boczna-legnickiej-ID4zWxE
2026-02-07 23:19,2 pok | ROZKŁAD | 45m2 | ul. Popowicka 36 | Balkon plus piwnica,2750,https://www.otodom.pl/pl/oferta/2-pok-rozklad-45m2-ul-popowicka-36-balkon-plus-piwnica-ID4zWvL
2026-02-07 23:19,Park za oknem – komfortowe 2 pokoje z garażem,3200,https://www.otodom.pl/pl/oferta/park-za-oknem-komfortowe-2-pokoje-z-garazem-ID4zWvF
2026-02-07 23:19,APARTAMENTMENT w kamienicy z widokiem na Ratusz,3500,https://www.otodom.pl/pl/oferta/apartamentment-w-kamienicy-z-widokiem-na-ratusz-ID4zgQt
2026-02-07 23:19,"ok. Ogrodu Botanicznego, mieszkanie 2 pokojowe, rozkładowe.",2500,https://www.otodom.pl/pl/oferta/ok-ogrodu-botanicznego-mieszkanie-2-pokojowe-rozkladowe-ID4znSj
2026-02-07 23:20,Apartament | Centrum miasta | Niskie opłaty,3300,https://www.otodom.pl/pl/oferta/apartament-centrum-miasta-niskie-oplaty-ID4zWtZ
2026-02-07 23:20,81 m2 Kępa Mieszczańska ciche i spokojne,6000,https://www.otodom.pl/pl/oferta/81-m2-kepa-mieszczanska-ciche-i-spokojne-ID4zWtr
2026-02-07 23:20,"Jasne mieszkanie, kolo parku, 64m2 + wielki balkon",3350,https://www.otodom.pl/pl/oferta/jasne-mieszkanie-kolo-parku-64m2-wielki-balkon-ID4zNQS
2026-02-07 23:20,Dom w Śródmieściu Wrocławia ul. Promień,4500,https://www.otodom.pl/pl/oferta/dom-w-srodmiesciu-wroclawia-ul-promien-ID4zWtk
2026-02-07 23:20,"Nowe 1-pokojowe mieszkanie z balkonem – pierwszy najem, od właściciela",2500,https://www.otodom.pl/pl/oferta/nowe-1-pokojowe-mieszkanie-z-balkonem-pierwszy-najem-od-wlasciciela-ID4zWsl
2026-02-07 23:20,2 pokoje / Michalczyka / Bezpośrednio,2800,https://www.otodom.pl/pl/oferta/2-pokoje-michalczyka-bezposrednio-ID4zWcI
2026-02-07 23:21,2 pokoje / Borowska / Bez prowizji,2500,https://www.otodom.pl/pl/oferta/2-pokoje-borowska-bez-prowizji-ID4zWeg
2026-02-07 23:21,2 pokoje / Strzegomska / BEZPOŚREDNIO,2700,https://www.otodom.pl/pl/oferta/2-pokoje-strzegomska-bezposrednio-ID4zWfG
2026-02-07 23:21,Wynajmę mieszkanie 3 pok 80m2 ul.Trzebnicka Wrocła,3200,https://www.otodom.pl/pl/oferta/wynajme-mieszkanie-3-pok-80m2-ul-trzebnicka-wrocla-ID4zWsk
2026-02-07 23:21,2 pokoje / Drabika / Bez prowizji,2900,https://www.otodom.pl/pl/oferta/2-pokoje-drabika-bez-prowizji-ID4zWg4
2026-02-07 23:21,Standard Lux/3 pokoje/garaż/Jesionowa/klimatyzacja,4700,https://www.otodom.pl/pl/oferta/standard-lux-3-pokoje-garaz-jesionowa-klimatyzacja-ID4zWqF
2026-02-07 23:22,Nowa kawalerka przy ul. Iwaszkiewicza z antresolą,2600,https://www.otodom.pl/pl/oferta/nowa-kawalerka-przy-ul-iwaszkiewicza-z-antresola-ID4x0td
2026-02-07 23:22,"2-pok. wszystko nowe, od zaraz",3000,https://www.otodom.pl/pl/oferta/2-pok-wszystko-nowe-od-zaraz-ID4zWpc
2026-02-07 23:22,2 -pok.| Po remoncie| Piwnica| Brochów,2350,https://www.otodom.pl/pl/oferta/2-pok-po-remoncie-piwnica-brochow-ID4sPz3
2026-02-07 23:22,Kawalerka| Wysoki standard| Balkon| Kępa,2300,https://www.otodom.pl/pl/oferta/kawalerka-wysoki-standard-balkon-kepa-ID4tJhA
2026-02-07 23:22,2pok | Nowe | Klima | Quorum | Sikorskiego,3300,https://www.otodom.pl/pl/oferta/2pok-nowe-klima-quorum-sikorskiego-ID4yIFM
2026-02-07 23:23,3-pok| Przyjazne zwierzakom| Taras | Obornicka,2500,https://www.otodom.pl/pl/oferta/3-pok-przyjazne-zwierzakom-taras-obornicka-ID4yKUY
2026-02-07 23:23,Apartament 2-pok.| Balkon | Parking| Magellana,2900,https://www.otodom.pl/pl/oferta/apartament-2-pok-balkon-parking-magellana-ID4yTg1
2026-02-07 23:23,2-pok | Parking | Komórka | Klima | Port Popowice,3000,https://www.otodom.pl/pl/oferta/2-pok-parking-komorka-klima-port-popowice-ID4zpMy
2026-02-07 23:23,3 pokoje z osobną kuchnią w super lokalizacji,3650,https://www.otodom.pl/pl/oferta/3-pokoje-z-osobna-kuchnia-w-super-lokalizacji-ID4zWko
2026-02-07 23:23,Ogrody Hallera 2 pokoje BEZPOŚREDNIO,3000,https://www.otodom.pl/pl/oferta/ogrody-hallera-2-pokoje-bezposrednio-ID4zWiJ
2026-02-07 23:23,Do wynajęcia pokój 18m2.ul.Lwowska.,1300,https://www.otodom.pl/pl/oferta/do-wynajecia-pokoj-18m2-ul-lwowska-ID4mPYJ
2026-02-07 23:24,"Mieszkanie, 45 m², Wrocław",3200,https://www.otodom.pl/pl/oferta/mieszkanie-45-m-wroclaw-ID4zWim
2026-02-07 23:24,"3pok, Rynek,2 bedr flat/pet firendly/Erasmus",3300,https://www.otodom.pl/pl/oferta/3pok-rynek-2-bedr-flat-pet-firendly-erasmus-ID4zNN1
2026-02-07 23:24,ATRAKCYJNA I KAWALERKA 28m I CENTRUM I,2300,https://www.otodom.pl/pl/oferta/atrakcyjna-i-kawalerka-28m-i-centrum-i-ID4zWha
2026-02-07 23:24,Luksusowe_4_pokoje_z_tarasem_klimatyzacja_komórka_lokatorkska_garaż,4950,https://www.otodom.pl/pl/oferta/luksusowe-4-pokoje-z-tarasem-klimatyzacja-komorka-lokatorkska-garaz-ID4zWgs
2026-02-07 23:24,Nowoczesne 3-pokojowe mieszkanie z balkonem i garażem podziemnym,6200,https://www.otodom.pl/hpr/pl/oferta/nowoczesne-3-pokojowe-mieszkanie-z-balkonem-i-garazem-podziemnym-ID4qm3b
2026-02-07 23:25,Widne Studio 27m2 |  Pet Frendly | Voucher 1000 zł!,2200,https://www.otodom.pl/pl/oferta/widne-studio-27m2-pet-frendly-voucher-1000-zl-ID4yEh2
2026-02-07 23:25,Mieszkanie dwupokojowe 40m2 / jeden miesiąc za darmo!!,2600,https://www.otodom.pl/pl/oferta/mieszkanie-dwupokojowe-40m2-jeden-miesiac-za-darmo-ID4ynWk
2026-02-07 23:25,Studio Smart 17m2/Pet friendly,1700,https://www.otodom.pl/pl/oferta/studio-smart-17m2-pet-friendly-ID4yrOL
2026-02-07 23:25,3 pokoje / Klimasa / Bezpośrednio,2650,https://www.otodom.pl/pl/oferta/3-pokoje-klimasa-bezposrednio-ID4zPqh
2026-02-07 23:25,Kawalerka / Wyszyńskiego / BEZPOŚREDNIO,1900,https://www.otodom.pl/pl/oferta/kawalerka-wyszynskiego-bezposrednio-ID4zPqA
2026-02-07 23:25,Nowy apartament przy rzece | 3 pokoje | Księcia Witolda,5200,https://www.otodom.pl/pl/oferta/nowy-apartament-przy-rzece-3-pokoje-ksiecia-witolda-ID4zW9b
2026-02-07 23:26,MP w garażu podziemnym/balkon/,2400,https://www.otodom.pl/pl/oferta/mp-w-garazu-podziemnym-balkon-ID4zW8Z
2026-02-07 23:26,Apartament M3 l Taras 65m2 l Miejsce Postojowe,6300,https://www.otodom.pl/pl/oferta/apartament-m3-l-taras-65m2-l-miejsce-postojowe-ID4zQjM
2026-02-07 23:26,Apartament 2-pok.balkon |premium kamienica XIX| bez prowizji|long-stay,2890,https://www.otodom.pl/pl/oferta/apartament-2-pok-balkon-premium-kamienica-xix-bez-prowizji-long-stay-ID4zQdC
2026-02-07 23:26,2-pokojowe mieszkanie z ogródkiem i miejscem w garażu podziemnym,3400,https://www.otodom.pl/pl/oferta/2-pokojowe-mieszkanie-z-ogrodkiem-i-miejscem-w-garazu-podziemnym-ID4zQ4K
2026-02-07 23:26,"Do wynajęcia, 2 pokoje, ogrzewanie miejskie, centrum, bez prowizji!",2300,https://www.otodom.pl/pl/oferta/do-wynajecia-2-pokoje-ogrzewanie-miejskie-centrum-bez-prowizji-ID4zPSG
2026-02-07 23:27,★Apartament nad Rzeką Blisko Centrum★,3000,https://www.otodom.pl/pl/oferta/apartament-nad-rzeka-blisko-centrum-ID4zPQp
2026-02-07 23:27,Pets Friendly★Ogródek★Taras★Parking,3500,https://www.otodom.pl/pl/oferta/pets-friendlyogrodektarasparking-ID4zPQo
2026-02-07 23:27,Śliczne 2 pokojowe z balkonem!,2900,https://www.otodom.pl/pl/oferta/sliczne-2-pokojowe-z-balkonem-ID4zPIn
2026-02-07 23:27,"2pok. rozkład, Horbaczewskiego / Legnicka - parking, Internet w cenie!",2100,https://www.otodom.pl/pl/oferta/2pok-rozklad-horbaczewskiego-legnicka-parking-internet-w-cenie-ID4zPFv
2026-02-07 23:27,Mieszkanie 5-pok | Dwupoziomowe | Taras | Muchobór,6500,https://www.otodom.pl/pl/oferta/mieszkanie-5-pok-dwupoziomowe-taras-muchobor-ID4xtND
2026-02-07 23:28,4-pok apartament w sercu Wrocławia pl. Jana Pawła,9000,https://www.otodom.pl/pl/oferta/4-pok-apartament-w-sercu-wroclawia-pl-jana-pawla-ID4zPzq
2026-02-07 23:28,"Kawalerka z balkonem i siłownią, ul. Braniborska",2600,https://www.otodom.pl/pl/oferta/kawalerka-z-balkonem-i-silownia-ul-braniborska-ID4sLK1
2026-02-07 23:28,Idealne pod biuro | Garaż | Wojnów !,3100,https://www.otodom.pl/pl/oferta/idealne-pod-biuro-garaz-wojnow-ID4zW6H
2026-02-07 23:28,Przytulne rozkładowe ogrzewanie miejskie blisko Skarbowców,3900,https://www.otodom.pl/pl/oferta/przytulne-rozkladowe-ogrzewanie-miejskie-blisko-skarbowcow-ID4zRjq
2026-02-07 23:28,Nowoczesne mieszkanie 28m² z balkonem,2700,https://www.otodom.pl/pl/oferta/nowoczesne-mieszkanie-28m-z-balkonem-ID4zidp
2026-02-07 23:28,2-pokojowe mieszkanie PO REMONCIE - miejsce postojowe w cenie!,3000,https://www.otodom.pl/pl/oferta/2-pokojowe-mieszkanie-po-remoncie-miejsce-postojowe-w-cenie-ID4zW46
2026-02-07 23:29,Nowoczesne 4-pokojowe mieszkanie z balkonem,5600,https://www.otodom.pl/pl/oferta/nowoczesne-4-pokojowe-mieszkanie-z-balkonem-ID4zr9h
2026-02-07 23:29,Osobne Pokoje Osobna Kuchnia Dwustronne Dobra Lokalizacja Balkon,2600,https://www.otodom.pl/pl/oferta/osobne-pokoje-osobna-kuchnia-dwustronne-dobra-lokalizacja-balkon-ID4zW1O
2026-02-07 23:29,"Mieszkanie 2 pok. Taras, Klimatyzacja, Miejsce postojowe",2950,https://www.otodom.pl/pl/oferta/mieszkanie-2-pok-taras-klimatyzacja-miejsce-postojowe-ID4kSdf
2026-02-07 23:29,Mieszkanie z tarasem i miejscem postojowym,5500,https://www.otodom.pl/pl/oferta/mieszkanie-z-tarasem-i-miejscem-postojowym-ID4zW0I
2026-02-07 23:29,PIERWSZY NAJEM! UNIKATOWA LOKALIZACJA Z TARASEM WYCHODZĄCYM NA PARK!,3700,https://www.otodom.pl/pl/oferta/pierwszy-najem-unikatowa-lokalizacja-z-tarasem-wychodzacym-na-park-ID4zW0A
2026-02-07 23:29,"Wrocław, Stare Miasto, Księcia Witolda, od",3200,https://www.otodom.pl/pl/oferta/wroclaw-stare-miasto-ksiecia-witolda-od-ID4zGvH
2026-02-07 23:30,W pobliżu Dworca Świebodzkiego I Ścisłe centrum I Bezpośrednio,3028,https://www.otodom.pl/pl/oferta/w-poblizu-dworca-swiebodzkiego-i-scisle-centrum-i-bezposrednio-ID4yuf5
2026-02-07 23:30,"Kawalerka, osobna kuchnia, Muchobór ul. Gagarina",2450,https://www.otodom.pl/pl/oferta/kawalerka-osobna-kuchnia-muchobor-ul-gagarina-ID45fnY
2026-02-07 23:30,✅Balkon✅Osobna Kuchnia ✅Przestronne✅3 Pokoje,3100,https://www.otodom.pl/pl/oferta/balkonosobna-kuchnia-przestronne3-pokoje-ID4zMbh
2026-02-07 23:30,"Wysoki standard, zieleń i cisza | 3 pokoje z tarasem blisko centrum",3800,https://www.otodom.pl/pl/oferta/wysoki-standard-zielen-i-cisza-3-pokoje-z-tarasem-blisko-centrum-ID4y4k8
2026-02-07 23:30,"PL/RU/ENG Dwupokojowe|Parking,Komórka|Pets Friendly",2899,https://www.otodom.pl/pl/oferta/pl-ru-eng-dwupokojowe-parking-komorka-pets-friendly-ID4zUYk
2026-02-07 23:30,"Wynajmę mieszkanie dwupokojowe, wysoki standard",3600,https://www.otodom.pl/pl/oferta/wynajme-mieszkanie-dwupokojowe-wysoki-standard-ID4p0J0
2026-02-07 23:31,Dwupokojowe mieszkanie JAGODNO Drabika,2650,https://www.otodom.pl/pl/oferta/dwupokojowe-mieszkanie-jagodno-drabika-ID4lWUZ
2026-02-07 23:31,2 pokoje | Powstańców Śląskich | winda | od zaraz,2400,https://www.otodom.pl/pl/oferta/2-pokoje-powstancow-slaskich-winda-od-zaraz-ID4zUXr
2026-02-07 23:31,Widne Studio 27m2 |  Pet Frendly | Voucher 1000 zł!,2200,https://www.otodom.pl/hpr/pl/oferta/widne-studio-27m2-pet-frendly-voucher-1000-zl-ID4yEh2
2026-02-07 23:31,2 POKOJE | WROCŁAW KLECINA | 50 m² | BALKON | GARAŻ PODZIEMNY,2400,https://www.otodom.pl/pl/oferta/2-pokoje-wroclaw-klecina-50-m-balkon-garaz-podziemny-ID4zMpD
2026-02-07 23:32,Super mieszkanie w CENTRUM - wszystko w cenie !!!,2750,https://www.otodom.pl/pl/oferta/super-mieszkanie-w-centrum-wszystko-w-cenie-ID4te3n
2026-02-07 23:32,miedzy parkami,2900,https://www.otodom.pl/pl/oferta/miedzy-parkami-ID4uDG6
2026-02-07 23:32,2-pokojowe mieszkanie Pl. Powstańców Śląskich,2100,https://www.otodom.pl/pl/oferta/2-pokojowe-mieszkanie-pl-powstancow-slaskich-ID4zUVF
2026-02-07 23:32,Mieszkanie przy Magnolii - Dorzecze Legnickiej ul. Małopanewska,1700,https://www.otodom.pl/pl/oferta/mieszkanie-przy-magnolii-dorzecze-legnickiej-ul-malopanewska-ID4zUVa
2026-02-07 23:32,"PL/RU/ENG Dwupokojowe|Spa,Siłownia|Parking x2|Centrum",4000,https://www.otodom.pl/pl/oferta/pl-ru-eng-dwupokojowe-spa-silownia-parking-x2-centrum-ID4zUUZ
2026-02-07 23:33,"Mieszkanie, 56,29 m², Wrocław",4500,https://www.otodom.pl/pl/oferta/mieszkanie-56-29-m-wroclaw-ID4zUUj
2026-02-07 23:33,"Muchobór Wielki, 2 pokoje, klimatyzacja",3000,https://www.otodom.pl/pl/oferta/muchobor-wielki-2-pokoje-klimatyzacja-ID4vVNa
2026-02-07 23:33,"Apartament z garażem Stare Miasto, klimatyzacja",2700,https://www.otodom.pl/pl/oferta/apartament-z-garazem-stare-miasto-klimatyzacja-ID4zUTk
2026-02-07 23:33,Nowoczesne 2-pokojowe mieszkanie z balkonem,2500,https://www.otodom.pl/pl/oferta/nowoczesne-2-pokojowe-mieszkanie-z-balkonem-ID4zUQg
2026-02-07 23:33,"3 pokojowy Apartament ""Ogrody Graua""",4200,https://www.otodom.pl/pl/oferta/3-pokojowy-apartament-ogrody-graua-ID4bKAq
2026-02-07 23:34,"Apartament, Port Popowice, Parking, Taras",3700,https://www.otodom.pl/pl/oferta/apartament-port-popowice-parking-taras-ID4hu0p
2026-02-07 23:34,"Mieszkanie 2 pokoje, klimatyzacja, piwnica, blisko rynku",2700,https://www.otodom.pl/pl/oferta/mieszkanie-2-pokoje-klimatyzacja-piwnica-blisko-rynku-ID4zCrs
2026-02-07 23:34,Luksusowe mieszkanie / 3 pokoje / klimatyzacja / g,5000,https://www.otodom.pl/pl/oferta/luksusowe-mieszkanie-3-pokoje-klimatyzacja-g-ID4jygi
2026-02-07 23:34,"Kawalerka, 33m2, Wrocław, Bajana 21, Gądów Mały",2100,https://www.otodom.pl/pl/oferta/kawalerka-33m2-wroclaw-bajana-21-gadow-maly-ID4nZO2
2026-02-07 23:34,Opolska kawalerka z balkonem i m. postojowym,2000,https://www.otodom.pl/pl/oferta/opolska-kawalerka-z-balkonem-i-m-postojowym-ID4zUNb
2026-02-07 23:34,Wszystko Nowe! Pierwszy najem po remoncie !,2800,https://www.otodom.pl/pl/oferta/wszystko-nowe-pierwszy-najem-po-remoncie-ID4zMkJ
2026-02-07 23:34,2 pokoje I  top lokalizacja I idealne dla pary,2800,https://www.otodom.pl/pl/oferta/2-pokoje-i-top-lokalizacja-i-idealne-dla-pary-ID4zJKk
2026-02-07 23:35,Przytulna kawalerka 30m2 - Klecina,2250,https://www.otodom.pl/pl/oferta/przytulna-kawalerka-30m2-klecina-ID4zCd3
2026-02-07 23:35,"Przestronne mieszkanie 64 m², 3 pokoje – Szczepin",2900,https://www.otodom.pl/pl/oferta/przestronne-mieszkanie-64-m-3-pokoje-szczepin-ID4zCd7
2026-02-07 23:35,Przestronne mieszkanie 84m2 - Klecina,3500,https://www.otodom.pl/pl/oferta/przestronne-mieszkanie-84m2-klecina-ID4zCxw
2026-02-07 23:35,2 pokoje I Rozkład I Idealne dla pary I Powstańców,2500,https://www.otodom.pl/pl/oferta/2-pokoje-i-rozklad-i-idealne-dla-pary-i-powstancow-ID4zJKl
2026-02-07 23:35,Nowoczesne 2-pokojowe mieszkanie na ul. Łowieckiej,2799,https://www.otodom.pl/pl/oferta/nowoczesne-2-pokojowe-mieszkanie-na-ul-lowieckiej-ID4zCd8
2026-02-07 23:35,"Samodzielne skromne  mieszkanie, najlepiej dla dwóch studentek !",1700,https://www.otodom.pl/pl/oferta/samodzielne-skromne-mieszkanie-najlepiej-dla-dwoch-studentek-ID4y9Qw
2026-02-07 23:35,Apartament /40m2 / 2pokoje/ Klimatyz./ Duzy balkon,2750,https://www.otodom.pl/pl/oferta/apartament-40m2-2pokoje-klimatyz-duzy-balkon-ID4jUoh
2026-02-07 23:36,"Wrocław centrum, apartament, widok na Odrę",5200,https://www.otodom.pl/pl/oferta/wroclaw-centrum-apartament-widok-na-odre-ID4zClQ
2026-02-07 23:36,Okazja! Wolne Zaraz,2700,https://www.otodom.pl/pl/oferta/okazja-wolne-zaraz-ID4zy95
2026-02-07 23:36,Kawalerka/Centrum/27m2/balkon,2250,https://www.otodom.pl/pl/oferta/kawalerka-centrum-27m2-balkon-ID4zUKr
2026-02-07 23:36,"2pokoje ul.Międzyleska, os di Trevi, bezpośrednio",2700,https://www.otodom.pl/pl/oferta/2pokoje-ul-miedzyleska-os-di-trevi-bezposrednio-ID4r4Ik
2026-02-07 23:36,Kawalerka cicha w świetnej lokalizacji,2100,https://www.otodom.pl/pl/oferta/kawalerka-cicha-w-swietnej-lokalizacji-ID4zUGH
2026-02-07 23:36,Przepiękne mieszkanie przy Ostrowie Tumskim,2900,https://www.otodom.pl/pl/oferta/przepiekne-mieszkanie-przy-ostrowie-tumskim-ID4nXlj
2026-02-07 23:37,Przytulne 2 pokoje z tarasem/winda/rowerownia,2800,https://www.otodom.pl/pl/oferta/przytulne-2-pokoje-z-tarasem-winda-rowerownia-ID4zfAh
2026-02-07 23:37,Komfortowe mieszkanie 50mkw Wrocław Gaj ul Kłodzka,3200,https://www.otodom.pl/pl/oferta/komfortowe-mieszkanie-50mkw-wroclaw-gaj-ul-klodzka-ID4zUG0
2026-02-07 23:37,2 Pokojowy apartament z miejscem postojowym,3700,https://www.otodom.pl/pl/oferta/2-pokojowy-apartament-z-miejscem-postojowym-ID4wDZO
2026-02-07 23:37,"Сдам 2 pok mieszkanie Centrum , Wrocław",2500,https://www.otodom.pl/pl/oferta/2-pok-mieszkanie-centrum-wroclaw-ID4zUFi
2026-02-07 23:37,PL/UA Mieszkanie 3 p. | Klima | Pets Friendly |Parking 10 min do rynku,2900,https://www.otodom.pl/pl/oferta/pl-ua-mieszkanie-3-p-klima-pets-friendly-parking-10-min-do-rynku-ID4zUFd
2026-02-07 23:37,2 POKOJE | WROCŁAW KLECINA | 50 m² | BALKON | GARAŻ PODZIEMNY,2400,https://www.otodom.pl/hpr/pl/oferta/2-pokoje-wroclaw-klecina-50-m-balkon-garaz-podziemny-ID4zMpD
2026-02-07 23:38,"0% prowizji. Studenci, para, rodzina. Widok na fontannę ul. Rynek 53",1900,https://www.otodom.pl/pl/oferta/0-prowizji-studenci-para-rodzina-widok-na-fontanne-ul-rynek-53-ID4x3hj
2026-02-07 23:38,Mieszkanie po remoncie 32 m2 w Śródmieściu - Plac Grunwaldzki,2900,https://www.otodom.pl/pl/oferta/mieszkanie-po-remoncie-32-m2-w-srodmiesciu-plac-grunwaldzki-ID4zP5E
2026-02-07 23:38,M 76m2 3pok 4000 zł ul.Hallera Borek Grabiszyn,4000,https://www.otodom.pl/pl/oferta/m-76m2-3pok-4000-zl-ul-hallera-borek-grabiszyn-ID4nVF1
2026-02-07 23:38,2-pok | Balkon | Garaż | Rozkład | ul. Na Grobli,2500,https://www.otodom.pl/pl/oferta/2-pok-balkon-garaz-rozklad-ul-na-grobli-ID4zLA3
2026-02-07 23:38,2-pokojowe mieszkanie na os. DiTrevi – komfortowe 40m2 garaż podziemny,2900,https://www.otodom.pl/pl/oferta/2-pokojowe-mieszkanie-na-os-ditrevi-komfortowe-40m2-garaz-podziemny-ID4zUDn
2026-02-07 23:38,"Słoneczna, klimatyzowana kawalerka przy ul. Inżynierskiej/fat",2250,https://www.otodom.pl/pl/oferta/sloneczna-klimatyzowana-kawalerka-przy-ul-inzynierskiej-fat-ID4iqO2
2026-02-07 23:39,"Ładne mieszkanie w cichej okolicy, 3 pokoje blisko Ronda Powstańców",3000,https://www.otodom.pl/pl/oferta/ladne-mieszkanie-w-cichej-okolicy-3-pokoje-blisko-ronda-powstancow-ID4zUCK
2026-02-07 23:39,2-pok|Wysoki Standard| Ogródek| Tęczowa,3200,https://www.otodom.pl/pl/oferta/2-pok-wysoki-standard-ogrodek-teczowa-ID4zPl9
2026-02-07 23:39,⭐50m2-2 oddzielne pok- Tramwaj-Piwnica- Centrum⭐,2400,https://www.otodom.pl/pl/oferta/50m2-2-oddzielne-pok-tramwaj-piwnica-centrum-ID4zuld
2026-02-07 23:39,DO WYNAJĘCIA 2 POKOJOWE MIESZKANIE Z KLIMATYZACJĄ,2700,https://www.otodom.pl/pl/oferta/do-wynajecia-2-pokojowe-mieszkanie-z-klimatyzacja-ID4zPfq
2026-02-07 23:39,Nowoczesny apartament na Bernardyńskiej,3600,https://www.otodom.pl/pl/oferta/nowoczesny-apartament-na-bernardynskiej-ID4xt1y
2026-02-07 23:40,Designerski apartament na Bernardyńskiej,3600,https://www.otodom.pl/pl/oferta/designerski-apartament-na-bernardynskiej-ID4xt09
2026-02-07 23:40,Przytulny apartament na Bernardyńskiej,3000,https://www.otodom.pl/pl/oferta/przytulny-apartament-na-bernardynskiej-ID4xsYY
2026-02-07 23:40,2 pok. z tarasem i m. post./ klimatyzacja,3300,https://www.otodom.pl/pl/oferta/2-pok-z-tarasem-i-m-post-klimatyzacja-ID4zP5u
2026-02-07 23:40,Stylowe studio na Bernardyńskiej,3000,https://www.otodom.pl/pl/oferta/stylowe-studio-na-bernardynskiej-ID4xsRA
2026-02-07 23:40,"3-pokoje, Lokum Verde, 48m2, parking",3200,https://www.otodom.pl/pl/oferta/3-pokoje-lokum-verde-48m2-parking-ID4zP1q
2026-02-07 23:40,PRZYTULNA KAWALERKA NAD ODRĄ | INTERNET W CENIE | PARKING,2300,https://www.otodom.pl/pl/oferta/przytulna-kawalerka-nad-odra-internet-w-cenie-parking-ID4zOY5
2026-02-07 23:40,Elegancki apartament niedaleko Rynku - Lokum Vena,3950,https://www.otodom.pl/pl/oferta/elegancki-apartament-niedaleko-rynku-lokum-vena-ID4uLxB
2026-02-07 23:41,"Nowe 3-pok mieszkanie z balkonem, 1-szy najem, Międzyleska Tarnogaj",3250,https://www.otodom.pl/pl/oferta/nowe-3-pok-mieszkanie-z-balkonem-1-szy-najem-miedzyleska-tarnogaj-ID4zUB5
2026-02-07 23:41,"Wysokie, w pełni wyposażone, przytulne dwa pokoje, Oporów, Chachaja",2600,https://www.otodom.pl/pl/oferta/wysokie-w-pelni-wyposazone-przytulne-dwa-pokoje-oporow-chachaja-ID4zUAA
2026-02-07 23:41,2-pokojowe mieszkanie z klimatyzacją i balkonem,2700,https://www.otodom.pl/pl/oferta/2-pokojowe-mieszkanie-z-klimatyzacja-i-balkonem-ID4qIty
2026-02-07 23:41,ul. Barycka | 67 m² | 2 balkony | klimatyzacja | wysoki standard,5000,https://www.otodom.pl/pl/oferta/ul-barycka-67-m-2-balkony-klimatyzacja-wysoki-standard-ID4zUyp
2026-02-07 23:41,SUPER LOKALIZACJA_PARTER_2 POKOJE_BALKON_KOMÓRKA_53m2_Vivaldiego,2700,https://www.otodom.pl/pl/oferta/super-lokalizacja-parter-2-pokoje-balkon-komorka-53m2-vivaldiego-ID4z6Qp
2026-02-07 23:41,2-pok|Loggia 25m2|Duże przeszklenia|Klima|Centrum|Rynek|Legnicka,3500,https://www.otodom.pl/pl/oferta/2-pok-loggia-25m2-duze-przeszklenia-klima-centrum-rynek-legnicka-ID4prXH
2026-02-07 23:42,Kawalerka z sypialnią – nowa z 2024 roku,2500,https://www.otodom.pl/pl/oferta/kawalerka-z-sypialnia-nowa-z-2024-roku-ID4pQFC
2026-02-07 23:42,Nowoczesne mieszkanie 52m2 | Czartoryskiego Wrocław | 3 pokoje | klima,3000,https://www.otodom.pl/pl/oferta/nowoczesne-mieszkanie-52m2-czartoryskiego-wroclaw-3-pokoje-klima-ID4kABQ
2026-02-07 23:42,"Wrocław, przytulna KAWALERKA, widok na Stare Miasto, 3 min. od Rynku",2400,https://www.otodom.pl/pl/oferta/wroclaw-przytulna-kawalerka-widok-na-stare-miasto-3-min-od-rynku-ID4zUwA
2026-02-07 23:42,2 pok. | wysoki standard | balkon | garaż | komórk,3000,https://www.otodom.pl/pl/oferta/2-pok-wysoki-standard-balkon-garaz-komork-ID4zUu3
2026-02-07 23:42,"Wrocław, kawalerka z balkonem,  garażem i komórką",2100,https://www.otodom.pl/pl/oferta/wroclaw-kawalerka-z-balkonem-garazem-i-komorka-ID4zUt9
2026-02-07 23:43,Wyjątkowy 2 poziomowy loft pl.Teatralny na 1 m-c,3500,https://www.otodom.pl/pl/oferta/wyjatkowy-2-poziomowy-loft-pl-teatralny-na-1-m-c-ID4k9Xa
2026-02-07 23:43,Ekstra kawalerka/Wyższy standard/Krzyki-Gwiaździst,2800,https://www.otodom.pl/pl/oferta/ekstra-kawalerka-wyzszy-standard-krzyki-gwiazdzist-ID475xm
2026-02-07 23:43,Przestronne mieszkanie - Park Grabiszyński (bez pośredników),4000,https://www.otodom.pl/pl/oferta/przestronne-mieszkanie-park-grabiszynski-bez-posrednikow-ID49lrj
2026-02-07 23:43,"Przestronne mieszkanie przy Haukego Bosaka, klima, blisko Angel Wings",5000,https://www.otodom.pl/pl/oferta/przestronne-mieszkanie-przy-haukego-bosaka-klima-blisko-angel-wings-ID4zUrY
2026-02-07 23:43,Klimatyczne 2 pokoje blisko parku,2800,https://www.otodom.pl/pl/oferta/klimatyczne-2-pokoje-blisko-parku-ID4zM1C
2026-02-07 23:44,Słoneczne 2 pokoje obok Magnolia Park,2500,https://www.otodom.pl/pl/oferta/sloneczne-2-pokoje-obok-magnolia-park-ID4zOlI
2026-02-07 23:44,82 m² | antresola | balkon | Zielona Podkowa,3800,https://www.otodom.pl/pl/oferta/82-m-antresola-balkon-zielona-podkowa-ID4zUpI
2026-02-07 23:44,"0% prowizji. Studenci, para, rodzina. Widok na fontannę ul. Rynek 53",1900,https://www.otodom.pl/hpr/pl/oferta/0-prowizji-studenci-para-rodzina-widok-na-fontanne-ul-rynek-53-ID4x3hj
2026-02-07 23:44,Mieszkanie do wynajęcia 42m2 2 pokoje. Wyposażone.,2700,https://www.otodom.pl/pl/oferta/mieszkanie-do-wynajecia-42m2-2-pokoje-wyposazone-ID4nIN6
2026-02-07 23:44,Mieszkanie do wynajęcia od zaraz dwupokojowe Gaj,2400,https://www.otodom.pl/pl/oferta/mieszkanie-do-wynajecia-od-zaraz-dwupokojowe-gaj-ID4zUmW
2026-02-07 23:45,"mieszkanie 41m2 luksusowe, klima garaż",3000,https://www.otodom.pl/pl/oferta/mieszkanie-41m2-luksusowe-klima-garaz-ID4mwxc
2026-02-07 23:45,Premium Apartament 48 m² |Ogrody Grabiszyńske |Klimatyzacja | Garaż,3900,https://www.otodom.pl/pl/oferta/premium-apartament-48-m-ogrody-grabiszynske-klimatyzacja-garaz-ID4zoGn
2026-02-07 23:45,Kawalerka lub lokal usługowy świeżo po generalnym remoncie,1700,https://www.otodom.pl/pl/oferta/kawalerka-lub-lokal-uslugowy-swiezo-po-generalnym-remoncie-ID4zUm8
2026-02-07 23:45,Wyjątkowe mieszkanie w Centrum,2750,https://www.otodom.pl/pl/oferta/wyjatkowe-mieszkanie-w-centrum-ID4zuZb
2026-02-07 23:45,Przestronna kawalerka 37m2,2000,https://www.otodom.pl/pl/oferta/przestronna-kawalerka-37m2-ID4d4rs
2026-02-07 23:45,Piękne mieszkanie do wynajęcia!,5200,https://www.otodom.pl/pl/oferta/piekne-mieszkanie-do-wynajecia-ID4ymAW
2026-02-07 23:46,Kępa Mieszczańska 2 pokoje duży balkon,2800,https://www.otodom.pl/pl/oferta/kepa-mieszczanska-2-pokoje-duzy-balkon-ID4zUkJ
2026-02-07 23:46,Nowoczesne 2 pokoje mieszkanie z  dużym balkonem Promenady Wrocławskie,2850,https://www.otodom.pl/pl/oferta/nowoczesne-2-pokoje-mieszkanie-z-duzym-balkonem-promenady-wroclawskie-ID4zUkF
2026-02-07 23:46,Komfortowy apartament | Centrum Wrocławia,3100,https://www.otodom.pl/pl/oferta/komfortowy-apartament-centrum-wroclawia-ID4zhf9
2026-02-07 23:46,"2pokoje, 50m, 8pietro - super widok",2300,https://www.otodom.pl/pl/oferta/2pokoje-50m-8pietro-super-widok-ID49wA3
2026-02-07 23:46,Mikroapartament - możliwość wynajmu na dowolny okres,2000,https://www.otodom.pl/pl/oferta/mikroapartament-mozliwosc-wynajmu-na-dowolny-okres-ID4zEYQ
2026-02-07 23:46,Nowoczesna kawalerka w centrum miasta,2200,https://www.otodom.pl/pl/oferta/nowoczesna-kawalerka-w-centrum-miasta-ID4zN9G
2026-02-07 23:47,"3 osobne pokoje , 68 m2 po remoncie!",3000,https://www.otodom.pl/pl/oferta/3-osobne-pokoje-68-m2-po-remoncie-ID3PoOU
2026-02-07 23:47,"Nowoczesne  2p Przedmieście Oławskie , Ul. Walońska 9, bez prowizji",3400,https://www.otodom.pl/pl/oferta/nowoczesne-2p-przedmiescie-olawskie-ul-walonska-9-bez-prowizji-ID4zIPO
2026-02-07 23:47,Wynajmę 3 pokojowe mieszkanie,3800,https://www.otodom.pl/pl/oferta/wynajme-3-pokojowe-mieszkanie-ID4uHS0
2026-02-07 23:47,Ulica Magellana ! Pełen Rozkład ! Super Wyposażone Umeblowane Okazja !,2800,https://www.otodom.pl/pl/oferta/ulica-magellana-pelen-rozklad-super-wyposazone-umeblowane-okazja-ID4zUgS
2026-02-07 23:47,"Wrocław/Fabryczna/okolice Portu Lotniczego, 32 m2, balkon, mp",2400,https://www.otodom.pl/pl/oferta/wroclaw-fabryczna-okolice-portu-lotniczego-32-m2-balkon-mp-ID4zvss
2026-02-07 23:47,Wysoki standard mieszkanie 2 pokojowe ! Rynek ( Uniwersytet ),2900,https://www.otodom.pl/pl/oferta/wysoki-standard-mieszkanie-2-pokojowe-rynek-uniwersytet-ID4ypF9
2026-02-07 23:47,Komfortowe mieszkanie w willi I Kasprowicza 16,2800,https://www.otodom.pl/pl/oferta/komfortowe-mieszkanie-w-willi-i-kasprowicza-16-ID4yuZy
2026-02-07 23:48,"Mieszkanie ul. Dworcowa - Centrum Idealne dla Firm, Grup, Rodzin",3600,https://www.otodom.pl/pl/oferta/mieszkanie-ul-dworcowa-centrum-idealne-dla-firm-grup-rodzin-ID4zOKl
2026-02-07 23:48,komfortowe 3 pokoje - centrum - blisko zieleni - PL/EN/UE,3400,https://www.otodom.pl/pl/oferta/komfortowe-3-pokoje-centrum-blisko-zieleni-pl-en-ue-ID4zUfl
2026-02-07 23:48,PL  UA  RU | 3 pokoje | 70 m | Browary | Widok panoramiczny | od zaraz,5200,https://www.otodom.pl/pl/oferta/pl-ua-ru-3-pokoje-70-m-browary-widok-panoramiczny-od-zaraz-ID4zUfm
2026-02-07 23:48,Wrocław-Krzyki-Klecina - Apartment for rent + balcony.,2300,https://www.otodom.pl/pl/oferta/wroclaw-krzyki-klecina-apartment-for-rent-balcony-ID4zxf8
2026-02-07 23:48,Pierwszy najem/2 pokoje/balkon/garaż/komórka,2600,https://www.otodom.pl/pl/oferta/pierwszy-najem-2-pokoje-balkon-garaz-komorka-ID4zmqV
2026-02-07 23:49,Kawalerka z antresolą w centrum Wrocławia,2000,https://www.otodom.pl/pl/oferta/kawalerka-z-antresola-w-centrum-wroclawia-ID4ztq2
2026-02-07 23:49,"Apartament ul. Księcia Witolda, 3 pokoje, taras, garaż",6900,https://www.otodom.pl/pl/oferta/apartament-ul-ksiecia-witolda-3-pokoje-taras-garaz-ID4zn3z
2026-02-07 23:49,"2 pokoje NOWE, wysoki standard, umeblowane, KLIMA",3600,https://www.otodom.pl/pl/oferta/2-pokoje-nowe-wysoki-standard-umeblowane-klima-ID4mcT0
2026-02-07 23:49,Wrocław-Krzyki | 66 m² | Taras,2800,https://www.otodom.pl/pl/oferta/wroclaw-krzyki-66-m-taras-ID4zF8o
2026-02-07 23:49,"Nowoczesne, umeblowane 3 pokoje + garaż podziemny",4000,https://www.otodom.pl/pl/oferta/nowoczesne-umeblowane-3-pokoje-garaz-podziemny-ID4z8Tv
2026-02-07 23:50,OD ZARAZ | PetsFriendly | BALKON | Olimpia Port | Parking za szlabanem,3100,https://www.otodom.pl/pl/oferta/od-zaraz-petsfriendly-balkon-olimpia-port-parking-za-szlabanem-ID4zOQA
2026-02-07 23:50,"StareMiasto/KępaMieszczańska,2pok,balkon,4p,wyposażone,garaż,winda2025",2900,https://www.otodom.pl/pl/oferta/staremiasto-kepamieszczanska-2pok-balkon-4p-wyposazone-garaz-winda2025-ID4zOMA
2026-02-07 23:50,Bulwar Staromiejski- nowoczesny apartament,4500,https://www.otodom.pl/pl/oferta/bulwar-staromiejski-nowoczesny-apartament-ID4xrYl
2026-02-07 23:50,Do wynajęcia 4-pokojowe na Kowalach ul. Rakowa,6000,https://www.otodom.pl/pl/oferta/do-wynajecia-4-pokojowe-na-kowalach-ul-rakowa-ID4yjyk
2026-02-07 23:50,Karłowice - Pokój do wynajęcia od zaraz !,1250,https://www.otodom.pl/pl/oferta/karlowice-pokoj-do-wynajecia-od-zaraz-ID4yjp3
2026-02-07 23:51,Mieszkanie do wynajęcia 42m2 2 pokoje. Wyposażone.,2700,https://www.otodom.pl/hpr/pl/oferta/mieszkanie-do-wynajecia-42m2-2-pokoje-wyposazone-ID4nIN6
2026-02-07 23:51,4 pokoje | Pełen Rozkład | ul. Oleska | Zakrzów,3000,https://www.otodom.pl/pl/oferta/4-pokoje-pelen-rozklad-ul-oleska-zakrzow-ID4jnF8
2026-02-07 23:51,Apartament | 4pokoje | 112m2 | Oporów | Południe,6000,https://www.otodom.pl/pl/oferta/apartament-4pokoje-112m2-oporow-poludnie-ID4cLgE
2026-02-07 23:51,✨Loggia✨Pierwsze piętro✨3 pokoje✨,2800,https://www.otodom.pl/pl/oferta/loggiapierwsze-pietro3-pokoje-ID4zU9j
2026-02-07 23:51,"2 pokoje 42m2, osobna garderoba, pralko-suszarka, Jagodno",2600,https://www.otodom.pl/pl/oferta/2-pokoje-42m2-osobna-garderoba-pralko-suszarka-jagodno-ID4ngSM
2026-02-07 23:51,BAJANA Gądów - 3 pokoje | balkon | PET FRIENDLY,3000,https://www.otodom.pl/pl/oferta/bajana-gadow-3-pokoje-balkon-pet-friendly-ID4zJaz
2026-02-07 23:51,2 pokoje z panoramicznym widokiem | balkon | Promenady Wrocławskie,3170,https://www.otodom.pl/pl/oferta/2-pokoje-z-panoramicznym-widokiem-balkon-promenady-wroclawskie-ID4zU5B
2026-02-07 23:52,Dwupokojowe mieszkanie z dużym ogródkiem,2300,https://www.otodom.pl/pl/oferta/dwupokojowe-mieszkanie-z-duzym-ogrodkiem-ID4zU5g
2026-02-07 23:52,"Krzyki 3 pokoje, balkon, parking / Atut / pets friendly",3990,https://www.otodom.pl/pl/oferta/krzyki-3-pokoje-balkon-parking-atut-pets-friendly-ID4zQ90
2026-02-07 23:52,Mieszkanie 2-pokojowe|Kuźniki|Magnolia Park|Lotnisko|Factory|DH Astra|,2800,https://www.otodom.pl/pl/oferta/mieszkanie-2-pokojowe-kuzniki-magnolia-park-lotnisko-factory-dh-astra-ID4zU4h
2026-02-07 23:52,3-pokojowe mieszkanie ul. Orawska- pierwszy najem,2999,https://www.otodom.pl/pl/oferta/3-pokojowe-mieszkanie-ul-orawska-pierwszy-najem-ID4z2Sb
2026-02-07 23:52,Apartament na Krzykach z tarasem | 95 mkw | Wysokie pomieszczenia,4700,https://www.otodom.pl/pl/oferta/apartament-na-krzykach-z-tarasem-95-mkw-wysokie-pomieszczenia-ID4zTZm
2026-02-07 23:53,Apartament 2 pokoje 14 piętro klimatyzacja Odra Tower Centrum,2800,https://www.otodom.pl/pl/oferta/apartament-2-pokoje-14-pietro-klimatyzacja-odra-tower-centrum-ID3YRPV
2026-02-07 23:53,PL/RU/ENG Dwupokojowe|Klima|Parking i siłownia w cenie!,3399,https://www.otodom.pl/pl/oferta/pl-ru-eng-dwupokojowe-klima-parking-i-silownia-w-cenie-ID4zTYb
2026-02-07 23:53,"Przytulna, dobrze wyposażona mikrokawalerka w centrum/Pl. Grunwaldzki.",1700,https://www.otodom.pl/pl/oferta/przytulna-dobrze-wyposazona-mikrokawalerka-w-centrum-pl-grunwaldzki-ID4zTY2
2026-02-07 23:53,PREMIUM | Pierwszy najem | Kępa Mieszczańska | Wellness & Garaż,4100,https://www.otodom.pl/pl/oferta/premium-pierwszy-najem-kepa-mieszczanska-wellness-garaz-ID4zTXN
2026-02-07 23:53,"Duże, komfortowe 66 m² | Stare Miasto | Os. Solo 11 | Balkon | Garaż",4500,https://www.otodom.pl/pl/oferta/duze-komfortowe-66-m-stare-miasto-os-solo-11-balkon-garaz-ID4zOEm
2026-02-07 23:53,Ulica Magellana ! Pełen Rozkład ! Super Wyposażone Umeblowane Okazja !,2800,https://www.otodom.pl/pl/oferta/ulica-magellana-pelen-rozklad-super-wyposazone-umeblowane-okazja-ID4zTVT
2026-02-07 23:54,"Piękny, nowy apartament, Braniborska 70, 3 pokoje",3800,https://www.otodom.pl/pl/oferta/piekny-nowy-apartament-braniborska-70-3-pokoje-ID4zTVc
2026-02-07 23:54,Do wynajęcia mieszkanie/lokal-Rynek,2200,https://www.otodom.pl/pl/oferta/do-wynajecia-mieszkanie-lokal-rynek-ID4zTWd
2026-02-07 23:54,Ulica Magellana ! Pełen Rozkład ! Super Wyposażone Umeblowane Okazja !,2800,https://www.otodom.pl/pl/oferta/ulica-magellana-pelen-rozklad-super-wyposazone-umeblowane-okazja-ID4zTUS
2026-02-07 23:54,Wynajmę przytulną kawalerkę w centrum Wrocławia,2200,https://www.otodom.pl/pl/oferta/wynajme-przytulna-kawalerke-w-centrum-wroclawia-ID4sIQS
2026-02-07 23:54,Przytulna kawalerka CENTRUM ul. Sienkiewicza BEZ PROWIZJI !! PROMOCJA,2250,https://www.otodom.pl/pl/oferta/przytulna-kawalerka-centrum-ul-sienkiewicza-bez-prowizji-promocja-ID4zClq
2026-02-07 23:54,SUPER WIDOK / STARE MIASTO / CENTRUM / GARAŻ,7300,https://www.otodom.pl/pl/oferta/super-widok-stare-miasto-centrum-garaz-ID4zTP8
2026-02-07 23:55,Wynajmę 2 pok w pełni umeblowane mieszkanie Kościańska,2800,https://www.otodom.pl/pl/oferta/wynajme-2-pok-w-pelni-umeblowane-mieszkanie-koscianska-ID4zTmw
2026-02-07 23:55,"Kawalerka na Krzykach, ogrodzony teren",2300,https://www.otodom.pl/pl/oferta/kawalerka-na-krzykach-ogrodzony-teren-ID4zmBl
2026-02-07 23:55,Nowoczesne 3 pokoje z garderobą | Smart Home | Wańkowicza 52 - 3799 zł,3799,https://www.otodom.pl/pl/oferta/nowoczesne-3-pokoje-z-garderoba-smart-home-wankowicza-52-3799-zl-ID4yqtZ
2026-02-07 23:55,Słoneczne mieszkanie z balkonem na plac,3600,https://www.otodom.pl/pl/oferta/sloneczne-mieszkanie-z-balkonem-na-plac-ID4zTJV
2026-02-07 23:55,2 pokojowy apartament/oddzielna kuchnia/46m2/2 balkony/ul. Braniborska,3000,https://www.otodom.pl/pl/oferta/2-pokojowy-apartament-oddzielna-kuchnia-46m2-2-balkony-ul-braniborska-ID4zTKr
2026-02-07 23:56,Mieszkanie typu loft z miejscem parkingowym,2000,https://www.otodom.pl/pl/oferta/mieszkanie-typu-loft-z-miejscem-parkingowym-ID4kpIx
2026-02-07 23:56,Kawalerka | Bezpośrednio | Bez prowizji | Pets Friendly | Jaworska,2190,https://www.otodom.pl/pl/oferta/kawalerka-bezposrednio-bez-prowizji-pets-friendly-jaworska-ID4zJSh
2026-02-07 23:56,Piękne mieszkanie do wynajęcia - Wrocław,2100,https://www.otodom.pl/pl/oferta/piekne-mieszkanie-do-wynajecia-wroclaw-ID4vslE
2026-02-07 23:56,Kawalerka 5 min. od Rynku,2250,https://www.otodom.pl/pl/oferta/kawalerka-5-min-od-rynku-ID4yXQT
2026-02-07 23:56,ul.Białowieska 3-pok Port Popowice z balkonem widok na park oraz rzekę,3700,https://www.otodom.pl/pl/oferta/ul-bialowieska-3-pok-port-popowice-z-balkonem-widok-na-park-oraz-rzeke-ID4zAtq
2026-02-07 23:57,"3 pokojowe mieszkanie na Oporowie ul. Aleja Piastów, ogród, garaż",3000,https://www.otodom.pl/pl/oferta/3-pokojowe-mieszkanie-na-oporowie-ul-aleja-piastow-ogrod-garaz-ID4zGx9
2026-02-07 23:57,2-pokojowe mieszkanie 55 m² | duży balkon | parking | Pilczyce,2800,https://www.otodom.pl/pl/oferta/2-pokojowe-mieszkanie-55-m-duzy-balkon-parking-pilczyce-ID4zAsi
2026-02-07 23:57,Apartament XS Na grobli 36,1900,https://www.otodom.pl/pl/oferta/apartament-xs-na-grobli-36-ID4pDRB
2026-02-07 23:57,4 pokoje | Pełen Rozkład | ul. Oleska | Zakrzów,3000,https://www.otodom.pl/hpr/pl/oferta/4-pokoje-pelen-rozklad-ul-oleska-zakrzow-ID4jnF8
2026-02-07 23:57,Wynajmę mieszkanie na Nadodrzu,3500,https://www.otodom.pl/pl/oferta/wynajme-mieszkanie-na-nadodrzu-ID4mZD1
2026-02-07 23:58,Mieszkanie w sercu Wrocławia (3 pok) / Three-room apartment for rent,3000,https://www.otodom.pl/pl/oferta/mieszkanie-w-sercu-wroclawia-3-pok-three-room-apartment-for-rent-ID4zTvD
2026-02-07 23:58,"Mieszkanie 3-pokojowe, 2 łazienki Muchobór Wielki",3200,https://www.otodom.pl/pl/oferta/mieszkanie-3-pokojowe-2-lazienki-muchobor-wielki-ID4zlS8
2026-02-07 23:58,nowe mieszkanie Kępa Mieszczańska / komórka lokatorska,3700,https://www.otodom.pl/pl/oferta/nowe-mieszkanie-kepa-mieszczanska-komorka-lokatorska-ID4zTrT
2026-02-07 23:58,Przytulne mieszkanie 34m² naprzeciwko Sky Tower,2500,https://www.otodom.pl/pl/oferta/przytulne-mieszkanie-34m-naprzeciwko-sky-tower-ID4zyjP
2026-02-07 23:58,Mieszkanie 2-pok | Nowe | Parking | Dmowskiego,3500,https://www.otodom.pl/pl/oferta/mieszkanie-2-pok-nowe-parking-dmowskiego-ID4yJgV
2026-02-07 23:58,Mieszkanie 3-pok. | Garaż | Komórka | Ołtaszyn,4950,https://www.otodom.pl/pl/oferta/mieszkanie-3-pok-garaz-komorka-oltaszyn-ID4sTu1
2026-02-07 23:59,Sródmieście ul. Walecznych mieszkanie 1 pokojowe do wynajecia 34 m2,1900,https://www.otodom.pl/pl/oferta/srodmiescie-ul-walecznych-mieszkanie-1-pokojowe-do-wynajecia-34-m2-ID4zTq4
2026-02-07 23:59,"Krzyki Agrestowa 3 sypialnie, salon, 2x garaż",5250,https://www.otodom.pl/pl/oferta/krzyki-agrestowa-3-sypialnie-salon-2x-garaz-ID4wHmu
2026-02-07 23:59,Przytulne mieszkanie 40m² w centrum Wrocławia,2000,https://www.otodom.pl/pl/oferta/przytulne-mieszkanie-40m-w-centrum-wroclawia-ID4zLld
2026-02-07 23:59,Światłowód | klimatyzacja | wyspa | jasne | nowoczesne,3050,https://www.otodom.pl/pl/oferta/swiatlowod-klimatyzacja-wyspa-jasne-nowoczesne-ID4zTpW
2026-02-07 23:59,"od 1 marca, MP, 3 pokoje",2600,https://www.otodom.pl/pl/oferta/od-1-marca-mp-3-pokoje-ID4zToq
2026-02-08 00:00,"Wrocław, ul. Główna, BEZPOŚREDNIO !",2200,https://www.otodom.pl/pl/oferta/wroclaw-ul-glowna-bezposrednio-ID2hXu5
2026-02-08 00:00,2 pokojowe mieszkanie w centrum miasta Chrobrego,2250,https://www.otodom.pl/pl/oferta/2-pokojowe-mieszkanie-w-centrum-miasta-chrobrego-ID4zDER
2026-02-08 00:00,Apartament 3-pokojowy z tarasem| centrum| od zaraz,4900,https://www.otodom.pl/pl/oferta/apartament-3-pokojowy-z-tarasem-centrum-od-zaraz-ID4zIjT
2026-02-08 00:00,Do wynajęcia. Mieszkanie 2-pokojowe. Super lokalizacja. Popowice,2500,https://www.otodom.pl/pl/oferta/do-wynajecia-mieszkanie-2-pokojowe-super-lokalizacja-popowice-ID4zGQm
2026-02-08 00:00,Studio w Angel City | centrum | Gym | ochrona,2700,https://www.otodom.pl/pl/oferta/studio-w-angel-city-centrum-gym-ochrona-ID4zTiL
2026-02-08 00:00,Меблированная 2х ком. квартира с 1.02.2026,3200,https://www.otodom.pl/pl/oferta/2-1-02-2026-ID4zTfm
2026-02-08 00:00,Huby: 3 ładne pokoje z windą,3300,https://www.otodom.pl/pl/oferta/huby-3-ladne-pokoje-z-winda-ID4zTfa
2026-02-08 00:01,"Krzyki, Gaj, ul. Krynicka 3 niezależne pokoje, 63m2, od zaraz",2900,https://www.otodom.pl/pl/oferta/krzyki-gaj-ul-krynicka-3-niezalezne-pokoje-63m2-od-zaraz-ID4zTdd
2026-02-08 00:01,"2 pok. apartament z garażem, Kępa Mieszczańska, od zaraz",2799,https://www.otodom.pl/pl/oferta/2-pok-apartament-z-garazem-kepa-mieszczanska-od-zaraz-ID4zTcS
2026-02-08 00:01,Studio w Angel River | balkon | Spa&Gym,2500,https://www.otodom.pl/pl/oferta/studio-w-angel-river-balkon-spa-gym-ID4zTcx
2026-02-08 00:01,"ul. Skarbowców, Krzyki, Klecina - 2 pok. 50m2 parking, od lutego",2299,https://www.otodom.pl/pl/oferta/ul-skarbowcow-krzyki-klecina-2-pok-50m2-parking-od-lutego-ID4zTcp
2026-02-08 00:01,"Mieszkanie, 92 m², Wrocław",2999,https://www.otodom.pl/pl/oferta/mieszkanie-92-m-wroclaw-ID4zTbW
2026-02-08 00:01,"3 pok. 75 m2, ul. Skwierzyńska, ścisłe centrum, od zaraz",2600,https://www.otodom.pl/pl/oferta/3-pok-75-m2-ul-skwierzynska-scisle-centrum-od-zaraz-ID4zTbf
2026-02-08 00:02,"Grunwaldzka, nowe",2200,https://www.otodom.pl/pl/oferta/grunwaldzka-nowe-ID4zT9r
2026-02-08 00:02,"Do wynajęcia 2 pokojowe, bez pośredników",2999,https://www.otodom.pl/pl/oferta/do-wynajecia-2-pokojowe-bez-posrednikow-ID4zGEv
2026-02-08 00:02,Kawalerka na wynajem,2500,https://www.otodom.pl/pl/oferta/kawalerka-na-wynajem-ID4zGEc
2026-02-08 00:02,Ogród40m2- Parking- Jagodno- 2pok- Autobus - nowe,2800,https://www.otodom.pl/pl/oferta/ogrod40m2-parking-jagodno-2pok-autobus-nowe-ID4z82P
2026-02-08 00:03,Wrocław! ul. Zachodnia! 40m2! 2 pokoje! 5 piętro! Winda!,2400,https://www.otodom.pl/pl/oferta/wroclaw-ul-zachodnia-40m2-2-pokoje-5-pietro-winda-ID4yrmQ
2026-02-08 00:03,"Mieszkanie, 60 m², Wrocław",4150,https://www.otodom.pl/pl/oferta/mieszkanie-60-m-wroclaw-ID4zNWL
2026-02-08 00:03,OKAZJA!!! Krzyki/ Huby,2300,https://www.otodom.pl/pl/oferta/okazja-krzyki-huby-ID4zNQp
2026-02-08 00:03,OKAZJA!!! 2 pokoje do wynajęcia - Krzyki/Borek,3400,https://www.otodom.pl/pl/oferta/okazja-2-pokoje-do-wynajecia-krzyki-borek-ID4zNN7
2026-02-08 00:03,Pet Friendly | Browary Wrocławskie| Widok na Odrę | 2 łazienki |Balkon,5200,https://www.otodom.pl/pl/oferta/pet-friendly-browary-wroclawskie-widok-na-odre-2-lazienki-balkon-ID4zNOu
2026-02-08 00:03,"Plac Kromera, przytulne mieszkanie, bezpośrednio, od zaraz",2299,https://www.otodom.pl/pl/oferta/plac-kromera-przytulne-mieszkanie-bezposrednio-od-zaraz-ID4ipmT
2026-02-08 00:04,"Mieszkanie 3-pokojowe, garaż, Kępa Mieszczanska",3500,https://www.otodom.pl/pl/oferta/mieszkanie-3-pokojowe-garaz-kepa-mieszczanska-ID4sUm4
2026-02-08 00:04,Wynajmę mieszkanie na Nadodrzu,3500,https://www.otodom.pl/hpr/pl/oferta/wynajme-mieszkanie-na-nadodrzu-ID4mZD1
2026-02-08 00:04,Mieszkanie 3- pokojowe + taras (na parterze) + komórka lok. w cenie,2700,https://www.otodom.pl/pl/oferta/mieszkanie-3-pokojowe-taras-na-parterze-komorka-lok-w-cenie-ID4zonA
2026-02-08 00:04,BEZ POŚREDNIKÓW/ Wrocław/Krzyki/91m2/Zaolziańska/ 3pok.+garaż w cenie,3000,https://www.otodom.pl/pl/oferta/bez-posrednikow-wroclaw-krzyki-91m2-zaolzianska-3pok-garaz-w-cenie-ID4zT13
2026-02-08 00:04,"Dla pary, Nowy, piękny Apartament,  ul.Jagiełły,",2900,https://www.otodom.pl/pl/oferta/dla-pary-nowy-piekny-apartament-ul-jagielly-ID4zT11
2026-02-08 00:05,2 pokojowe | Braniborska | Centrum | Garaż | Balkon | Klima,3500,https://www.otodom.pl/pl/oferta/2-pokojowe-braniborska-centrum-garaz-balkon-klima-ID4zGvG
2026-02-08 00:05,Ładne mieszkanie 2 pokojowe 54m2 Klimatyzacja,3000,https://www.otodom.pl/pl/oferta/ladne-mieszkanie-2-pokojowe-54m2-klimatyzacja-ID4zSXU
2026-02-08 00:05,"2 pokoje, ostatnie piętro, 43,5m2, Maślice stadion",2500,https://www.otodom.pl/pl/oferta/2-pokoje-ostatnie-pietro-43-5m2-maslice-stadion-ID4rtIv
2026-02-08 00:05,Do wynajęcia mieszkanie Zakładowa,2900,https://www.otodom.pl/pl/oferta/do-wynajecia-mieszkanie-zakladowa-ID4q2OF
2026-02-08 00:05,4 pokojowy apartament w centrum Wrocławia,9000,https://www.otodom.pl/pl/oferta/4-pokojowy-apartament-w-centrum-wroclawia-ID4zxjN
2026-02-08 00:05,W ścisłym centrum I Bez prowizji I Dostępne od zaraz I Nowe,2938,https://www.otodom.pl/pl/oferta/w-scislym-centrum-i-bez-prowizji-i-dostepne-od-zaraz-i-nowe-ID4zllz
2026-02-08 00:06,Mieszkanie KRZYKI Klecina,2500,https://www.otodom.pl/pl/oferta/mieszkanie-krzyki-klecina-ID4eI8P
2026-02-08 00:06,Przytulne 2-pokojowe mieszkanie przy Parku Partynice – ul. Cztery P...,2700,https://www.otodom.pl/pl/oferta/przytulne-2-pokojowe-mieszkanie-przy-parku-partynice-ul-cztery-p-ID4zSUy
2026-02-08 00:06,2 pokoje ul Opolska,2200,https://www.otodom.pl/pl/oferta/2-pokoje-ul-opolska-ID4yFQJ
2026-02-08 00:06,Browary Wrocławskie/Apartament/Taras,9400,https://www.otodom.pl/pl/oferta/browary-wroclawskie-apartament-taras-ID4zNOX
2026-02-08 00:06,Kawalerka | Wysoki standard | ul. Legnicka 33,2400,https://www.otodom.pl/pl/oferta/kawalerka-wysoki-standard-ul-legnicka-33-ID4zCrE
2026-02-08 00:06,"przestronne mieszkanie 71,1 m² ul. Rynek 8 Centrum",4500,https://www.otodom.pl/pl/oferta/przestronne-mieszkanie-71-1-m-ul-rynek-8-centrum-ID4zEIG
2026-02-08 00:07,4-pok. Miedziana Grabiszyn,5600,https://www.otodom.pl/pl/oferta/4-pok-miedziana-grabiszyn-ID4zMLs
2026-02-08 00:07,"Mieszkanie, 28 m², Wrocław",2100,https://www.otodom.pl/pl/oferta/mieszkanie-28-m-wroclaw-ID4zSTu
2026-02-08 00:07,Apartament na Krzykach we Wrocławiu do WYNAJĘCIA,5800,https://www.otodom.pl/pl/oferta/apartament-na-krzykach-we-wroclawiu-do-wynajecia-ID4zSSx
2026-02-08 00:07,4 POKOJE PRZY UL.KIEMLICZÓW  NIEDALEKO LOTNISKA,4000,https://www.otodom.pl/pl/oferta/4-pokoje-przy-ul-kiemliczow-niedaleko-lotniska-ID4zGqs
2026-02-08 00:07,2 oddzielne pokoje na Osiedlu Odkrywców,2700,https://www.otodom.pl/pl/oferta/2-oddzielne-pokoje-na-osiedlu-odkrywcow-ID4zSS5
2026-02-08 00:08,BEZ PROWIZJI 2 pok. ul. R.Dmowskiego Stare Miasto,2790,https://www.otodom.pl/pl/oferta/bez-prowizji-2-pok-ul-r-dmowskiego-stare-miasto-ID2WHfL
2026-02-08 00:08,"Mieszkanie na wynajem, Wrocław, 3 pokoje",2800,https://www.otodom.pl/pl/oferta/mieszkanie-na-wynajem-wroclaw-3-pokoje-ID4zCG9
2026-02-08 00:08,3- pokojowe mieszkanie ul. Rybnicka,2850,https://www.otodom.pl/pl/oferta/3-pokojowe-mieszkanie-ul-rybnicka-ID4zFi5
2026-02-08 00:08,"Komfortowy apartament 150 m², parking, taras ,ogród – Wrocław",3200,https://www.otodom.pl/pl/oferta/komfortowy-apartament-150-m-parking-taras-ogrod-wroclaw-ID4zSQ4
2026-02-08 00:08,"Super, 2pok. salon z aneksem, 2 balkone, spizarka",2500,https://www.otodom.pl/pl/oferta/super-2pok-salon-z-aneksem-2-balkone-spizarka-ID4zSR0
2026-02-08 00:09,Przestronna kawalerka - 06.02 | Bezpośrednio | Pets Friendly |Jaworska,1860,https://www.otodom.pl/pl/oferta/przestronna-kawalerka-06-02-bezposrednio-pets-friendly-jaworska-ID4zSNZ
2026-02-08 00:09,"3-pokojowe mieszkanie na wynajem Wrocław – ul. Tęczowa, balkon, garaż",3700,https://www.otodom.pl/pl/oferta/3-pokojowe-mieszkanie-na-wynajem-wroclaw-ul-teczowa-balkon-garaz-ID4zhDx
2026-02-08 00:09,2 Oddzielne Pokoje | Pets Friendly | Bezpośrednio | Od 11 lutego,2900,https://www.otodom.pl/pl/oferta/2-oddzielne-pokoje-pets-friendly-bezposrednio-od-11-lutego-ID4zSHK
2026-02-08 00:09,"Jasna, przestrzenna kawalerka Nadodrze, bez prowizji, blisko uczelni",2300,https://www.otodom.pl/pl/oferta/jasna-przestrzenna-kawalerka-nadodrze-bez-prowizji-blisko-uczelni-ID4zGk0
2026-02-08 00:09,Apartament 73 m² z 2 łazienkami | Centrum,7450,https://www.otodom.pl/pl/oferta/apartament-73-m-z-2-lazienkami-centrum-ID4zSL3
2026-02-08 00:09,Angel River | Centrum | Balkon | Spa | Siłownia,2299,https://www.otodom.pl/pl/oferta/angel-river-centrum-balkon-spa-silownia-ID4zSKR
2026-02-08 00:10,Komfortowe 2 pokoje z balkonem i garażem – Belvedere Park,3000,https://www.otodom.pl/pl/oferta/komfortowe-2-pokoje-z-balkonem-i-garazem-belvedere-park-ID4zSHt
2026-02-08 00:10,Słoneczne 2 pok mieszkanie po remoncie,3500,https://www.otodom.pl/pl/oferta/sloneczne-2-pok-mieszkanie-po-remoncie-ID4zSGW
2026-02-08 00:10,Przestronne 3 pok. | Ogród | Taras | Hallera,4300,https://www.otodom.pl/pl/oferta/przestronne-3-pok-ogrod-taras-hallera-ID4zSGX
2026-02-08 00:10,3-pok | pełen rozkład | Piwnica | Krzyki,3000,https://www.otodom.pl/pl/oferta/3-pok-pelen-rozklad-piwnica-krzyki-ID4zSGP
2026-02-08 00:10,"Apartament LOFT Angel City, Siłownia i SPA, 2 x garaż",4000,https://www.otodom.pl/pl/oferta/apartament-loft-angel-city-silownia-i-spa-2-x-garaz-ID4zKkP
2026-02-08 00:11,Mieszkanie 3- pokojowe + taras (na parterze) + komórka lok. w cenie,2700,https://www.otodom.pl/hpr/pl/oferta/mieszkanie-3-pokojowe-taras-na-parterze-komorka-lok-w-cenie-ID4zonA
2026-02-08 00:11,Do wynajęcia kawalerka na Przedmieściu Oławskim,2400,https://www.otodom.pl/pl/oferta/do-wynajecia-kawalerka-na-przedmiesciu-olawskim-ID4yKnf
2026-02-08 00:11,komfortowe 3-pokojowe mieszkanie | wysoki standard | Kępa Mieszczańska,4500,https://www.otodom.pl/pl/oferta/komfortowe-3-pokojowe-mieszkanie-wysoki-standard-kepa-mieszczanska-ID4zSFY
2026-02-08 00:11,Mieszkanie umeblowanie do wynajęcia Wrocław Grabiszyn,2900,https://www.otodom.pl/pl/oferta/mieszkanie-umeblowanie-do-wynajecia-wroclaw-grabiszyn-ID4lV9P
2026-02-08 00:11,Na wynajem przestronne 2-pokojowe mieszkanie z tarasem i ogródkiem,2700,https://www.otodom.pl/pl/oferta/na-wynajem-przestronne-2-pokojowe-mieszkanie-z-tarasem-i-ogrodkiem-ID4zSDM
2026-02-08 00:11,Narożne mieszkanie z dużym ogrodem i wyjściem do lasu,5500,https://www.otodom.pl/pl/oferta/narozne-mieszkanie-z-duzym-ogrodem-i-wyjsciem-do-lasu-ID4zSC7
2026-02-08 00:12,Komforotowe 3-pokojowe mieszkanie | Nowe Żerniki | Klimatyzacja |Ogród,3300,https://www.otodom.pl/pl/oferta/komforotowe-3-pokojowe-mieszkanie-nowe-zerniki-klimatyzacja-ogrod-ID4zSAw
2026-02-08 00:12,Mieszkanie 3pok|ul. Lauterbacha| wysoki standart| winda| Balkon| 61 m,3300,https://www.otodom.pl/pl/oferta/mieszkanie-3pok-ul-lauterbacha-wysoki-standart-winda-balkon-61-m-ID4zSxZ
2026-02-08 00:12,Osiedle Belvedere Park-apartament z garażem,4500,https://www.otodom.pl/pl/oferta/osiedle-belvedere-park-apartament-z-garazem-ID4zO8p
2026-02-08 00:12,Dwupokojowe mieszkanie z balkonem i oddzielną kuchnią,2500,https://www.otodom.pl/pl/oferta/dwupokojowe-mieszkanie-z-balkonem-i-oddzielna-kuchnia-ID4zSuu
2026-02-08 00:12,2 pokoje | 52m | ul.Przyjaźni (Krzyki) | bezpośrednio | od zaraz,2950,https://www.otodom.pl/pl/oferta/2-pokoje-52m-ul-przyjazni-krzyki-bezposrednio-od-zaraz-ID3soMg
2026-02-08 00:12,Klimatyzacja | Balkon | Parking Podziemny | Wysoki Standard | Internet,2800,https://www.otodom.pl/pl/oferta/klimatyzacja-balkon-parking-podziemny-wysoki-standard-internet-ID4zEcr
2026-02-08 00:13,Kawalerka przy ul. Pomorskiej,1620,https://www.otodom.pl/pl/oferta/kawalerka-przy-ul-pomorskiej-ID49cak
2026-02-08 00:13,Brak tytułu,0,https://www.otodom.pl/pl/oferta/nowe-mieszkania-na-wynajem-w-centrum-wroclawia-sprawdz-nasza-oferte-ID4yvKA
2026-02-08 00:13,Wyjątkowy apartament 5 min. spaceru od Rynku,4200,https://www.otodom.pl/pl/oferta/wyjatkowy-apartament-5-min-spaceru-od-rynku-ID4y3cb
2026-02-08 00:13,Mieszkanie do wynajecia,2600,https://www.otodom.pl/pl/oferta/mieszkanie-do-wynajecia-ID4zS19
2026-02-08 00:13,Kawalerka do wynajęcia z widokiem na Ratusz – serce Wrocławia,2500,https://www.otodom.pl/pl/oferta/kawalerka-do-wynajecia-z-widokiem-na-ratusz-serce-wroclawia-ID4zSn0
2026-02-08 00:14,"2 pokoje, nowy blok, od zaraz, blisko lotnisko/ A8",2900,https://www.otodom.pl/pl/oferta/2-pokoje-nowy-blok-od-zaraz-blisko-lotnisko-a8-ID4zKCh
2026-02-08 00:14,Wolne od stycznia 2026,2000,https://www.otodom.pl/pl/oferta/wolne-od-stycznia-2026-ID4zwPY
2026-02-08 00:14,"BEZPOŚREDNIO 2 pokoje z balkonem, garażem i komórką Centrum Wrocławia",2700,https://www.otodom.pl/pl/oferta/bezposrednio-2-pokoje-z-balkonem-garazem-i-komorka-centrum-wroclawia-ID4ibrz
2026-02-08 00:14,Nowe mieszkanie w CENTRUM! BALKON! WYPOSAŻONE!,3000,https://www.otodom.pl/pl/oferta/nowe-mieszkanie-w-centrum-balkon-wyposazone-ID4yO3h
2026-02-08 00:14,Nowoczesne 2-pokojowe mieszkanie z balkonem na Jagodnie,2550,https://www.otodom.pl/pl/oferta/nowoczesne-2-pokojowe-mieszkanie-z-balkonem-na-jagodnie-ID4u7WB
2026-02-08 00:14,Nowoczesne 2 pokoje nad Odrą | Garaż | Ochrona | Słonimskiego,2800,https://www.otodom.pl/pl/oferta/nowoczesne-2-pokoje-nad-odra-garaz-ochrona-slonimskiego-ID4zDKh
2026-02-08 00:15,Premium lokal pod kancelarię / notariusza * 65m2 * Różanka /Willa Rosa,5800,https://www.otodom.pl/pl/oferta/premium-lokal-pod-kancelarie-notariusza-65m2-rozanka-willa-rosa-ID4zNCW
2026-02-08 00:15,"Ładne, nowe mieszkanie na Popowicach. Z balkonem i osobną kuchnią.",2500,https://www.otodom.pl/pl/oferta/ladne-nowe-mieszkanie-na-popowicach-z-balkonem-i-osobna-kuchnia-ID4zNxm
2026-02-08 00:15,3-pok Wrocław - Partynice / Ołtaszyn,4250,https://www.otodom.pl/pl/oferta/3-pok-wroclaw-partynice-oltaszyn-ID4zNuE
2026-02-08 00:15,3 pok / Biskupin / Balkon,3300,https://www.otodom.pl/pl/oferta/3-pok-biskupin-balkon-ID4zNro
2026-02-08 00:15,Piękny apartament |Centrum | Rzeka,4400,https://www.otodom.pl/pl/oferta/piekny-apartament-centrum-rzeka-ID4ySNR
2026-02-08 00:16,"3 pokoje, 68m2, nowe bud. - nad Odrą, Jaracza / Wyszyńskiego!",3300,https://www.otodom.pl/pl/oferta/3-pokoje-68m2-nowe-bud-nad-odra-jaracza-wyszynskiego-ID4zNml
2026-02-08 00:16,"30m2, PRUSA, 3min. Grunwaldzki! nowe budownictwo, 2900zł z Internetem!",2300,https://www.otodom.pl/pl/oferta/30m2-prusa-3min-grunwaldzki-nowe-budownictwo-2900zl-z-internetem-ID4zNm1
2026-02-08 00:16,Elegancki apartament Panorama Wrocławia LUX 160m2,9950,https://www.otodom.pl/pl/oferta/elegancki-apartament-panorama-wroclawia-lux-160m2-ID4tgSt
2026-02-08 00:16,"Wrocław Psie Pole – 3 pokoje, ogród, parking",2950,https://www.otodom.pl/pl/oferta/wroclaw-psie-pole-3-pokoje-ogrod-parking-ID4x0UP
2026-02-08 00:16,Kawalerka - Krzyki - Borek (przy parku),2700,https://www.otodom.pl/pl/oferta/kawalerka-krzyki-borek-przy-parku-ID4z6LH
2026-02-08 00:16,2 pokoje | balkon | świetna lokalizacja,1900,https://www.otodom.pl/pl/oferta/2-pokoje-balkon-swietna-lokalizacja-ID4ztsu
2026-02-08 00:17,"Super lokalizacja, ul. Grunwaldzka, rozkładowe",2200,https://www.otodom.pl/pl/oferta/super-lokalizacja-ul-grunwaldzka-rozkladowe-ID4zN4Z
2026-02-08 00:17,Wrocław! Jagodno! ul. Buforowa! 2 pok! Balkon! 38m2!,2400,https://www.otodom.pl/pl/oferta/wroclaw-jagodno-ul-buforowa-2-pok-balkon-38m2-ID4vRAc
2026-02-08 00:17,Do wynajęcia kawalerka na Przedmieściu Oławskim,2400,https://www.otodom.pl/hpr/pl/oferta/do-wynajecia-kawalerka-na-przedmiesciu-olawskim-ID4yKnf
2026-02-08 00:17,Klimatyzacja | Balkon | Księcia Witolda | OD ZARAZ,2600,https://www.otodom.pl/pl/oferta/klimatyzacja-balkon-ksiecia-witolda-od-zaraz-ID4zN37
2026-02-08 00:17,"Nowe, 1-najem, blisko Business Garden i Magnolia",2100,https://www.otodom.pl/pl/oferta/nowe-1-najem-blisko-business-garden-i-magnolia-ID4zSgg
2026-02-08 00:17,"4-pokojowe mieszkanie na Rynku, obok Uniwersytetu",4500,https://www.otodom.pl/pl/oferta/4-pokojowe-mieszkanie-na-rynku-obok-uniwersytetu-ID4ycNo
2026-02-08 00:18,40m2 - bez prowizji -Wieczysta -blisko UE/centrum,2600,https://www.otodom.pl/pl/oferta/40m2-bez-prowizji-wieczysta-blisko-ue-centrum-ID4zuOQ
2026-02-08 00:18,1 najem/kawalerka Premium/Inwestycja Czysta 4,2500,https://www.otodom.pl/pl/oferta/1-najem-kawalerka-premium-inwestycja-czysta-4-ID4zSd9
2026-02-08 00:18,Kawalerka 25m2 Strzegomska/Jaworska blisko Magnolii (PIERWSZY NAJEM),2400,https://www.otodom.pl/pl/oferta/kawalerka-25m2-strzegomska-jaworska-blisko-magnolii-pierwszy-najem-ID4zScP
2026-02-08 00:18,"Luksusowa, nowa kawalerka w centrum miasta, obok Parku Grabiszyńskiego",2200,https://www.otodom.pl/pl/oferta/luksusowa-nowa-kawalerka-w-centrum-miasta-obok-parku-grabiszynskiego-ID4zSct
2026-02-08 00:18,"Do wynajęcia wyjątkowy apartament – ul. Bernardyńska 4, Wrocław",4500,https://www.otodom.pl/pl/oferta/do-wynajecia-wyjatkowy-apartament-ul-bernardynska-4-wroclaw-ID4zwBh
2026-02-08 00:18,Mieszkanie 3-pokojowe Psie Pole / Różance / CH Marino/ 3 POKOJE,3200,https://www.otodom.pl/pl/oferta/mieszkanie-3-pokojowe-psie-pole-rozance-ch-marino-3-pokoje-ID4zSaB
2026-02-08 00:19,"Wrocław, Fabryczna, Stabłowice, Lubomierska",2500,https://www.otodom.pl/pl/oferta/wroclaw-fabryczna-stablowice-lubomierska-ID4zSak
2026-02-08 00:19,Zamieszkaj w apartamentowcu | Ochrona | Siłownia |,3500,https://www.otodom.pl/pl/oferta/zamieszkaj-w-apartamentowcu-ochrona-silownia-ID4zSaa
2026-02-08 00:19,Kępa Mieszczańska 2 pokoje/garaż/duży balkon,3000,https://www.otodom.pl/pl/oferta/kepa-mieszczanska-2-pokoje-garaz-duzy-balkon-ID4zS4Z
2026-02-08 00:19,Bez Prowizji ! Apartament przy Magnolii | 2 pok. | Balkon |Garaż podz,3200,https://www.otodom.pl/pl/oferta/bez-prowizji-apartament-przy-magnolii-2-pok-balkon-garaz-podz-ID3YOpC
2026-02-08 00:19,2-pokojowe mieszkanie w Wilii Potokowa,2600,https://www.otodom.pl/pl/oferta/2-pokojowe-mieszkanie-w-wilii-potokowa-ID4pIjZ
2026-02-08 00:19,Wynajem mieszkania 33m² z balkonem 20m² i parkingiem podziemnym,2000,https://www.otodom.pl/pl/oferta/wynajem-mieszkania-33m-z-balkonem-20m-i-parkingiem-podziemnym-ID4zS3H
2026-02-08 00:20,PL UA RU | Kawalerka | Braniborska | Balkon | Od zaraz,2450,https://www.otodom.pl/pl/oferta/pl-ua-ru-kawalerka-braniborska-balkon-od-zaraz-ID4zS3J
2026-02-08 00:20,"Centrum, KURKOWA, 57 m2, Antresola, Ogródek - Idealne dla pary/singla",4000,https://www.otodom.pl/pl/oferta/centrum-kurkowa-57-m2-antresola-ogrodek-idealne-dla-pary-singla-ID4xyp0
2026-02-08 00:20,PL|UA|ENG| Idealny loka 4 pokojowy | Rynek,3500,https://www.otodom.pl/pl/oferta/pl-ua-eng-idealny-loka-4-pokojowy-rynek-ID4zS2S
2026-02-08 00:20,Apartament na 44 piętrze w Sky Tower,9500,https://www.otodom.pl/pl/oferta/apartament-na-44-pietrze-w-sky-tower-ID4juXy
2026-02-08 00:20,"T.Kościuszki, Wysoki standard, Pełny rozkład, 2POK",3100,https://www.otodom.pl/pl/oferta/t-kosciuszki-wysoki-standard-pelny-rozklad-2pok-ID4oSPV
2026-02-08 00:21,"Okolice Magnoli, 15 min do Rynku, Kom. Miejska,",2900,https://www.otodom.pl/pl/oferta/okolice-magnoli-15-min-do-rynku-kom-miejska-ID4zRYW
2026-02-08 00:21,Patio House! 48m2_2 pok_ ul. Bednarska_balkon!,2800,https://www.otodom.pl/pl/oferta/patio-house-48m2-2-pok-ul-bednarska-balkon-ID4zRXp
2026-02-08 00:21,"2 pokoje, ul.Czysta, centrum Pierwszy Najem - HIT",4500,https://www.otodom.pl/pl/oferta/2-pokoje-ul-czysta-centrum-pierwszy-najem-hit-ID4zRXo
2026-02-08 00:21,"Duże, 3 Pokoje, 66m2, Taras, Ogród, Garaż",3500,https://www.otodom.pl/pl/oferta/duze-3-pokoje-66m2-taras-ogrod-garaz-ID4zRVi
2026-02-08 00:21,2 duże pokoje / Osobna kuchnia / Balkon / Parking,2500,https://www.otodom.pl/pl/oferta/2-duze-pokoje-osobna-kuchnia-balkon-parking-ID4zRUZ
2026-02-08 00:21,Ciepłe i jasne mieszkanie 59 m² | Świetny rozkład!,3250,https://www.otodom.pl/pl/oferta/cieple-i-jasne-mieszkanie-59-m-swietny-rozklad-ID4zRTB
2026-02-08 00:22,"Od zaraz, garaż, klima, taras, winda",3100,https://www.otodom.pl/pl/oferta/od-zaraz-garaz-klima-taras-winda-ID4zRTE
2026-02-08 00:22,"Mieszkanie, 47 m², Wrocław",2200,https://www.otodom.pl/pl/oferta/mieszkanie-47-m-wroclaw-ID4zRQO
2026-02-08 00:22,"Wrocław, Centrum, 2-pokojowe",2900,https://www.otodom.pl/pl/oferta/wroclaw-centrum-2-pokojowe-ID4zFfA
2026-02-08 00:22,"Apartament 89 m² + Taras 75 m², Piętro 4/4 + 2 Garaże, Klima, Jagodno",5900,https://www.otodom.pl/pl/oferta/apartament-89-m-taras-75-m-pietro-4-4-2-garaze-klima-jagodno-ID4zRPs
2026-02-08 00:22,Wojszyce | 3 sypialnie | Duży Taras,4500,https://www.otodom.pl/pl/oferta/wojszyce-3-sypialnie-duzy-taras-ID4zROC
2026-02-08 00:22,2‑pokojowe mieszkanie 48 m² | Oporów | Chachaja | wysoki standard,3300,https://www.otodom.pl/pl/oferta/2pokojowe-mieszkanie-48-m-oporow-chachaja-wysoki-standard-ID4zROj
2026-02-08 00:23,blisko uczelni | 5 min. od Pl. Grunwaldzkiego | K. Olszewskiego,2000,https://www.otodom.pl/pl/oferta/blisko-uczelni-5-min-od-pl-grunwaldzkiego-k-olszewskiego-ID4zFc2
2026-02-08 00:23,3-pok ul. Racławicka Planty Racławickie Parking*Klima* od 01.04.2026,5200,https://www.otodom.pl/pl/oferta/3-pok-ul-raclawicka-planty-raclawickie-parkingklima-od-01-04-2026-ID4zRLF
2026-02-08 00:23,0 %PRO 3-pok od zaraz ogrody Hallera *Klima* Internet w cenie *Balkon*,3600,https://www.otodom.pl/pl/oferta/0-pro-3-pok-od-zaraz-ogrody-hallera-klima-internet-w-cenie-balkon-ID4zRLo
2026-02-08 00:23,"2 pokoje- 45m²| Garaż, komórka, klimatyzacja",2800,https://www.otodom.pl/pl/oferta/2-pokoje-45m-garaz-komorka-klimatyzacja-ID4zRLc
2026-02-08 00:23,Klimatyzacja | Balkon | Księcia Witolda | OD ZARAZ,2600,https://www.otodom.pl/hpr/pl/oferta/klimatyzacja-balkon-ksiecia-witolda-od-zaraz-ID4zN37
2026-02-08 00:24,Do wynajęcia 3 pokoje/ klimatyzacja/ balkon/ Port Popowice,4100,https://www.otodom.pl/pl/oferta/do-wynajecia-3-pokoje-klimatyzacja-balkon-port-popowice-ID4zRIy
2026-02-08 00:24,First rent | Kępa Mieszczańska | garage,1950,https://www.otodom.pl/pl/oferta/first-rent-kepa-mieszczanska-garage-ID4zRHK
2026-02-08 00:24,Stare Miasto_Szczepin_2pok_Balkon_od zaraz,2800,https://www.otodom.pl/pl/oferta/stare-miasto-szczepin-2pok-balkon-od-zaraz-ID4zHlx
2026-02-08 00:24,ul. Mieszczańska _ 2 pok_ AC _ balkon _ 01.03,3200,https://www.otodom.pl/pl/oferta/ul-mieszczanska-2-pok-ac-balkon-01-03-ID4zREI
2026-02-08 00:24,"2 osobne pokoje,osobno kuchnia,media miejskie,logg",2200,https://www.otodom.pl/pl/oferta/2-osobne-pokoje-osobno-kuchnia-media-miejskie-logg-ID4zPqq
2026-02-08 00:24,2 pok. 50m² osobna kuchnia |Garaż+komórka w cenie!,2650,https://www.otodom.pl/pl/oferta/2-pok-50m-osobna-kuchnia-garaz-komorka-w-cenie-ID4zHV0
2026-02-08 00:24,Super Mieszkanie/Apartament na wynajem,2747,https://www.otodom.pl/pl/oferta/super-mieszkanie-apartament-na-wynajem-ID48B0Q
2026-02-08 00:25,Dwupokojowe mieszkanie przy ul. Gazowej,2700,https://www.otodom.pl/pl/oferta/dwupokojowe-mieszkanie-przy-ul-gazowej-ID4zRA1
2026-02-08 00:25,"Atrakcyjne mieszkanie, 3 pokoje, świetna lokalizacja!",2900,https://www.otodom.pl/pl/oferta/atrakcyjne-mieszkanie-3-pokoje-swietna-lokalizacja-ID4hUhC
2026-02-08 00:25,od 01.03.2026 Duża Kawalerka 39 m2 ul. Żeromskiego *Klima* Ołbin,2300,https://www.otodom.pl/pl/oferta/od-01-03-2026-duza-kawalerka-39-m2-ul-zeromskiego-klima-olbin-ID4zRzf
2026-02-08 00:25,3-pok ul. Róży Wiatrów ARCHICOM *Garaż* Ładne *Klima* od zaraz,4500,https://www.otodom.pl/pl/oferta/3-pok-ul-rozy-wiatrow-archicom-garaz-ladne-klima-od-zaraz-ID4zRyd
2026-02-08 00:25,Legnicka/Magnolia/Business Garden/Przedmiejska/ Szczepin,1999,https://www.otodom.pl/pl/oferta/legnicka-magnolia-business-garden-przedmiejska-szczepin-ID47deg
2026-02-08 00:25,Do wynajecie mieszkanie 2 pokojowe Wrocław Psie Pole,2300,https://www.otodom.pl/pl/oferta/do-wynajecie-mieszkanie-2-pokojowe-wroclaw-psie-pole-ID4zPww
2026-02-08 00:25,Mieszkanie 33M2 -  na wynajm Kawalerka Walońska Angel River,2800,https://www.otodom.pl/pl/oferta/mieszkanie-33m2-na-wynajm-kawalerka-walonska-angel-river-ID4z2YQ
2026-02-08 00:26,Po generalnym remoncie | Oddzielna kuchnia | Balkon | Garaż,3250,https://www.otodom.pl/pl/oferta/po-generalnym-remoncie-oddzielna-kuchnia-balkon-garaz-ID4zMJR
2026-02-08 00:26,Pets Friendly | Wysokie sufity | Oddzielna kuchnia | Ogród Botaniczny,3280,https://www.otodom.pl/pl/oferta/pets-friendly-wysokie-sufity-oddzielna-kuchnia-ogrod-botaniczny-ID4zMH8
2026-02-08 00:26,2 pok + kuchnia z salonem | DARMOWY PARKING | Można wynająć dla firmy,1800,https://www.otodom.pl/pl/oferta/2-pok-kuchnia-z-salonem-darmowy-parking-mozna-wynajac-dla-firmy-ID4zMBe
2026-02-08 00:26,Luksusowy duży apartament z tarasem - Krzyki,7700,https://www.otodom.pl/pl/oferta/luksusowy-duzy-apartament-z-tarasem-krzyki-ID4lXUG
2026-02-08 00:26,"Nowoczesny apartament z prywatnym tarasem | Angel River, Wrocław",8000,https://www.otodom.pl/pl/oferta/nowoczesny-apartament-z-prywatnym-tarasem-angel-river-wroclaw-ID4yIam
2026-02-08 00:27,Po remoncie - Jasna kuchnia - Przy Parku Tołpy!,2300,https://www.otodom.pl/pl/oferta/po-remoncie-jasna-kuchnia-przy-parku-tolpy-ID4zMoF
2026-02-08 00:27,"2-pokoje, 40m² | Jagodno | ul. Kopycińskiego | garaż podz + komorka",2800,https://www.otodom.pl/pl/oferta/2-pokoje-40m-jagodno-ul-kopycinskiego-garaz-podz-komorka-ID4xbgp
2026-02-08 00:27,✅Wysoki Standard✅Balkon✅Klimatyzacja,3500,https://www.otodom.pl/pl/oferta/wysoki-standardbalkonklimatyzacja-ID4zMbi
2026-02-08 00:27,2-POKOJOWE | GARAŻ W CENIE | BALKON | TARAS WIDOKOWY,3200,https://www.otodom.pl/pl/oferta/2-pokojowe-garaz-w-cenie-balkon-taras-widokowy-ID4zM3x
2026-02-08 00:27,2-POKOJOWE | PIWNICA | BALKON | WANNA | 3 PRZYSTANKI DO RYNKU,2650,https://www.otodom.pl/pl/oferta/2-pokojowe-piwnica-balkon-wanna-3-przystanki-do-rynku-ID4zM1L
2026-02-08 00:27,"Nowa oferta!, dla 3 osób, osobna kuchnia, Magnoli",3150,https://www.otodom.pl/pl/oferta/nowa-oferta-dla-3-osob-osobna-kuchnia-magnoli-ID4zLRh
2026-02-08 00:28,Ścisłe CENTRUM! Pierwszy najem! Pełne wyposażenie! Wysoki standard!,2800,https://www.otodom.pl/pl/oferta/scisle-centrum-pierwszy-najem-pelne-wyposazenie-wysoki-standard-ID4yO40
2026-02-08 00:28,PEŁEN ROZKŁAD! Nowsze budownictwo! Balkon! Media miejskie!,2600,https://www.otodom.pl/pl/oferta/pelen-rozklad-nowsze-budownictwo-balkon-media-miejskie-ID4yOvi
2026-02-08 00:28,"Duże m., 3 osobne sypialnie, taras - od lutego",3500,https://www.otodom.pl/pl/oferta/duze-m-3-osobne-sypialnie-taras-od-lutego-ID4maeB
2026-02-08 00:28,Mieszkanie w centrum wolne od zaraz,3500,https://www.otodom.pl/pl/oferta/mieszkanie-w-centrum-wolne-od-zaraz-ID4tuj4
2026-02-08 00:28,"Mieszkanie jednopokojowe z oddzielną kuchnią, miejscem parkingowym",1800,https://www.otodom.pl/pl/oferta/mieszkanie-jednopokojowe-z-oddzielna-kuchnia-miejscem-parkingowym-ID4zRnw
2026-02-08 00:28,Stylowe 2 pokoje w samym sercu Wrocławia |Rynek | widok na płytę Rynku,2500,https://www.otodom.pl/pl/oferta/stylowe-2-pokoje-w-samym-sercu-wroclawia-rynek-widok-na-plyte-rynku-ID4zFq7
2026-02-08 00:29,REZERWACJA Nowoczesne 2-pokojowe mieszkanie z balkonem,3000,https://www.otodom.pl/pl/oferta/rezerwacja-nowoczesne-2-pokojowe-mieszkanie-z-balkonem-ID4oRO1
2026-02-08 00:29,Apartament z widokiem na serce Wrocławia,3300,https://www.otodom.pl/pl/oferta/apartament-z-widokiem-na-serce-wroclawia-ID4zKI6
2026-02-08 00:29,Kawalerka 35m. PSIE POLE ul. Zatorska (ZAKRZÓW),2600,https://www.otodom.pl/pl/oferta/kawalerka-35m-psie-pole-ul-zatorska-zakrzow-ID4zRae
2026-02-08 00:29,"Mieszkanie do wynajęcia obok Park Zachodni,Po generalnym remoncie,2pok",2800,https://www.otodom.pl/pl/oferta/mieszkanie-do-wynajecia-obok-park-zachodni-po-generalnym-remoncie-2pok-ID4zRgH
2026-02-08 00:29,Belvedere Park / Narożny duży balkon / Wyposażony,3600,https://www.otodom.pl/pl/oferta/belvedere-park-narozny-duzy-balkon-wyposazony-ID4z8q9
2026-02-08 00:30,Do wynajęcia 3 pokoje/ klimatyzacja/ balkon/ Port Popowice,4100,https://www.otodom.pl/hpr/pl/oferta/do-wynajecia-3-pokoje-klimatyzacja-balkon-port-popowice-ID4zRIy
2026-02-08 00:30,Belvedere Park / Narożny duży balkon / Wyposażony,3600,https://www.otodom.pl/pl/oferta/belvedere-park-narozny-duzy-balkon-wyposazony-ID4z8q9
2026-02-08 00:30,Nowy klimatyzowany apartament 70m2 ul. Braniborska,4200,https://www.otodom.pl/pl/oferta/nowy-klimatyzowany-apartament-70m2-ul-braniborska-ID4zRfo
2026-02-08 00:30,Klimatyczne mieszkanie z antresolą | Promenady Wro,3200,https://www.otodom.pl/pl/oferta/klimatyczne-mieszkanie-z-antresola-promenady-wro-ID4zeQ7
2026-02-08 00:30,2 pokoje/8 piętro/miejsce postojowe w cenie,3500,https://www.otodom.pl/pl/oferta/2-pokoje-8-pietro-miejsce-postojowe-w-cenie-ID4zAf1
2026-02-08 00:31,3 pokoje z balkonem Stare Miasto/ Tramwaj,2700,https://www.otodom.pl/pl/oferta/3-pokoje-z-balkonem-stare-miasto-tramwaj-ID4zRfb
2026-02-08 00:31,BEZ PROWIZJI - Mieszkanie 2-pokoje / 400M do rynku,2900,https://www.otodom.pl/pl/oferta/bez-prowizji-mieszkanie-2-pokoje-400m-do-rynku-ID43Hiw
2026-02-08 00:31,Apartament typu loft| Stare Miasto| Jodłowa,7000,https://www.otodom.pl/pl/oferta/apartament-typu-loft-stare-miasto-jodlowa-ID4xhK5
2026-02-08 00:31,Pl/UA/RU/ 2-pokoje/ CH Ferio Gaj ﻿/ Osobna kuchnia,2800,https://www.otodom.pl/pl/oferta/pl-ua-ru-2-pokoje-ch-ferio-gaj-osobna-kuchnia-ID4zRbP
2026-02-08 00:31,STUDIO z miejscem parkingowym blisko Starego Rynku w Just In Center,2400,https://www.otodom.pl/pl/oferta/studio-z-miejscem-parkingowym-blisko-starego-rynku-w-just-in-center-ID4zRbi
2026-02-08 00:31,Przestronne 3-pokojowe mieszkanie z balkonem,2500,https://www.otodom.pl/pl/oferta/przestronne-3-pokojowe-mieszkanie-z-balkonem-ID4zRaQ
2026-02-08 00:32,3 pokoje z centrum – budynek z 2017 roku,3600,https://www.otodom.pl/pl/oferta/3-pokoje-z-centrum-budynek-z-2017-roku-ID4zRav
2026-02-08 00:32,"4 pokojowe mieszkanie+garaż, Ołtaszyn-Zwycięska",4950,https://www.otodom.pl/pl/oferta/4-pokojowe-mieszkanie-garaz-oltaszyn-zwycieska-ID3ERO0
2026-02-08 00:32,Luksusowe_prestige_3_duże_pokoje_sauna_taras_klimatyzacja_garaż,6900,https://www.otodom.pl/pl/oferta/luksusowe-prestige-3-duze-pokoje-sauna-taras-klimatyzacja-garaz-ID4zOhS
2026-02-08 00:32,2-pokojowe z balkonem Stabłowice bez prowizji!,2100,https://www.otodom.pl/pl/oferta/2-pokojowe-z-balkonem-stablowice-bez-prowizji-ID4zR72
2026-02-08 00:32,Krzyki/Oficerska/balkon/dwa pokoje,4150,https://www.otodom.pl/pl/oferta/krzyki-oficerska-balkon-dwa-pokoje-ID4zR6Q
2026-02-08 00:33,Przytulna kawalerka po remoncie | Kępa Mieszczańska,1900,https://www.otodom.pl/pl/oferta/przytulna-kawalerka-po-remoncie-kepa-mieszczanska-ID4zR6j
2026-02-08 00:33,2 pokoje/pierwsze piętro/Nowy Dwór,2600,https://www.otodom.pl/pl/oferta/2-pokoje-pierwsze-pietro-nowy-dwor-ID4zR5r
2026-02-08 00:33,"Od 15 lutego, studio 36m2, Legnicka",2450,https://www.otodom.pl/pl/oferta/od-15-lutego-studio-36m2-legnicka-ID4zR4Y
2026-02-08 00:33,Nowoczesne 2-pokojowe mieszkanie z balkonem,3300,https://www.otodom.pl/pl/oferta/nowoczesne-2-pokojowe-mieszkanie-z-balkonem-ID4p1l8
2026-02-08 00:33,"4 pokoje z ogrodem 108 m2,Biskupin, cisza i spokój",5000,https://www.otodom.pl/pl/oferta/4-pokoje-z-ogrodem-108-m2-biskupin-cisza-i-spokoj-ID4svwv
2026-02-08 00:34,"ul Prosta, 2 pokoje, 45m, wyposazone centrum winda",2450,https://www.otodom.pl/pl/oferta/ul-prosta-2-pokoje-45m-wyposazone-centrum-winda-ID46ONW
2026-02-08 00:34,Kawalerka w centrum,2100,https://www.otodom.pl/pl/oferta/kawalerka-w-centrum-ID4zR2E
2026-02-08 00:34,Mieszkanie 3-pok. | Balkon | Popowice,3500,https://www.otodom.pl/pl/oferta/mieszkanie-3-pok-balkon-popowice-ID4zR23
2026-02-08 00:34,Słoneczne 2 pok. | Parking | Duży balkon | Pierwsz,2900,https://www.otodom.pl/pl/oferta/sloneczne-2-pok-parking-duzy-balkon-pierwsz-ID4zR27
2026-02-08 00:34,Kawalerka STUDIO w Centrum Po Remoncie! Niskie opłaty Ul. NYSKA HUBSKA,2250,https://www.otodom.pl/pl/oferta/kawalerka-studio-w-centrum-po-remoncie-niskie-oplaty-ul-nyska-hubska-ID4zR1G
2026-02-08 00:35,Przestronna | Kawalerka | Centrum | Od zaraz |,2350,https://www.otodom.pl/pl/oferta/przestronna-kawalerka-centrum-od-zaraz-ID4zKMm
2026-02-08 00:35,Duży Balkon | Oddzielna Kuchnia | Winda,3499,https://www.otodom.pl/pl/oferta/duzy-balkon-oddzielna-kuchnia-winda-ID4zLsR
2026-02-08 00:35,Przytulne | Jasne | Parking | Piwnica | Od zaraz,2699,https://www.otodom.pl/pl/oferta/przytulne-jasne-parking-piwnica-od-zaraz-ID4zLhP
2026-02-08 00:35,PL/RU/ENG Trzypokojowe|57 m2|Od 02.2026,3599,https://www.otodom.pl/pl/oferta/pl-ru-eng-trzypokojowe-57-m2-od-02-2026-ID4zQZ3
2026-02-08 00:35,Kawalerka 29m2 w centrum - ul. Kurkowa,2100,https://www.otodom.pl/pl/oferta/kawalerka-29m2-w-centrum-ul-kurkowa-ID4zQYC
2026-02-08 00:36,Pierwszy najem studio z balkonem na ulicy Czystej,2400,https://www.otodom.pl/pl/oferta/pierwszy-najem-studio-z-balkonem-na-ulicy-czystej-ID4zQXb
2026-02-08 00:36,PL/RU/ENG Czteropokojowe - 92 m2|Osobna Kuchnia|2 Łazienki|Centrum,5599,https://www.otodom.pl/pl/oferta/pl-ru-eng-czteropokojowe-92-m2-osobna-kuchnia-2-lazienki-centrum-ID4zQVS
2026-02-08 00:36,Przestronne mieszkanie z garażem - 3900 całość,3800,https://www.otodom.pl/pl/oferta/przestronne-mieszkanie-z-garazem-3900-calosc-ID4zQUZ
2026-02-08 00:36,"3pok., International School, garaż, Krzyki, Racławicka, Wichrowa",5000,https://www.otodom.pl/pl/oferta/3pok-international-school-garaz-krzyki-raclawicka-wichrowa-ID4zIPs
2026-02-08 00:36,UA | ENG | PL |  | BEZ PROWIZJ I КОММИСИЯ 0%,5000,https://www.otodom.pl/pl/oferta/ua-eng-pl-bez-prowizj-i-0-ID4zQSx
2026-02-08 00:36,PL|Eng|Ua Prowizja 0%|Коммисия 0% Okazja,2000,https://www.otodom.pl/pl/oferta/pl-eng-ua-prowizja-0-0-okazja-ID4zQSD
2026-02-08 00:37,Belvedere Park / Narożny duży balkon / Wyposażony,3600,https://www.otodom.pl/hpr/pl/oferta/belvedere-park-narozny-duzy-balkon-wyposazony-ID4z8q9
2026-02-08 00:37,"Dla singla, dla pary/ parter/ taras/ ul. Wietrzna",2150,https://www.otodom.pl/pl/oferta/dla-singla-dla-pary-parter-taras-ul-wietrzna-ID4oX42
2026-02-08 00:37,2 pokoje | oddzielna kuchnia | 40 m²| Centrum,2650,https://www.otodom.pl/pl/oferta/2-pokoje-oddzielna-kuchnia-40-m-centrum-ID4zQRE
2026-02-08 00:37,!! Rezerwacja!! - Przy Hali Targowej Tęcza,2500,https://www.otodom.pl/pl/oferta/rezerwacja-przy-hali-targowej-tecza-ID4t2XE
2026-02-08 00:37,okolice ul. Kościuszki,2600,https://www.otodom.pl/pl/oferta/okolice-ul-kosciuszki-ID4zQQD
2026-02-08 00:38,Mieszkanie w Centrum,2800,https://www.otodom.pl/pl/oferta/mieszkanie-w-centrum-ID4zQOp
2026-02-08 00:38,Mieszkanie / 3 pokoje / balkon+piwnica / Szczepin,2800,https://www.otodom.pl/pl/oferta/mieszkanie-3-pokoje-balkon-piwnica-szczepin-ID4zQN3
2026-02-08 00:38,"Salon z aneksem, sypialnia/gabinet, miejsce parkingowe z gniazdem 11kW",2800,https://www.otodom.pl/pl/oferta/salon-z-aneksem-sypialnia-gabinet-miejsce-parkingowe-z-gniazdem-11kw-ID4cADg
2026-02-08 00:38,62m 3pok 4000 PLN Tęczowa STARE MIASTO,4000,https://www.otodom.pl/pl/oferta/62m-3pok-4000-pln-teczowa-stare-miasto-ID4zMUx
2026-02-08 00:38,"Zadbane, słoneczne, Śleżna przy Parku. HIT",3399,https://www.otodom.pl/pl/oferta/zadbane-sloneczne-slezna-przy-parku-hit-ID4zQGH
2026-02-08 00:38,Mieszkanie 2 pok. Szczepin-Stare Miasto,2700,https://www.otodom.pl/pl/oferta/mieszkanie-2-pok-szczepin-stare-miasto-ID4zQBT
2026-02-08 00:39,"ul. Długa – 3 os. pokoje, osobna kuchnia, balkon",2200,https://www.otodom.pl/pl/oferta/ul-dluga-3-os-pokoje-osobna-kuchnia-balkon-ID4zQAb
2026-02-08 00:39,Bezpośrednio wygodna kawalerka Krynicka,2000,https://www.otodom.pl/pl/oferta/bezposrednio-wygodna-kawalerka-krynicka-ID4yrG2
2026-02-08 00:39,3 pokoje | 78 m2 | Wojszyce | Bez prowizji,3600,https://www.otodom.pl/pl/oferta/3-pokoje-78-m2-wojszyce-bez-prowizji-ID4ju7T
2026-02-08 00:39,"Nowe mieszkanie - Młynarska - 3 pokoje, słoneczne",3700,https://www.otodom.pl/pl/oferta/nowe-mieszkanie-mlynarska-3-pokoje-sloneczne-ID4p75N
2026-02-08 00:39,Studio w centrum Wrocławia | rynek,2600,https://www.otodom.pl/pl/oferta/studio-w-centrum-wroclawia-rynek-ID4zBFA
2026-02-08 00:39,"Mieszkanie, 25,60 m², Wrocław",2400,https://www.otodom.pl/pl/oferta/mieszkanie-25-60-m-wroclaw-ID4z027
2026-02-08 00:39,3 pokoje w centrum|parking|doskonała komunikacja,2999,https://www.otodom.pl/pl/oferta/3-pokoje-w-centrum-parking-doskonala-komunikacja-ID4zQwr
2026-02-08 00:40,Kawalerka w centrum|parking|balkon|bez prowizji,2050,https://www.otodom.pl/pl/oferta/kawalerka-w-centrum-parking-balkon-bez-prowizji-ID4zQuK
2026-02-08 00:40,Apartament Księcia Witolda Wysoki Stand./Top/Parki,2499,https://www.otodom.pl/pl/oferta/apartament-ksiecia-witolda-wysoki-stand-top-parki-ID4zQuI
2026-02-08 00:40,"Luksusowy, nowoczesny 3 pok apartament przy Rynku.",6500,https://www.otodom.pl/pl/oferta/luksusowy-nowoczesny-3-pok-apartament-przy-rynku-ID4z65N
2026-02-08 00:40,"Wrocław! ul. Murowana! 50m2! 2 pok! Parking, rowerownia!",2800,https://www.otodom.pl/pl/oferta/wroclaw-ul-murowana-50m2-2-pok-parking-rowerownia-ID4zLdV
2026-02-08 00:40,"Nowe 3-pok. 2 balkony, garaż - Krzyki Jagodno - od zaraz",3300,https://www.otodom.pl/pl/oferta/nowe-3-pok-2-balkony-garaz-krzyki-jagodno-od-zaraz-ID4zL7v
2026-02-08 00:40,"3 pokoje, rozkładowe, balkon",2800,https://www.otodom.pl/pl/oferta/3-pokoje-rozkladowe-balkon-ID4zL7k
2026-02-08 00:41,"Trzypokojowe, ul Lekcyjna, piętro domu, 2800zł+liczniki 80mkw",2800,https://www.otodom.pl/pl/oferta/trzypokojowe-ul-lekcyjna-pietro-domu-2800zl-liczniki-80mkw-ID4zL6P
2026-02-08 00:41,"2-pok. balkon, garaż - Kępa Mieszczańska- centrum",3000,https://www.otodom.pl/pl/oferta/2-pok-balkon-garaz-kepa-mieszczanska-centrum-ID4zL6N
2026-02-08 00:41,Przestronne 4 pokoje | blisko Aquapark| 2 balkony,4000,https://www.otodom.pl/pl/oferta/przestronne-4-pokoje-blisko-aquapark-2-balkony-ID4yeWH
2026-02-08 00:41,Pierwszy Najem | Kawalerka z Ogródkiem 46m2 | Teren Zamknięty,2500,https://www.otodom.pl/pl/oferta/pierwszy-najem-kawalerka-z-ogrodkiem-46m2-teren-zamkniety-ID4zKVL
2026-02-08 00:41,"Komfortowe, klimatyzacja, garaż, winda, balkon, RIVER POINT!",2900,https://www.otodom.pl/pl/oferta/komfortowe-klimatyzacja-garaz-winda-balkon-river-point-ID4zqZJ
2026-02-08 00:41,Mieszkanie 2-pokojowe w okolicy ul. Krzyckiej,2550,https://www.otodom.pl/pl/oferta/mieszkanie-2-pokojowe-w-okolicy-ul-krzyckiej-ID4ziiU
2026-02-08 00:42,"Klecina, ul Jutrzenki, 3 pokoje",3300,https://www.otodom.pl/pl/oferta/klecina-ul-jutrzenki-3-pokoje-ID4zQnH
2026-02-08 00:42,3 pokoje OPORÓW - Nowe budownictwo - BEZ PROWIZJI,3500,https://www.otodom.pl/pl/oferta/3-pokoje-oporow-nowe-budownictwo-bez-prowizji-ID4pZjn
2026-02-08 00:42,mieszkanie do wynajęcia,2400,https://www.otodom.pl/pl/oferta/mieszkanie-do-wynajecia-ID4zQmP
2026-02-08 00:42,Małopanewska ! Piękne mieszkanie! Wysoki standard!,3300,https://www.otodom.pl/pl/oferta/malopanewska-piekne-mieszkanie-wysoki-standard-ID4tGsu
2026-02-08 00:42,✨ Kowale ✨ Balkon ✨ Miejsce postojowe,2500,https://www.otodom.pl/pl/oferta/kowale-balkon-miejsce-postojowe-ID4zQlg
2026-02-08 00:43,Kawalerka Kepa Mieszczanska,1800,https://www.otodom.pl/pl/oferta/kawalerka-kepa-mieszczanska-ID4l6DY
2026-02-08 00:43,✨Klecina ✨Duże pokoje ✨Niezależne wejście ✨,2500,https://www.otodom.pl/pl/oferta/klecina-duze-pokoje-niezalezne-wejscie-ID4zQk4
2026-02-08 00:43,"Dla singla, dla pary/ parter/ taras/ ul. Wietrzna",2150,https://www.otodom.pl/hpr/pl/oferta/dla-singla-dla-pary-parter-taras-ul-wietrzna-ID4oX42
2026-02-08 00:43,duże mieszkanie 2-pok. w prestiżowej inwestycji w centrum/bez prowizji,3500,https://www.otodom.pl/pl/oferta/duze-mieszkanie-2-pok-w-prestizowej-inwestycji-w-centrum-bez-prowizji-ID4zCPc
2026-02-08 00:43,Mieszkanie 2-pokojowe Wrocław Zachodnia dostępne od 2 lutego 2026 r.,3200,https://www.otodom.pl/pl/oferta/mieszkanie-2-pokojowe-wroclaw-zachodnia-dostepne-od-2-lutego-2026-r-ID4uws9
2026-02-08 00:43,Nowe mieszkanie do wynajęcia blisko rynku -flat to rent,3200,https://www.otodom.pl/pl/oferta/nowe-mieszkanie-do-wynajecia-blisko-rynku-flat-to-rent-ID4zDxs
2026-02-08 00:43,Mieszkanie do wynajęcia,2400,https://www.otodom.pl/pl/oferta/mieszkanie-do-wynajecia-ID4zQg0
2026-02-08 00:44,PL/UA Mieszkanie 3 Pokoje | Osobna Kuchnia | Balkon | Od Zaraz,3499,https://www.otodom.pl/pl/oferta/pl-ua-mieszkanie-3-pokoje-osobna-kuchnia-balkon-od-zaraz-ID4zQfU
2026-02-08 00:44,bez prowizji | przy parku | wysoki standard,2400,https://www.otodom.pl/pl/oferta/bez-prowizji-przy-parku-wysoki-standard-ID4zDvH
2026-02-08 00:44,PL/UA Pierwszy najem | Negocjacje |Umeblowanie zapewnimy |Pet Friendly,5600,https://www.otodom.pl/pl/oferta/pl-ua-pierwszy-najem-negocjacje-umeblowanie-zapewnimy-pet-friendly-ID4zQfr
2026-02-08 00:44,Na wynajem*2pokoje*ogródek*pełne wyposażenie,3400,https://www.otodom.pl/pl/oferta/na-wynajem2pokojeogrodekpelne-wyposazenie-ID4zQeX
2026-02-08 00:44,PL/UA Mieszkanie 3 p. | Oddzielna kuchnia | Pets Friendly | Od Zaraz,3300,https://www.otodom.pl/pl/oferta/pl-ua-mieszkanie-3-p-oddzielna-kuchnia-pets-friendly-od-zaraz-ID4zQeI
2026-02-08 00:44,Mieszkanie 2-pokojowe - Lokum Di Trevi,2900,https://www.otodom.pl/pl/oferta/mieszkanie-2-pokojowe-lokum-di-trevi-ID4zQef
2026-02-08 00:45,PL/RU 2 pok. Apartament | Centrum | Garaż | Wysoki Standard | Od Zaraz,2999,https://www.otodom.pl/pl/oferta/pl-ru-2-pok-apartament-centrum-garaz-wysoki-standard-od-zaraz-ID4zQbQ
2026-02-08 00:45,PL|UA|RU| 50 м2| Ogrody Hallera| Osobna kuchnia| GYM w cenie,3000,https://www.otodom.pl/pl/oferta/pl-ua-ru-50-2-ogrody-hallera-osobna-kuchnia-gym-w-cenie-ID4zQbr
2026-02-08 00:45,Wynajmę mieszkanie 2pok/Klima/ Vasco da Gamy Olimpia Port,3100,https://www.otodom.pl/pl/oferta/wynajme-mieszkanie-2pok-klima-vasco-da-gamy-olimpia-port-ID4feKI
2026-02-08 00:45,"bez prowizji NOWE Suwalska,miejsce postojowe w cenie,rowerownia,balkon",2700,https://www.otodom.pl/pl/oferta/bez-prowizji-nowe-suwalska-miejsce-postojowe-w-cenie-rowerownia-balkon-ID4zx9p
2026-02-08 00:45,Mieszkanie z tarasem i ogródkiem: Ogrody Hallera,4300,https://www.otodom.pl/pl/oferta/mieszkanie-z-tarasem-i-ogrodkiem-ogrody-hallera-ID4grkS
2026-02-08 00:45,"2-pokojowe mieszkanie z balkonem, osobna kuchnia – Kwiska, 45 m²",3200,https://www.otodom.pl/pl/oferta/2-pokojowe-mieszkanie-z-balkonem-osobna-kuchnia-kwiska-45-m-ID4zQ5m
2026-02-08 00:46,Mieszkanie 3-pok | Oddzielna Kuchnia | OD ZARAZ | Pułaskiego |,3450,https://www.otodom.pl/pl/oferta/mieszkanie-3-pok-oddzielna-kuchnia-od-zaraz-pulaskiego-ID4zDrz
2026-02-08 00:46,PL/UA Mieszkanie 2 p. | Pets Friendly Klima | Balkon | Garaż | Centrum,2700,https://www.otodom.pl/pl/oferta/pl-ua-mieszkanie-2-p-pets-friendly-klima-balkon-garaz-centrum-ID4zQ4g
2026-02-08 00:46,55m2-Taras-Kępa Mieszczańska- Nowe- Przestronne,3600,https://www.otodom.pl/pl/oferta/55m2-taras-kepa-mieszczanska-nowe-przestronne-ID4zzlU
2026-02-08 00:46,"Mieszkanie 3-pokojowe przy parku, Hallera",2700,https://www.otodom.pl/pl/oferta/mieszkanie-3-pokojowe-przy-parku-hallera-ID4zQ3n
2026-02-08 00:46,Stylowe 2 pok. | Centrum | Wysoki standard,2800,https://www.otodom.pl/pl/oferta/stylowe-2-pok-centrum-wysoki-standard-ID4zPZF
2026-02-08 00:46,"Kawalerka z osobną kuchnią – ul. Okulickiego 19B, Psie Pole",1600,https://www.otodom.pl/pl/oferta/kawalerka-z-osobna-kuchnia-ul-okulickiego-19b-psie-pole-ID4zPZh
2026-02-08 00:47,Dwa pokoje z ogródkiem | Parking| Pierwszy najem,2700,https://www.otodom.pl/pl/oferta/dwa-pokoje-z-ogrodkiem-parking-pierwszy-najem-ID4zPYV
2026-02-08 00:47,"Kawalerka do wynajęcia – 6 min do Wroclavii, świetna lokalizacja",2500,https://www.otodom.pl/pl/oferta/kawalerka-do-wynajecia-6-min-do-wroclavii-swietna-lokalizacja-ID4zPVz
2026-02-08 00:47,Wynajmę 2 pokojowe mieszkanie ul. Przyjaźni,2400,https://www.otodom.pl/pl/oferta/wynajme-2-pokojowe-mieszkanie-ul-przyjazni-ID4zPWr
2026-02-08 00:47,"Wynajmę mieszkanie 2 - pok. Pixel House , ul. Legnicka , Magnolia Park",3000,https://www.otodom.pl/pl/oferta/wynajme-mieszkanie-2-pok-pixel-house-ul-legnicka-magnolia-park-ID4zPUK
2026-02-08 00:48,Awpolis-Garaż-Siłownia-Wysoki Standard,3300,https://www.otodom.pl/pl/oferta/awpolis-garaz-silownia-wysoki-standard-ID4zPUH
2026-02-08 00:48,3-pok | 70 m²| przestronne | samy Rynek | komórka | Zwierzęta tak,4500,https://www.otodom.pl/pl/oferta/3-pok-70-m-przestronne-samy-rynek-komorka-zwierzeta-tak-ID4zPUc
2026-02-08 00:48,"Idealnie zlokalizowane, duże mieszkanie Grabiszyńska 101 - 2700 zł",2700,https://www.otodom.pl/pl/oferta/idealnie-zlokalizowane-duze-mieszkanie-grabiszynska-101-2700-zl-ID4zPPl
2026-02-08 00:48,Premium kawalerka 32 m² | Traugutta 74 | Angel City + garaż - 2699 zł,2699,https://www.otodom.pl/pl/oferta/premium-kawalerka-32-m-traugutta-74-angel-city-garaz-2699-zl-ID4zPMQ
2026-02-08 00:48,PetsFriendly | Garaż podziemny | Internet | Balkon | OD ZARAZ,2550,https://www.otodom.pl/pl/oferta/petsfriendly-garaz-podziemny-internet-balkon-od-zaraz-ID4zFEj
2026-02-08 00:49,Jasne mieszkanie z wysokim sufitem,2500,https://www.otodom.pl/pl/oferta/jasne-mieszkanie-z-wysokim-sufitem-ID4zPQ9
2026-02-08 00:49,2 Pokoje|Balkon|Klimatyzacja|Centrum,3000,https://www.otodom.pl/pl/oferta/2-pokoje-balkon-klimatyzacja-centrum-ID4zPOS
2026-02-08 00:49,Wysoki standard-Garaż-Klimatyzacja-2Balkony,3100,https://www.otodom.pl/pl/oferta/wysoki-standard-garaz-klimatyzacja-2balkony-ID4zPOC
2026-02-08 00:49,✅Taras✅Klimatyzacja✅Garderoba✅Miejsce Postojowe,2900,https://www.otodom.pl/pl/oferta/tarasklimatyzacjagarderobamiejsce-postojowe-ID4zDzb
2026-02-08 00:49,2 pok. | Taras | Garaż | Klecina,2799,https://www.otodom.pl/pl/oferta/2-pok-taras-garaz-klecina-ID4zPLH
2026-02-08 00:50,duże mieszkanie 2-pok. w prestiżowej inwestycji w centrum/bez prowizji,3500,https://www.otodom.pl/hpr/pl/oferta/duze-mieszkanie-2-pok-w-prestizowej-inwestycji-w-centrum-bez-prowizji-ID4zCPc
2026-02-08 00:50,Mieszkanie 2-pok | Rozkład | Sycowska,2150,https://www.otodom.pl/pl/oferta/mieszkanie-2-pok-rozklad-sycowska-ID4zCGK
2026-02-08 00:50,Mieszkanie 3-pok | Rozkład | Kamieńskiego,3200,https://www.otodom.pl/pl/oferta/mieszkanie-3-pok-rozklad-kamienskiego-ID4zkUP
2026-02-08 00:50,Kawalerka | 36 m2 | Parking | Rozkład | Piesza,2600,https://www.otodom.pl/pl/oferta/kawalerka-36-m2-parking-rozklad-piesza-ID4zkqx
2026-02-08 00:51,Bez prowizji | Mieszkanie 4pok | Oddzielna kuchnia,3500,https://www.otodom.pl/pl/oferta/bez-prowizji-mieszkanie-4pok-oddzielna-kuchnia-ID4ytS7
2026-02-08 00:51,0% | Mieszkanie 2-pok | 39 m2 | Balkon | Piękna,2800,https://www.otodom.pl/pl/oferta/0-mieszkanie-2-pok-39-m2-balkon-piekna-ID4vmbV
2026-02-08 00:51,Nowy Dwór| 2 pokoje | 44 m² | zadbane,2500,https://www.otodom.pl/pl/oferta/nowy-dwor-2-pokoje-44-m-zadbane-ID4yOCx
2026-02-08 00:51,2-pok | Balkon | Garaż | ul. Vespucciego,2599,https://www.otodom.pl/pl/oferta/2-pok-balkon-garaz-ul-vespucciego-ID4zHVR
2026-02-08 00:51,Przestronne 3-pokojowe mieszkanie z balkonem,3300,https://www.otodom.pl/pl/oferta/przestronne-3-pokojowe-mieszkanie-z-balkonem-ID4qR7s
2026-02-08 00:51,## 2 pokoje Psie Pole ## ul. Piwnika ponurego##,2000,https://www.otodom.pl/pl/oferta/2-pokoje-psie-pole-ul-piwnika-ponurego-ID4zPHK
2026-02-08 00:52,PL | UA | RU | Komfortowe 2 pokoje 51 m² | Garaż w cenie | Balkon,2800,https://www.otodom.pl/pl/oferta/pl-ua-ru-komfortowe-2-pokoje-51-m-garaz-w-cenie-balkon-ID4zPF0
2026-02-08 00:52,"Bulwar Staromiejski, Apartament Loft z antresolą, czas umowy min. 1m-c",3700,https://www.otodom.pl/pl/oferta/bulwar-staromiejski-apartament-loft-z-antresola-czas-umowy-min-1m-c-ID4zPEc
2026-02-08 00:52,Nowoczesne dwupokojowe mieszkanie/Nowy Grabiszyn/dostępne od zaraz,2900,https://www.otodom.pl/pl/oferta/nowoczesne-dwupokojowe-mieszkanie-nowy-grabiszyn-dostepne-od-zaraz-ID4zPDK
2026-02-08 00:52,Przytulne mieszkanie 3 pokoje z balkonem Przyjaźni,3500,https://www.otodom.pl/pl/oferta/przytulne-mieszkanie-3-pokoje-z-balkonem-przyjazni-ID4zEKe
2026-02-08 00:52,Mieszkanie 2-pokojowe w centrum| taras z pięknym widokiem| od zaraz,2900,https://www.otodom.pl/pl/oferta/mieszkanie-2-pokojowe-w-centrum-taras-z-pieknym-widokiem-od-zaraz-ID4zPAA
2026-02-08 00:53,"Dmowskiego 61, 2 pokoje , garaż, zmywarka, TV",2800,https://www.otodom.pl/pl/oferta/dmowskiego-61-2-pokoje-garaz-zmywarka-tv-ID4zPAi
2026-02-08 00:53,2 pokoje*Balkon*Garaż*Winda,3200,https://www.otodom.pl/pl/oferta/2-pokojebalkongarazwinda-ID4zd4h
2026-02-08 00:53,Apartament | 78m2 | Park szczytnicki,3500,https://www.otodom.pl/pl/oferta/apartament-78m2-park-szczytnicki-ID4y06u
2026-02-08 00:53,Nowy apartament w Centrum Wrocławia ATAL City Square - Pet friendly!,1999,https://www.otodom.pl/pl/oferta/nowy-apartament-w-centrum-wroclawia-atal-city-square-pet-friendly-ID4zFPC
2026-02-08 00:53,Studio 27 m2 na Krzykach - ul. Śliczna!,2100,https://www.otodom.pl/pl/oferta/studio-27-m2-na-krzykach-ul-sliczna-ID4zPvv
2026-02-08 00:54,2pokoje|centrum|przy rzece|przy rynku,2800,https://www.otodom.pl/pl/oferta/2pokoje-centrum-przy-rzece-przy-rynku-ID4zPv3
2026-02-08 00:54,Okazja! Super mieszkanie na Krzykach (klimatyzacja),3000,https://www.otodom.pl/pl/oferta/okazja-super-mieszkanie-na-krzykach-klimatyzacja-ID4r6zw
2026-02-08 00:54,Apartament przy Wisniowej/Ślężnej! Piękny widok!,7000,https://www.otodom.pl/pl/oferta/apartament-przy-wisniowej-sleznej-piekny-widok-ID4nwCh
2026-02-08 00:54,"mieszkanie 2 pokojowe z oddzielną kuchnią, Litewska, balkon",2500,https://www.otodom.pl/pl/oferta/mieszkanie-2-pokojowe-z-oddzielna-kuchnia-litewska-balkon-ID4zPrZ
2026-02-08 00:54,Mieszkanie 3-pokojowe Grabiszyńska/Stalowa,2200,https://www.otodom.pl/pl/oferta/mieszkanie-3-pokojowe-grabiszynska-stalowa-ID4c3od
2026-02-08 00:54,2 pokojowe Hallera/Powstańców Śl.,2300,https://www.otodom.pl/pl/oferta/2-pokojowe-hallera-powstancow-sl-ID4zPpd
2026-02-08 00:54,"Do wynajęcia Wrocław Centrum ul. Haukego-Bosaka PL,UA,RU",3000,https://www.otodom.pl/pl/oferta/do-wynajecia-wroclaw-centrum-ul-haukego-bosaka-pl-ua-ru-ID4zKCi
2026-02-08 00:54,Od Zaraz | Pierwszy Najem | Port Popowice | Balkon | Parking |Od Zaraz,2900,https://www.otodom.pl/pl/oferta/od-zaraz-pierwszy-najem-port-popowice-balkon-parking-od-zaraz-ID4zKvZ
2026-02-08 00:55,Stare Miasto 2 Pokoje 45m2 ul. Sikorskiego Atal Towers,2990,https://www.otodom.pl/pl/oferta/stare-miasto-2-pokoje-45m2-ul-sikorskiego-atal-towers-ID4zKu5
2026-02-08 00:55,"2pok. Kępa / Dmowskiego / Odra - 3min. do Rynku, 2023, 3500zł całość!",2800,https://www.otodom.pl/pl/oferta/2pok-kepa-dmowskiego-odra-3min-do-rynku-2023-3500zl-calosc-ID4zKsW
2026-02-08 00:55,2 pokoje | 45 m² | ul. Bydgoska – Plac Kromera | Świetna lokalizacja,2500,https://www.otodom.pl/pl/oferta/2-pokoje-45-m-ul-bydgoska-plac-kromera-swietna-lokalizacja-ID4zKrD
2026-02-08 00:55,"2 / 3 pokoje, 87m2, 3min. do Rynku / ŁOKIETKA / DUBOIS",2900,https://www.otodom.pl/pl/oferta/2-3-pokoje-87m2-3min-do-rynku-lokietka-dubois-ID4z4NP
2026-02-08 00:55,Mieszkanie 3-pok | Taras | Parking | Olimpia Port,3200,https://www.otodom.pl/pl/oferta/mieszkanie-3-pok-taras-parking-olimpia-port-ID4zK07
2026-02-08 00:55,Osobna kuchnia | Winda | Rozkład | Hynka,1900,https://www.otodom.pl/pl/oferta/osobna-kuchnia-winda-rozklad-hynka-ID4r6hZ
2026-02-08 00:55,541829,4500,https://www.otodom.pl/pl/oferta/541829-ID4zdXq
2026-02-08 00:55,Wysoki standard | Zieleń | Balkon | parking,3800,https://www.otodom.pl/pl/oferta/wysoki-standard-zielen-balkon-parking-ID4zJLA
2026-02-08 00:56,pełne wyposażenie\ samo centrum\prestiżowy budynek,2350,https://www.otodom.pl/pl/oferta/pelne-wyposazenie-samo-centrum-prestizowy-budynek-ID4zJGS
2026-02-08 00:56,Mieszkanie 2-pok | Rozkład | Sycowska,2150,https://www.otodom.pl/hpr/pl/oferta/mieszkanie-2-pok-rozklad-sycowska-ID4zCGK
2026-02-08 00:56,Promenady Wrocławskie.Skandynawskie.Sprzątanie w cenie.,2900,https://www.otodom.pl/pl/oferta/promenady-wroclawskie-skandynawskie-sprzatanie-w-cenie-ID3myH5
2026-02-08 00:56,"Panoramiczny, 3 pokojowy apartament w centrum",12000,https://www.otodom.pl/pl/oferta/panoramiczny-3-pokojowy-apartament-w-centrum-ID4zPmX
2026-02-08 00:56,PIERWSZY NAJEM | NOWE 2 POKOJE z balkonem i miejscem parkingowym,2900,https://www.otodom.pl/pl/oferta/pierwszy-najem-nowe-2-pokoje-z-balkonem-i-miejscem-parkingowym-ID4zPmn
2026-02-08 00:57,Apartament z tarasem w centrum miasta,14000,https://www.otodom.pl/pl/oferta/apartament-z-tarasem-w-centrum-miasta-ID4zPlL
2026-02-08 00:57,Mieszkanie 3-pok | Parking | Rozkład | Braniborska,3500,https://www.otodom.pl/pl/oferta/mieszkanie-3-pok-parking-rozklad-braniborska-ID4sxJc
2026-02-08 00:57,2 Pokoje | Balkon | Słoneczny Ołtaszyn,2900,https://www.otodom.pl/pl/oferta/2-pokoje-balkon-sloneczny-oltaszyn-ID4zHrM
2026-02-08 00:57,"Wynajmę 2-pokojowe mieszkanie w świetnej lokalizacji, przy samej rzece",3000,https://www.otodom.pl/pl/oferta/wynajme-2-pokojowe-mieszkanie-w-swietnej-lokalizacji-przy-samej-rzece-ID4zPkg
2026-02-08 00:57,Mieszkanie 3-pokojowe w super lokalizacji z garażem podziemnym,3900,https://www.otodom.pl/pl/oferta/mieszkanie-3-pokojowe-w-super-lokalizacji-z-garazem-podziemnym-ID4zxFn
2026-02-08 00:57,Jasne mieszkanie 2 pokoje w centrum Wrocławia,3200,https://www.otodom.pl/pl/oferta/jasne-mieszkanie-2-pokoje-w-centrum-wroclawia-ID4mspx
2026-02-08 00:58,Przytulne 2-pokojowe mieszkanie z balkonem,2500,https://www.otodom.pl/pl/oferta/przytulne-2-pokojowe-mieszkanie-z-balkonem-ID4zPic
2026-02-08 00:58,Kawalerka z balkonem i miejscem w garażu podziemnym,2600,https://www.otodom.pl/pl/oferta/kawalerka-z-balkonem-i-miejscem-w-garazu-podziemnym-ID4zPi6
2026-02-08 00:58,"Centrum, ul. Dmowskiego 3 pokoje, Amsterdam",4000,https://www.otodom.pl/pl/oferta/centrum-ul-dmowskiego-3-pokoje-amsterdam-ID4zPht
2026-02-08 00:58,"4 pokoje z Tarasem, klimatyzacja, Belveder",7000,https://www.otodom.pl/pl/oferta/4-pokoje-z-tarasem-klimatyzacja-belveder-ID4zPfi
2026-02-08 00:58,"Rózanka, 2 pokoje, Stara Odra, Nowe budownictwo",3000,https://www.otodom.pl/pl/oferta/rozanka-2-pokoje-stara-odra-nowe-budownictwo-ID4zPfe
2026-02-08 00:59,"Ovo, Podwale, 2 pokoje, od Zaz!",3500,https://www.otodom.pl/pl/oferta/ovo-podwale-2-pokoje-od-zaz-ID4zPff
2026-02-08 00:59,"Ovo, Podwale, 4 pokoje, od Zeraz!",10000,https://www.otodom.pl/pl/oferta/ovo-podwale-4-pokoje-od-zeraz-ID4zPfh
2026-02-08 00:59,"Ovo, Podwale, 2 pokoje, od Zaraz!",3500,https://www.otodom.pl/pl/oferta/ovo-podwale-2-pokoje-od-zaraz-ID4zPfg
2026-02-08 00:59,|Rynek|Stare Miasto|3 osobne pokoje|Studenci|,3500,https://www.otodom.pl/pl/oferta/rynek-stare-miasto-3-osobne-pokoje-studenci-ID4zPfb
2026-02-08 00:59,"Spiżowa, Centrum, 2 pokoje, od Zaraz",2500,https://www.otodom.pl/pl/oferta/spizowa-centrum-2-pokoje-od-zaraz-ID4zPfd
2026-02-08 01:00,Wynajmij klimatyczne 2-pokojowe mieszkanie!,3000,https://www.otodom.pl/pl/oferta/wynajmij-klimatyczne-2-pokojowe-mieszkanie-ID4zPeX
2026-02-08 01:00,Mieszkanie 2-pokojowe z oddzielną kuchnią,2300,https://www.otodom.pl/pl/oferta/mieszkanie-2-pokojowe-z-oddzielna-kuchnia-ID4zPef
2026-02-08 01:00,Luksusowa kawalerka do wynajęcia ul. Tęczowa 95 m8,2300,https://www.otodom.pl/pl/oferta/luksusowa-kawalerka-do-wynajecia-ul-teczowa-95-m8-ID46VOI
2026-02-08 01:00,Mieszkanie 2 pokoje z aneksem i tarasem,2600,https://www.otodom.pl/pl/oferta/mieszkanie-2-pokoje-z-aneksem-i-tarasem-ID4uB6J
2026-02-08 01:00,3 pokoje | 46 m² | Zielińskiego | balkon | klimatyzacja | bezpośrednio,2700,https://www.otodom.pl/pl/oferta/3-pokoje-46-m-zielinskiego-balkon-klimatyzacja-bezposrednio-ID4zPb5
2026-02-08 01:00,Kawalerka przy rynku / Psie Budy / Bezpośrednio,2400,https://www.otodom.pl/pl/oferta/kawalerka-przy-rynku-psie-budy-bezposrednio-ID4zH2z
2026-02-08 01:00,Piękna kawalerka / Łąkowa / Centrum / Bezpośrednio,2450,https://www.otodom.pl/pl/oferta/piekna-kawalerka-lakowa-centrum-bezposrednio-ID4zLZQ
2026-02-08 01:01,2 pokoje / Obornicka / Taras / Parking / Bez prowizji,2600,https://www.otodom.pl/pl/oferta/2-pokoje-obornicka-taras-parking-bez-prowizji-ID4zNNs
2026-02-08 01:01,"Dwupoziomowe mieszkanie, 5 pokoi, balkon, ogródek, miejsce postojowe",4700,https://www.otodom.pl/pl/oferta/dwupoziomowe-mieszkanie-5-pokoi-balkon-ogrodek-miejsce-postojowe-ID45oNp
2026-02-08 01:01,piękne 2 pokojowe mieszkanie w spokojnej dzielnicy,2900,https://www.otodom.pl/pl/oferta/piekne-2-pokojowe-mieszkanie-w-spokojnej-dzielnicy-ID4qRDk
2026-02-08 01:01,Mieszkanie po remoncie I Miejsce postojowe w cenie,2700,https://www.otodom.pl/pl/oferta/mieszkanie-po-remoncie-i-miejsce-postojowe-w-cenie-ID4yUgh
2026-02-08 01:01,Widok na rzekę | Stare Miasto I Młyn Maria,3150,https://www.otodom.pl/pl/oferta/widok-na-rzeke-stare-miasto-i-mlyn-maria-ID4z3lO
2026-02-08 01:02,2 pokoje | Lokum Vena | Nowoczesna inwestycja,3400,https://www.otodom.pl/pl/oferta/2-pokoje-lokum-vena-nowoczesna-inwestycja-ID4zxek
2026-02-08 01:02,3 pokoje | Zielone Krzyki | Prywatne osiedle,5190,https://www.otodom.pl/pl/oferta/3-pokoje-zielone-krzyki-prywatne-osiedle-ID4y8ZH
2026-02-08 01:02,Styl loftowy | Taras | Stare Miasto,3800,https://www.otodom.pl/pl/oferta/styl-loftowy-taras-stare-miasto-ID4yscV
2026-02-08 01:02,Wynajem mieszkania 3-pokojowego 1 piętro ul. Łączności Wrocław 53m2,3100,https://www.otodom.pl/pl/oferta/wynajem-mieszkania-3-pokojowego-1-pietro-ul-lacznosci-wroclaw-53m2-ID4zP7Q
2026-02-08 01:02,Osiedle Di Trevi|miejsce postojowe|blisko tramwaj,3800,https://www.otodom.pl/pl/oferta/osiedle-di-trevi-miejsce-postojowe-blisko-tramwaj-ID4zP7r
2026-02-08 01:02,Promenady Wrocławskie.Skandynawskie.Sprzątanie w cenie.,2900,https://www.otodom.pl/hpr/pl/oferta/promenady-wroclawskie-skandynawskie-sprzatanie-w-cenie-ID3myH5
2026-02-08 01:02,Trzypokojowe mieszkanie z balkonem w Wrocławiu,3500,https://www.otodom.pl/pl/oferta/trzypokojowe-mieszkanie-z-balkonem-w-wroclawiu-ID4ztyn
2026-02-08 01:03,Mieszkanie na wynajem z garażem i komórką lokatorską,3000,https://www.otodom.pl/pl/oferta/mieszkanie-na-wynajem-z-garazem-i-komorka-lokatorska-ID4zD0y
2026-02-08 01:03,"Wrocław/Zabrodzie komfortowe, nowe 2-pokojowe",2600,https://www.otodom.pl/pl/oferta/wroclaw-zabrodzie-komfortowe-nowe-2-pokojowe-ID4zKMl
2026-02-08 01:03,2 pokoje | 43 m² + 25 m² TARAS | parking za szlabanem | zwierzęta OK,3500,https://www.otodom.pl/pl/oferta/2-pokoje-43-m-25-m-taras-parking-za-szlabanem-zwierzeta-ok-ID4zP2f
2026-02-08 01:03,"2 pokojowe mieszkanie, al. Wiśniowa 85 - Brak Prowizji, od 01.03.2026",2700,https://www.otodom.pl/pl/oferta/2-pokojowe-mieszkanie-al-wisniowa-85-brak-prowizji-od-01-03-2026-ID4zP0W
2026-02-08 01:03,Nowy Apartament 27m2 we Wrocławiu 16 piętro z Panoramą na Miasto,3990,https://www.otodom.pl/pl/oferta/nowy-apartament-27m2-we-wroclawiu-16-pietro-z-panorama-na-miasto-ID4xFFW
2026-02-08 01:04,"Prusa, umeblowane, wyposażone, osobna kuchnia",3000,https://www.otodom.pl/pl/oferta/prusa-umeblowane-wyposazone-osobna-kuchnia-ID4zK39
2026-02-08 01:04,Mieszkanie do wynajęcia Olimpia Port - 50 m2,3250,https://www.otodom.pl/pl/oferta/mieszkanie-do-wynajecia-olimpia-port-50-m2-ID45ioD
2026-02-08 01:04,"Wynajmę mieszkanie, wysoki standard! Opcja dużego garażu 650zł m-c",3000,https://www.otodom.pl/pl/oferta/wynajme-mieszkanie-wysoki-standard-opcja-duzego-garazu-650zl-m-c-ID3hiku
2026-02-08 01:04,"Nowe, 2-pok., rozkład, Krzyki, Gaj, Bez Prowizji",2800,https://www.otodom.pl/pl/oferta/nowe-2-pok-rozklad-krzyki-gaj-bez-prowizji-ID4zrS7
2026-02-08 01:04,"Centrum z osobną kuchnią, 2 pokojowe",2500,https://www.otodom.pl/pl/oferta/centrum-z-osobna-kuchnia-2-pokojowe-ID4zJla
2026-02-08 01:05,Biskupin 2 pokojowe również zwierzęta,2800,https://www.otodom.pl/pl/oferta/biskupin-2-pokojowe-rowniez-zwierzeta-ID4zJjE
2026-02-08 01:05,Dwupokojowe mieszkanie z balkonem i windą,2500,https://www.otodom.pl/pl/oferta/dwupokojowe-mieszkanie-z-balkonem-i-winda-ID4yEPR
2026-02-08 01:05,"2 pok. mieszkanie w nowym budynku, centrum miasta",3000,https://www.otodom.pl/pl/oferta/2-pok-mieszkanie-w-nowym-budynku-centrum-miasta-ID4z3Kh
2026-02-08 01:05,"Racławicka, apartament z garażem i ochroną",4500,https://www.otodom.pl/pl/oferta/raclawicka-apartament-z-garazem-i-ochrona-ID4zrkU
2026-02-08 01:05,Studio na ul. Mieszczańskiej - WYNAJEM NA MIESIĄCE,2600,https://www.otodom.pl/pl/oferta/studio-na-ul-mieszczanskiej-wynajem-na-miesiace-ID4zOYy
2026-02-08 01:05,"ZŁOTA PODKOWA  3 pokoje dwupoziomowe garaż, winda, KLIMATYZACJA",3400,https://www.otodom.pl/pl/oferta/zlota-podkowa-3-pokoje-dwupoziomowe-garaz-winda-klimatyzacja-ID4zJrf
2026-02-08 01:06,"Centrum, Lofty Platinum, Wysoki Standard",6000,https://www.otodom.pl/pl/oferta/centrum-lofty-platinum-wysoki-standard-ID4zOXx
2026-02-08 01:06,"Wrocław, Fabryczna, Muchobór Wielki, Kunickiego",3800,https://www.otodom.pl/pl/oferta/wroclaw-fabryczna-muchobor-wielki-kunickiego-ID4zmM5
2026-02-08 01:06,Wynajmę piękne mieszkanie niedrogo,4000,https://www.otodom.pl/pl/oferta/wynajme-piekne-mieszkanie-niedrogo-ID4zOWW
2026-02-08 01:06,Mieszkanie Brochów,2450,https://www.otodom.pl/pl/oferta/mieszkanie-brochow-ID4tXbC
2026-02-08 01:06,"W pobliżu Sky Tower i Zus, rozkładowe, osobna kuchnia,umeblowane.",3000,https://www.otodom.pl/pl/oferta/w-poblizu-sky-tower-i-zus-rozkladowe-osobna-kuchnia-umeblowane-ID4zOSW
2026-02-08 01:07,BERNARDYŃSKA 4 - apartament do wynajęcia,4400,https://www.otodom.pl/pl/oferta/bernardynska-4-apartament-do-wynajecia-ID4zGtq
2026-02-08 01:07,Mieszkanie 2-pokojowe w Śródmieściu Wrocławia,2700,https://www.otodom.pl/pl/oferta/mieszkanie-2-pokojowe-w-srodmiesciu-wroclawia-ID4zORm
2026-02-08 01:07,"Wrocław , mieszkanie do wynajęcia",3000,https://www.otodom.pl/pl/oferta/wroclaw-mieszkanie-do-wynajecia-ID4jvsv
2026-02-08 01:07,Komfortowe 2 pok. 39m2 w centrum z klimatyzacją,2800,https://www.otodom.pl/pl/oferta/komfortowe-2-pok-39m2-w-centrum-z-klimatyzacja-ID4tPLn
2026-02-08 01:07,"The studio appartment, kawalerka Port Popowice",2700,https://www.otodom.pl/pl/oferta/the-studio-appartment-kawalerka-port-popowice-ID4j7uw
2026-02-08 01:07,"m. postojowe w cenie, z garderobą, antresolą, balkonem, klimatyzacją",3200,https://www.otodom.pl/pl/oferta/m-postojowe-w-cenie-z-garderoba-antresola-balkonem-klimatyzacja-ID4zCqv
2026-02-08 01:08,Nowe 3 pokoje 60m wys. standard kamińskiego taras zieleń,4999,https://www.otodom.pl/pl/oferta/nowe-3-pokoje-60m-wys-standard-kaminskiego-taras-zielen-ID4h1ff
2026-02-08 01:08,ul. Babiego Lata_3pokoje_balkon_m.post._01.02,3100,https://www.otodom.pl/pl/oferta/ul-babiego-lata-3pokoje-balkon-m-post-01-02-ID4zJGN
2026-02-08 01:08,PL  UA  RU | 2 pokoje | 31m | Blisko centrum | po remoncie | od zaraz,2399,https://www.otodom.pl/pl/oferta/pl-ua-ru-2-pokoje-31m-blisko-centrum-po-remoncie-od-zaraz-ID4zOGc
2026-02-08 01:08,"Mieszkanie, 56 m², Wrocław",3100,https://www.otodom.pl/pl/oferta/mieszkanie-56-m-wroclaw-ID4zOF3
2026-02-08 01:08,PL UA RU | 3 pokoje z prywatnym ogrodem | Komfort i cisza | od zaraz,4300,https://www.otodom.pl/pl/oferta/pl-ua-ru-3-pokoje-z-prywatnym-ogrodem-komfort-i-cisza-od-zaraz-ID4zOEJ
2026-02-08 01:09,3 pokoje Wrocław ul. Długa | pełen rozkład | balkon | parter,2700,https://www.otodom.pl/pl/oferta/3-pokoje-wroclaw-ul-dluga-pelen-rozklad-balkon-parter-ID4zOBZ
2026-02-08 01:09,Duże 4 pok mieszkanie z ogrodem na Oporowie bez Czynszu !!! PL/UA/ENG,3900,https://www.otodom.pl/pl/oferta/duze-4-pok-mieszkanie-z-ogrodem-na-oporowie-bez-czynszu-pl-ua-eng-ID4zEFl
2026-02-08 01:09,"Mieszkanie 3 pokojowe dla 2/3/4 studentów, Ołbin, Śródmieście",2200,https://www.otodom.pl/pl/oferta/mieszkanie-3-pokojowe-dla-2-3-4-studentow-olbin-srodmiescie-ID2tLOM
2026-02-08 01:09,Trzypokojowe mieszkanie z balkonem w Wrocławiu,3500,https://www.otodom.pl/hpr/pl/oferta/trzypokojowe-mieszkanie-z-balkonem-w-wroclawiu-ID4ztyn
2026-02-08 01:09,4 pok z balkonem w Rynku ul. Świdnicka PL/UA/ENG,2900,https://www.otodom.pl/pl/oferta/4-pok-z-balkonem-w-rynku-ul-swidnicka-pl-ua-eng-ID4zEF4
2026-02-08 01:10,Kawaleka,1600,https://www.otodom.pl/pl/oferta/kawaleka-ID4xlIS
2026-02-08 01:10,"4 oddzielne pokoje, Stare Miasto, 84m2, balkon",3400,https://www.otodom.pl/pl/oferta/4-oddzielne-pokoje-stare-miasto-84m2-balkon-ID4zOt6
2026-02-08 01:10,"3 oddzielne pokoje, 65m2, ul. Mosiężna",2800,https://www.otodom.pl/pl/oferta/3-oddzielne-pokoje-65m2-ul-mosiezna-ID4zOsP
2026-02-08 01:10,Jasne nowoczesne mieszkanie w nowym budynku,2950,https://www.otodom.pl/pl/oferta/jasne-nowoczesne-mieszkanie-w-nowym-budynku-ID4zOrH
2026-02-08 01:10,Jasne i nowoczesne mieszkanie w nowym budynku. Klimatyzacja. Parking,2950,https://www.otodom.pl/pl/oferta/jasne-i-nowoczesne-mieszkanie-w-nowym-budynku-klimatyzacja-parking-ID4zOqu
2026-02-08 01:11,Mieszkanie z Ogrodem o wysokim standardzie,3200,https://www.otodom.pl/pl/oferta/mieszkanie-z-ogrodem-o-wysokim-standardzie-ID4daYp
2026-02-08 01:11,Dostępne od zaraz|przyjazne dla zwierząt|90m2 ogró,3500,https://www.otodom.pl/pl/oferta/dostepne-od-zaraz-przyjazne-dla-zwierzat-90m2-ogro-ID4zOpP
2026-02-08 01:11,"Płac Grunwaldzki, 4 pokoje, wysoki standard",6000,https://www.otodom.pl/pl/oferta/plac-grunwaldzki-4-pokoje-wysoki-standard-ID4zOo0
2026-02-08 01:11,Szczepin - do wynajęcia 3 pok. z balkonem,3100,https://www.otodom.pl/pl/oferta/szczepin-do-wynajecia-3-pok-z-balkonem-ID4zkRz
2026-02-08 01:11,Rozkładowe 2 pok mieszkanie obok Plac Grunwaldzki,2800,https://www.otodom.pl/pl/oferta/rozkladowe-2-pok-mieszkanie-obok-plac-grunwaldzki-ID4zOiJ
2026-02-08 01:12,2 pok. | Balkon | Widok na rzekę | Siłownia i Jacu,3000,https://www.otodom.pl/pl/oferta/2-pok-balkon-widok-na-rzeke-silownia-i-jacu-ID4zOiL
2026-02-08 01:12,"Mieszkanie 49m2, Promenady Wrocławskie, Wrocław",2900,https://www.otodom.pl/pl/oferta/mieszkanie-49m2-promenady-wroclawskie-wroclaw-ID2OeRb
2026-02-08 01:12,"2 pok, osobna kuchnia, 2 balkony, komórka, Krzyki, Skarbowców, Wrocław",3000,https://www.otodom.pl/pl/oferta/2-pok-osobna-kuchnia-2-balkony-komorka-krzyki-skarbowcow-wroclaw-ID4zO8c
2026-02-08 01:12,PL/UA Rozkładowe Mieszkanie 2 p. | Pets Friendly | Balkon | Piwnica,2799,https://www.otodom.pl/pl/oferta/pl-ua-rozkladowe-mieszkanie-2-p-pets-friendly-balkon-piwnica-ID4zO8r
2026-02-08 01:12,Mieszkanie - Kozia,2600,https://www.otodom.pl/pl/oferta/mieszkanie-kozia-ID4zO5Z
2026-02-08 01:12,"Nowy Dwór Budziszńska blisko WSB, WSH, Dsw, Nokia, IBM, Capgemini",2900,https://www.otodom.pl/pl/oferta/nowy-dwor-budzisznska-blisko-wsb-wsh-dsw-nokia-ibm-capgemini-ID4zO4x
2026-02-08 01:12,"Od zaraz, balkon, winda, blisko stadionu",2199,https://www.otodom.pl/pl/oferta/od-zaraz-balkon-winda-blisko-stadionu-ID4zO2e
2026-02-08 01:13,"Przestronne, dwupokojowe mieszkanie, Krzyki,",2500,https://www.otodom.pl/pl/oferta/przestronne-dwupokojowe-mieszkanie-krzyki-ID4qovJ
2026-02-08 01:13,Mieszkanie 3-pok | pełny rozkład | ul. Nowodworska,2700,https://www.otodom.pl/pl/oferta/mieszkanie-3-pok-pelny-rozklad-ul-nowodworska-ID4zNYe
2026-02-08 01:13,2 pokoje | Ac | Balkon | Garaż | Stare Miasto,3400,https://www.otodom.pl/pl/oferta/2-pokoje-ac-balkon-garaz-stare-miasto-ID4zNYd
2026-02-08 01:13,Nowoczesna kawalerka w inwestycji Nowa Manufaktura,2700,https://www.otodom.pl/pl/oferta/nowoczesna-kawalerka-w-inwestycji-nowa-manufaktura-ID4zNVy
2026-02-08 01:13,Centrum/Zyndrama/2 Bathrooms/Pets friendly,3499,https://www.otodom.pl/pl/oferta/centrum-zyndrama-2-bathrooms-pets-friendly-ID4zNWy
2026-02-08 01:13,"Piękny apartament Biskupin, Antoniego Wiwulskiego.",3000,https://www.otodom.pl/pl/oferta/piekny-apartament-biskupin-antoniego-wiwulskiego-ID4425a
2026-02-08 01:14,"Apartament 97 m2, taras - Stare Miasto, UL.Czysta",7000,https://www.otodom.pl/pl/oferta/apartament-97-m2-taras-stare-miasto-ul-czysta-ID43TYH
2026-02-08 01:14,Kawalerka - Trzebnicka/ do wynajęcia,2500,https://www.otodom.pl/pl/oferta/kawalerka-trzebnicka-do-wynajecia-ID4zNQE
2026-02-08 01:14,Wynajem| 3 pok.| 64m2| Leśnica| ul. Dolnobrzeska|,3100,https://www.otodom.pl/pl/oferta/wynajem-3-pok-64m2-lesnica-ul-dolnobrzeska-ID4zNPf
2026-02-08 01:14,"blisko centrum, balkon, MP, Świstackiego",2800,https://www.otodom.pl/pl/oferta/blisko-centrum-balkon-mp-swistackiego-ID4zNOS
2026-02-08 01:14,Wrocław-Krzyki-Kamienna-3 pokoje blisko Sky Tower,2500,https://www.otodom.pl/pl/oferta/wroclaw-krzyki-kamienna-3-pokoje-blisko-sky-tower-ID4z1kr
2026-02-08 01:15,3600 zł za wszystko | Piwnica | Loggia | Od zaraz  | 3 pokojowe,2600,https://www.otodom.pl/pl/oferta/3600-zl-za-wszystko-piwnica-loggia-od-zaraz-3-pokojowe-ID4zIE3
2026-02-08 01:15,"Mieszkanie ul. Aleja Piastów, ogródek, garaż",3000,https://www.otodom.pl/pl/oferta/mieszkanie-ul-aleja-piastow-ogrodek-garaz-ID4zICP
2026-02-08 01:15,3 pok 4200 zł całość | Dog Friendly | Garaż | Balkon | Fashion Outlet,3099,https://www.otodom.pl/pl/oferta/3-pok-4200-zl-calosc-dog-friendly-garaz-balkon-fashion-outlet-ID4zICy
2026-02-08 01:15,Piwnica | Garderoba | Parking | Internet i Telewizja w cenie,2799,https://www.otodom.pl/pl/oferta/piwnica-garderoba-parking-internet-i-telewizja-w-cenie-ID4zIBf
2026-02-08 01:15,"CENTRUM, Quorum- apartament z tarasem i widokiem na Odrę, garaż",4500,https://www.otodom.pl/pl/oferta/centrum-quorum-apartament-z-tarasem-i-widokiem-na-odre-garaz-ID4z212
2026-02-08 01:15,Luksusowy apartament w OVO Hilton,4000,https://www.otodom.pl/pl/oferta/luksusowy-apartament-w-ovo-hilton-ID46V25
2026-02-08 01:15,Wynajmij przy Grunwaldzkim - tu zaczyna się Twoje wygodne życie!,2600,https://www.otodom.pl/pl/oferta/wynajmij-przy-grunwaldzkim-tu-zaczyna-sie-twoje-wygodne-zycie-ID4zHSY
2026-02-08 01:16,4 pok z balkonem w Rynku ul. Świdnicka PL/UA/ENG,2900,https://www.otodom.pl/hpr/pl/oferta/4-pok-z-balkonem-w-rynku-ul-swidnicka-pl-ua-eng-ID4zEF4
2026-02-08 01:16,"Dwupokojowe, Legnicka/Głogowska, 44mkw, 2750zł całość",2100,https://www.otodom.pl/pl/oferta/dwupokojowe-legnicka-glogowska-44mkw-2750zl-calosc-ID4zpuC
2026-02-08 01:16,3-pokojowe mieszkanie | Balkon| Brochów| 0 % prowizji,3300,https://www.otodom.pl/pl/oferta/3-pokojowe-mieszkanie-balkon-brochow-0-prowizji-ID4zHLk
2026-02-08 01:16,Duże Rozkładowe 2-pokojowe balkon komórka garaż,2600,https://www.otodom.pl/pl/oferta/duze-rozkladowe-2-pokojowe-balkon-komorka-garaz-ID4zNFh
2026-02-08 01:16,"Przestronna kawalerka z balkonem i piwnicą, w pobliży park,sklepy.",2100,https://www.otodom.pl/pl/oferta/przestronna-kawalerka-z-balkonem-i-piwnica-w-poblizy-park-sklepy-ID4zNEF
2026-02-08 01:17,"Przy Parku Południowym,duży balkon,osobna kuchnia, winda,umeblowane.",2200,https://www.otodom.pl/pl/oferta/przy-parku-poludniowym-duzy-balkon-osobna-kuchnia-winda-umeblowane-ID4zNDV
2026-02-08 01:17,"2 poziomowe,3 pokoje, garderoba, zmywarka, garaż w cenie!",3400,https://www.otodom.pl/pl/oferta/2-poziomowe-3-pokoje-garderoba-zmywarka-garaz-w-cenie-ID4zNDJ
2026-02-08 01:17,Wygodnie mieszkanie z dobrym dojazdem,2800,https://www.otodom.pl/pl/oferta/wygodnie-mieszkanie-z-dobrym-dojazdem-ID4zNDe
2026-02-08 01:17,"Śliczna, wygodna kawalerka w doskonałej lokalizacji Nadodrze Wocław",2300,https://www.otodom.pl/pl/oferta/sliczna-wygodna-kawalerka-w-doskonalej-lokalizacji-nadodrze-woclaw-ID4zNCr
2026-02-08 01:17,KOMFORTOWY APARTAMENT - UL. POCHYŁA / STARE MIASTO,3200,https://www.otodom.pl/pl/oferta/komfortowy-apartament-ul-pochyla-stare-miasto-ID4zNBR
2026-02-08 01:17,"Bardzo ładne mieszkanie 50 m2, Legnicka, dobry dojazd",2900,https://www.otodom.pl/pl/oferta/bardzo-ladne-mieszkanie-50-m2-legnicka-dobry-dojazd-ID4cAmP
2026-02-08 01:18,Mieszkanie na wynajem Wysoki standard,3500,https://www.otodom.pl/pl/oferta/mieszkanie-na-wynajem-wysoki-standard-ID4z30e
2026-02-08 01:18,Nowoczesna kawalerka w Centrum!,1600,https://www.otodom.pl/pl/oferta/nowoczesna-kawalerka-w-centrum-ID4zNBn
2026-02-08 01:18,Kawalerka 36m2 | balkon | miejsce postojowe | Skarbowców,2680,https://www.otodom.pl/pl/oferta/kawalerka-36m2-balkon-miejsce-postojowe-skarbowcow-ID4zNAR
2026-02-08 01:18,3 Pokoje 52m² | Olimpia Port,3750,https://www.otodom.pl/pl/oferta/3-pokoje-52m-olimpia-port-ID4zNAJ
2026-02-08 01:18,Piękne M3 - blisko autobus i tramwaj - ul. Krzycka,3200,https://www.otodom.pl/pl/oferta/piekne-m3-blisko-autobus-i-tramwaj-ul-krzycka-ID4zNA8
2026-02-08 01:19,kawalerka dla singla w pobliżu ul. Krzyckiej,2000,https://www.otodom.pl/pl/oferta/kawalerka-dla-singla-w-poblizu-ul-krzyckiej-ID4zNz7
2026-02-08 01:19,-= Olbrachtowska Wroclaw 50m2 =-,2999,https://www.otodom.pl/pl/oferta/olbrachtowska-wroclaw-50m2-ID4r6Jp
2026-02-08 01:19,"Wynajem mieszkania 3 pokoje, taras + miejsce postojowe ul. ARBUZOWA",3000,https://www.otodom.pl/pl/oferta/wynajem-mieszkania-3-pokoje-taras-miejsce-postojowe-ul-arbuzowa-ID4zNxq
2026-02-08 01:19,3-pokojowe 63 m² | KĘPA MIESZCZAŃSKA | parking w cenie,4600,https://www.otodom.pl/pl/oferta/3-pokojowe-63-m-kepa-mieszczanska-parking-w-cenie-ID4zNwe
2026-02-08 01:19,"kawalerka na Gaju, duży balkon, osobna kuchnia, duża szafa wnękowa",2500,https://www.otodom.pl/pl/oferta/kawalerka-na-gaju-duzy-balkon-osobna-kuchnia-duza-szafa-wnekowa-ID4zNr0
2026-02-08 01:19,PL| |UA|RU| Cieszyńska | 2-pok| Taras 26 m2,3000,https://www.otodom.pl/pl/oferta/pl-ua-ru-cieszynska-2-pok-taras-26-m2-ID4zNpr
2026-02-08 01:20,Piękny apartament w centrum Wrocławia | 2 miejsca parkingowe w cenie,8500,https://www.otodom.pl/pl/oferta/piekny-apartament-w-centrum-wroclawia-2-miejsca-parkingowe-w-cenie-ID4zNoX
2026-02-08 01:20,Ogrody Hallera/ 2 separate rooms/GYM/Pets friendly,3200,https://www.otodom.pl/pl/oferta/ogrody-hallera-2-separate-rooms-gym-pets-friendly-ID4zNi8
2026-02-08 01:20,2 Pokoje W Centrum | Gym&Spa | Mp w cenie,3400,https://www.otodom.pl/pl/oferta/2-pokoje-w-centrum-gym-spa-mp-w-cenie-ID4z2rO
2026-02-08 01:20,Wynajmę 2- pokojowe mieszkanie przy ul. Kłodnickiej,2700,https://www.otodom.pl/pl/oferta/wynajme-2-pokojowe-mieszkanie-przy-ul-klodnickiej-ID4zNbE
2026-02-08 01:20,PL/UA Apartament 2 p. | Pets Friendly | Klima | Balkon | Od Zaraz,2850,https://www.otodom.pl/pl/oferta/pl-ua-apartament-2-p-pets-friendly-klima-balkon-od-zaraz-ID4zNak
2026-02-08 01:20,"2-pokoje, nowy budynek, parking, Centrum poblizu Odry",3200,https://www.otodom.pl/pl/oferta/2-pokoje-nowy-budynek-parking-centrum-poblizu-odry-ID4zNa4
2026-02-08 01:21,"Piękne, przestronne mieszkanie Dostępne Od Zaraz",3000,https://www.otodom.pl/pl/oferta/piekne-przestronne-mieszkanie-dostepne-od-zaraz-ID4zN5E
2026-02-08 01:21,Piłsudsudskiego_63 m2_3 POK_od Marca,2900,https://www.otodom.pl/pl/oferta/pilsudsudskiego-63-m2-3-pok-od-marca-ID4zN5o
2026-02-08 01:21,Nowoczesne mieszkanie 2-pokojowe z parkingem Kępa Mieszczańska,3200,https://www.otodom.pl/pl/oferta/nowoczesne-mieszkanie-2-pokojowe-z-parkingem-kepa-mieszczanska-ID4zN1S
2026-02-08 01:21,"Stare Miasto, Szczepin, Kruszwicka, po remoncie",2500,https://www.otodom.pl/pl/oferta/stare-miasto-szczepin-kruszwicka-po-remoncie-ID4zhw3
2026-02-08 01:21,Wynajem mieszkanie Białowieska 2 pokoje/klimatyzacja,3300,https://www.otodom.pl/pl/oferta/wynajem-mieszkanie-bialowieska-2-pokoje-klimatyzacja-ID4zMV4
2026-02-08 01:21,Studio w Angel City * Balkon * Spa&Gym *,3000,https://www.otodom.pl/pl/oferta/studio-w-angel-city-balkon-spa-gym-ID4zE5P
2026-02-08 01:22,⭐️Przestronne 3 pok | Taras | Oddzielna kuchnia⭐️,2800,https://www.otodom.pl/pl/oferta/przestronne-3-pok-taras-oddzielna-kuchnia-ID4zMPp
2026-02-08 01:22,Słoneczne 3pokoje na Osiedlu Przyjaźni na Krzykach,2600,https://www.otodom.pl/pl/oferta/sloneczne-3pokoje-na-osiedlu-przyjazni-na-krzykach-ID4zMOF
2026-02-08 01:22,"2-pok.  z balkonem, Umeblowane, miejsce posojowe",2550,https://www.otodom.pl/pl/oferta/2-pok-z-balkonem-umeblowane-miejsce-posojowe-ID4zMNF
2026-02-08 01:22,"Dwupokojowe, Legnicka/Głogowska, 44mkw, 2750zł całość",2100,https://www.otodom.pl/hpr/pl/oferta/dwupokojowe-legnicka-glogowska-44mkw-2750zl-calosc-ID4zpuC
2026-02-08 01:22,Atrakcyjne mieszkanie do wynajmu,2600,https://www.otodom.pl/pl/oferta/atrakcyjne-mieszkanie-do-wynajmu-ID4zdUm
2026-02-08 01:22,Do wynajęcia 2 pokojowe w domu jednorodzinnym,2200,https://www.otodom.pl/pl/oferta/do-wynajecia-2-pokojowe-w-domu-jednorodzinnym-ID4yB2O
2026-02-08 01:23,3-pok | 3900 za całość | Od Zaraz | Pets Friendly | Centrum | Parking,3000,https://www.otodom.pl/pl/oferta/3-pok-3900-za-calosc-od-zaraz-pets-friendly-centrum-parking-ID4zHxx
2026-02-08 01:23,3 Oddzielne Pok | Komórka Lokatorska | Balkon | Pets Friendly,3200,https://www.otodom.pl/pl/oferta/3-oddzielne-pok-komorka-lokatorska-balkon-pets-friendly-ID4zHvL
2026-02-08 01:23,Pierwszy najem I miejsce postojowe I wyposażone,2300,https://www.otodom.pl/pl/oferta/pierwszy-najem-i-miejsce-postojowe-i-wyposazone-ID4zp6I
2026-02-08 01:23,Od zaraz - Ogródek | Garaż | Komórka | Balkon | 75 m2,3999,https://www.otodom.pl/pl/oferta/od-zaraz-ogrodek-garaz-komorka-balkon-75-m2-ID4zGPs
2026-02-08 01:23,"Wojszyce/Ołtaszyn-Orawska,2pok,loggia9m2-południe,1piętro,garaż,2025r.",2600,https://www.otodom.pl/pl/oferta/wojszyce-oltaszyn-orawska-2pok-loggia9m2-poludnie-1pietro-garaz-2025r-ID4zoqH
2026-02-08 01:23,Wolne od zaraz! | 3M,2900,https://www.otodom.pl/pl/oferta/wolne-od-zaraz-3m-ID4zMMi
2026-02-08 01:24,"2 pokoje z klimatyzacją | 49,83 m2 | Garaż",2700,https://www.otodom.pl/pl/oferta/2-pokoje-z-klimatyzacja-49-83-m2-garaz-ID4zMLi
2026-02-08 01:24,Wrocław Legnicka 59D kawalerka 27m² | Cicha | Widna | Blisko centrum,2250,https://www.otodom.pl/pl/oferta/wroclaw-legnicka-59d-kawalerka-27m-cicha-widna-blisko-centrum-ID4zyoE
2026-02-08 01:24,Na wynajem I 3 pokoje I Przy lesie Sołtysowickim,2900,https://www.otodom.pl/pl/oferta/na-wynajem-i-3-pokoje-i-przy-lesie-soltysowickim-ID4zMI4
2026-02-08 01:24,Elegancka kawalerka w sercu Wrocławia - centrum | pierwszy najem,2600,https://www.otodom.pl/pl/oferta/elegancka-kawalerka-w-sercu-wroclawia-centrum-pierwszy-najem-ID4zMHN
2026-02-08 01:24,2-pok z Balkonem| Kępa Mieszczańska ul. Dmowskiego,3350,https://www.otodom.pl/pl/oferta/2-pok-z-balkonem-kepa-mieszczanska-ul-dmowskiego-ID4zMF9
2026-02-08 01:24,Wygodne 2-pok |Duży balkon | Planty Racławickie,3050,https://www.otodom.pl/pl/oferta/wygodne-2-pok-duzy-balkon-planty-raclawickie-ID4zMEx
2026-02-08 01:25,Nowoczesne 2-pokojowe mieszkanie | Port Popowice | Wysoki standard,3000,https://www.otodom.pl/pl/oferta/nowoczesne-2-pokojowe-mieszkanie-port-popowice-wysoki-standard-ID4zME6
2026-02-08 01:25,Przestronne 3-pok |Garaż |Balkon |Klima |Jagodno,3400,https://www.otodom.pl/pl/oferta/przestronne-3-pok-garaz-balkon-klima-jagodno-ID4zMDJ
2026-02-08 01:25,2 pokoje | Centrum | Balkon | Garaż w cenie | Po remoncie | Winda,3700,https://www.otodom.pl/pl/oferta/2-pokoje-centrum-balkon-garaz-w-cenie-po-remoncie-winda-ID4zMzE
2026-02-08 01:25,Wysokiej klasy 2-pokojowy apartament na Kępie,4950,https://www.otodom.pl/pl/oferta/wysokiej-klasy-2-pokojowy-apartament-na-kepie-ID4zMyd
2026-02-08 01:25,"W Rynku, przestronne, eleganckie, duże okna",3500,https://www.otodom.pl/pl/oferta/w-rynku-przestronne-eleganckie-duze-okna-ID4zMua
2026-02-08 01:26,Idealne dla studentów|rozkład|Politechnika Wrocł.,3000,https://www.otodom.pl/pl/oferta/idealne-dla-studentow-rozklad-politechnika-wrocl-ID4zDok
2026-02-08 01:26,2 pokoje po remoncie | ul. Matejki | pl. Grunwaldzki | balkon,2700,https://www.otodom.pl/pl/oferta/2-pokoje-po-remoncie-ul-matejki-pl-grunwaldzki-balkon-ID4zMsL
2026-02-08 01:26,Cicha kawalerka z widokiem na zieleń | Inżynierska,1800,https://www.otodom.pl/pl/oferta/cicha-kawalerka-z-widokiem-na-zielen-inzynierska-ID4zMkH
2026-02-08 01:26,Ovo Modern Studio For Rent,2600,https://www.otodom.pl/pl/oferta/ovo-modern-studio-for-rent-ID4zMig
2026-02-08 01:26,Nowoczesna Kawalerka z osobnym wejściem OD ZARAZ,1900,https://www.otodom.pl/pl/oferta/nowoczesna-kawalerka-z-osobnym-wejsciem-od-zaraz-ID4zMhf
2026-02-08 01:26,Mieszkanie z widokiem na Odrę / River view flat,2600,https://www.otodom.pl/pl/oferta/mieszkanie-z-widokiem-na-odre-river-view-flat-ID2LJup
2026-02-08 01:26,"Słoneczne mieszkanie, 2pok.-blisko lotniska, AOW",2750,https://www.otodom.pl/pl/oferta/sloneczne-mieszkanie-2pok-blisko-lotniska-aow-ID4zMcQ
2026-02-08 01:27,Pl/UA/RU/ Kawalerka / Walonska / Angel City / SPA,3100,https://www.otodom.pl/pl/oferta/pl-ua-ru-kawalerka-walonska-angel-city-spa-ID4zMcI
2026-02-08 01:27,Apartament Księcia Witolda / Wysoki Stand./Parking,2499,https://www.otodom.pl/pl/oferta/apartament-ksiecia-witolda-wysoki-stand-parking-ID4zM9x
2026-02-08 01:27,2pok 63m2 / Sienkiewicza Residence/osobna kuchnia,2499,https://www.otodom.pl/pl/oferta/2pok-63m2-sienkiewicza-residence-osobna-kuchnia-ID4zM9t
2026-02-08 01:27,Mieszkanie 28m2|Serce Miasta | Uniwersytet | Lux,1999,https://www.otodom.pl/pl/oferta/mieszkanie-28m2-serce-miasta-uniwersytet-lux-ID4zM9r
2026-02-08 01:27,Od marca! Mieszkanie w centrum Wrocławia!,2100,https://www.otodom.pl/pl/oferta/od-marca-mieszkanie-w-centrum-wroclawia-ID4zM97
2026-02-08 01:28,PL UA RU | Pierwszy najem | Port Popowice | Widok na zieleń | od zaraz,2700,https://www.otodom.pl/pl/oferta/pl-ua-ru-pierwszy-najem-port-popowice-widok-na-zielen-od-zaraz-ID4zM8Z
2026-02-08 01:28,4 pokoje 65 m² | 2 balkony | ul. Niedźwiedzia,3700,https://www.otodom.pl/pl/oferta/4-pokoje-65-m-2-balkony-ul-niedzwiedzia-ID4zM7Q
2026-02-08 01:28,4 rooms/Center/ Prusa/130 m2/For family,6800,https://www.otodom.pl/pl/oferta/4-rooms-center-prusa-130-m2-for-family-ID4zM6R
2026-02-08 01:28,UA | Eng | PL | Комиссия 0% | Bez Prowizji,5200,https://www.otodom.pl/pl/oferta/ua-eng-pl-0-bez-prowizji-ID4zM4W
2026-02-08 01:28,Pl|Ua|Eng|Prowizja 0%|Коммисия 0%|Lokal usługowy,6500,https://www.otodom.pl/pl/oferta/pl-ua-eng-prowizja-0-0-lokal-uslugowy-ID4zM4T
2026-02-08 01:29,Atrakcyjne mieszkanie do wynajmu,2600,https://www.otodom.pl/hpr/pl/oferta/atrakcyjne-mieszkanie-do-wynajmu-ID4zdUm
2026-02-08 01:29,Ua | Eng | Pl | Коммисия 0% | Bez Prowizji,43000,https://www.otodom.pl/pl/oferta/ua-eng-pl-0-bez-prowizji-ID4zM4S
2026-02-08 01:29,Wrocław – Browary | 2-pokojowe mieszkanie w świetnej lokalizacji,3900,https://www.otodom.pl/pl/oferta/wroclaw-browary-2-pokojowe-mieszkanie-w-swietnej-lokalizacji-ID4zM2Q
2026-02-08 01:29,Mieszczańska- mieszkanie 2 pokojowe- 39m2,3300,https://www.otodom.pl/pl/oferta/mieszczanska-mieszkanie-2-pokojowe-39m2-ID4zgf1
2026-02-08 01:29,"Złota Podkowa, Kawalerzystów, 3 pokoje, ogród, taras, garaż",4200,https://www.otodom.pl/pl/oferta/zlota-podkowa-kawalerzystow-3-pokoje-ogrod-taras-garaz-ID4zLYX
2026-02-08 01:30,Apartament Premium 62m2 z widokiem na Odrę,5999,https://www.otodom.pl/pl/oferta/apartament-premium-62m2-z-widokiem-na-odre-ID4zLYA
2026-02-08 01:30,Do wynajęcia 2-pokojowe mieszkanie na Krzykach – ul. Zefirowa,2600,https://www.otodom.pl/pl/oferta/do-wynajecia-2-pokojowe-mieszkanie-na-krzykach-ul-zefirowa-ID4zLXj
2026-02-08 01:30,"Mieszkanie-2pok, 8min pieszo od Rynku (pl. Legionów, Stare Miasto)",2900,https://www.otodom.pl/pl/oferta/mieszkanie-2pok-8min-pieszo-od-rynku-pl-legionow-stare-miasto-ID4xUHR
2026-02-08 01:30,Przestrzeń gotowa na Twój pomysł,3700,https://www.otodom.pl/pl/oferta/przestrzen-gotowa-na-twoj-pomysl-ID4yj1b
2026-02-08 01:30,"3 pokoje z aneksem, 48,6 m²  Księże Małe",2700,https://www.otodom.pl/pl/oferta/3-pokoje-z-aneksem-48-6-m-ksieze-male-ID4zLPR
2026-02-08 01:31,"3 pokojowe, Powstańców Śląskich, parking pod blokiem",3300,https://www.otodom.pl/pl/oferta/3-pokojowe-powstancow-slaskich-parking-pod-blokiem-ID4zGBe
2026-02-08 01:31,2-pokojowe | Balkon | Parking | Odświeżone | Pełne wyposażenie,2850,https://www.otodom.pl/pl/oferta/2-pokojowe-balkon-parking-odswiezone-pelne-wyposazenie-ID4zGAR
2026-02-08 01:31,Port Popowice | Klimatyzacja  | Parking | Balkon | Od zaraz,3399,https://www.otodom.pl/pl/oferta/port-popowice-klimatyzacja-parking-balkon-od-zaraz-ID4zGrQ
2026-02-08 01:31,Mieszkanie 3-pok | Rozkładowe | Balkon | Długa,2650,https://www.otodom.pl/pl/oferta/mieszkanie-3-pok-rozkladowe-balkon-dluga-ID4p1i0
2026-02-08 01:32,"3pok. NOWE 2026. Nowe Żerniki, Lipińskiego!",3450,https://www.otodom.pl/pl/oferta/3pok-nowe-2026-nowe-zerniki-lipinskiego-ID4zGeq
2026-02-08 01:32,"3pok. 2020, Nowe Żerniki, Tawryczewskiego! Garaż",3250,https://www.otodom.pl/pl/oferta/3pok-2020-nowe-zerniki-tawryczewskiego-garaz-ID4zGdp
2026-02-08 01:32,3 Pokoje / Oddzielna Kuchnia / Balkon / Po Remoncie,3500,https://www.otodom.pl/pl/oferta/3-pokoje-oddzielna-kuchnia-balkon-po-remoncie-ID4y8IA
2026-02-08 01:32,Wrocław! Sępolno! 3 pokoje! Kasprzaka! 72m2!,3300,https://www.otodom.pl/pl/oferta/wroclaw-sepolno-3-pokoje-kasprzaka-72m2-ID4t8TK
2026-02-08 01:32,"2 pokoje z osobną kuchnią, przy Sky Tower",2800,https://www.otodom.pl/pl/oferta/2-pokoje-z-osobna-kuchnia-przy-sky-tower-ID4zFMr
2026-02-08 01:33,"Krzyki/Ołtaszyn,60m2,2pok+taras,dwustronne,pełne wyposażenie,2000r.",2600,https://www.otodom.pl/pl/oferta/krzyki-oltaszyn-60m2-2pok-taras-dwustronne-pelne-wyposazenie-2000r-ID4znrM
2026-02-08 01:33,Centrum 3-pokojowe mieszkanie ul. Wita Stwosza,3700,https://www.otodom.pl/pl/oferta/centrum-3-pokojowe-mieszkanie-ul-wita-stwosza-ID4zFK8
2026-02-08 01:33,2-pokojowe z balkonem | Klecina | 2021 | Od zaraz,3100,https://www.otodom.pl/pl/oferta/2-pokojowe-z-balkonem-klecina-2021-od-zaraz-ID4zLIf
2026-02-08 01:33,Wynajmę KOMFOTOWE STUDIO pl. Grunwaldzki dla 1 os.,2500,https://www.otodom.pl/pl/oferta/wynajme-komfotowe-studio-pl-grunwaldzki-dla-1-os-ID4rLfQ
2026-02-08 01:33,3-pok ul. Róży Wiatrów ARCHICOM *Garaż* Ładne *Siłownia* od 01.02.26,4500,https://www.otodom.pl/pl/oferta/3-pok-ul-rozy-wiatrow-archicom-garaz-ladne-silownia-od-01-02-26-ID4zLGA
2026-02-08 01:34,Apartament dwupokojowy Dmowskiego,3300,https://www.otodom.pl/pl/oferta/apartament-dwupokojowy-dmowskiego-ID3mbar
2026-02-08 01:34,wynajmę 2- pokojowe mieszkanie,2800,https://www.otodom.pl/pl/oferta/wynajme-2-pokojowe-mieszkanie-ID4xpSb
2026-02-08 01:34,2-Pok Mieszkanie W Centrum Miasta. Dmowskiego,2500,https://www.otodom.pl/pl/oferta/2-pok-mieszkanie-w-centrum-miasta-dmowskiego-ID4zLDP
2026-02-08 01:34,"Mieszkanie na wynajem, świetna lokalizacja!",3000,https://www.otodom.pl/pl/oferta/mieszkanie-na-wynajem-swietna-lokalizacja-ID4zLBI
2026-02-08 01:34,Nowy apartament na wynajem Browary Wrocławskie,6200,https://www.otodom.pl/pl/oferta/nowy-apartament-na-wynajem-browary-wroclawskie-ID4nxYx
2026-02-08 01:34,"Wynajmę 2 pokoje, ul. Krawiecka 3, Wrocław",2500,https://www.otodom.pl/pl/oferta/wynajme-2-pokoje-ul-krawiecka-3-wroclaw-ID4zLzO
2026-02-08 01:34,Luksusowe_2_pokoje_antresola_klimatyzacja_pierwszy_najem_garaż,3500,https://www.otodom.pl/pl/oferta/luksusowe-2-pokoje-antresola-klimatyzacja-pierwszy-najem-garaz-ID4zItM
2026-02-08 01:35,Od 01/02 Nowoczesne mieszkanie ul. Czartoryskiego 49m2,3100,https://www.otodom.pl/pl/oferta/od-01-02-nowoczesne-mieszkanie-ul-czartoryskiego-49m2-ID4nafs
2026-02-08 01:35,Apartament z widokiem na rzekę | Walońska | TOP!,6800,https://www.otodom.pl/pl/oferta/apartament-z-widokiem-na-rzeke-walonska-top-ID4zEpX
2026-02-08 01:35,"Apartament 2 pokoje, ul. Krawiecka 3,",3250,https://www.otodom.pl/pl/oferta/apartament-2-pokoje-ul-krawiecka-3-ID4zLoZ
2026-02-08 01:35,0 % PRO 3-pok od zaraz Ogrody Hallera *Borek* Hallera 90 Balkon*Ładne*,3900,https://www.otodom.pl/pl/oferta/0-pro-3-pok-od-zaraz-ogrody-hallera-borek-hallera-90-balkonladne-ID4zLo3
2026-02-08 01:35,2 pokoje z aneksem/38m2/balkon/parking/ul. Krzycka/Klecina,2900,https://www.otodom.pl/pl/oferta/2-pokoje-z-aneksem-38m2-balkon-parking-ul-krzycka-klecina-ID4zGed
2026-02-08 01:36,3 pokoje z aneksem kuchennym /56m2/ balkon/ ul. Augustowska/ Maślice,2800,https://www.otodom.pl/pl/oferta/3-pokoje-z-aneksem-kuchennym-56m2-balkon-ul-augustowska-maslice-ID4zyZd
2026-02-08 01:36,Ua | Eng | Pl | Коммисия 0% | Bez Prowizji,43000,https://www.otodom.pl/hpr/pl/oferta/ua-eng-pl-0-bez-prowizji-ID4zM4S
2026-02-08 01:36,Kawalerka na Grabiszynie z dużym podwójnym łóżkiem,1800,https://www.otodom.pl/pl/oferta/kawalerka-na-grabiszynie-z-duzym-podwojnym-lozkiem-ID4zLmr
2026-02-08 01:36,Wynajem: 3 pokoje z ogródkiem + miejsce postojowe,6800,https://www.otodom.pl/pl/oferta/wynajem-3-pokoje-z-ogrodkiem-miejsce-postojowe-ID4zLjN
2026-02-08 01:36,PL UA RU | Premium 2 pokoje | Balkon | Planty Racławickie,4500,https://www.otodom.pl/pl/oferta/pl-ua-ru-premium-2-pokoje-balkon-planty-raclawickie-ID4zLhU
2026-02-08 01:37,2 pokojowe mieszkanie w centrum - widok na rzekę,4000,https://www.otodom.pl/pl/oferta/2-pokojowe-mieszkanie-w-centrum-widok-na-rzeke-ID4tDgJ
2026-02-08 01:37,Jagodno mieszkanie 2 pokoje,2400,https://www.otodom.pl/pl/oferta/jagodno-mieszkanie-2-pokoje-ID4utkM
2026-02-08 01:37,"3 Pokojowe 63,5 m2 | Atal Towers | Wysoki Standard",5600,https://www.otodom.pl/pl/oferta/3-pokojowe-63-5-m2-atal-towers-wysoki-standard-ID4zLeH
2026-02-08 01:37,2 pokoje | Grabiszyn | Widok na park Grabiszyński,2800,https://www.otodom.pl/pl/oferta/2-pokoje-grabiszyn-widok-na-park-grabiszynski-ID4zArd
2026-02-08 01:37,okolice ul. Obornickiej Nowe2018/Garaż/LUX,2800,https://www.otodom.pl/pl/oferta/okolice-ul-obornickiej-nowe2018-garaz-lux-ID4zLct
2026-02-08 01:38,Nowoczesny funkcjonalny apartament-2 pokoje balkon,2700,https://www.otodom.pl/pl/oferta/nowoczesny-funkcjonalny-apartament-2-pokoje-balkon-ID4mT94
2026-02-08 01:38,Komfortowe 2 pok. | os. kuchnia | Pl. Legionów,2500,https://www.otodom.pl/pl/oferta/komfortowe-2-pok-os-kuchnia-pl-legionow-ID4zL5X
2026-02-08 01:38,Śliczna i tania kawalerka od lutego/ balkon,1900,https://www.otodom.pl/pl/oferta/sliczna-i-tania-kawalerka-od-lutego-balkon-ID4s7mu
2026-02-08 01:38,"Od JUŻ! Jagodno, 2pok, os. kuchnia, taras, klimatyzacja, garaż+komórka",3100,https://www.otodom.pl/pl/oferta/od-juz-jagodno-2pok-os-kuchnia-taras-klimatyzacja-garaz-komorka-ID4vVlb
2026-02-08 01:38,Poddasze użytkowe  / PETS FRIENDLY / 2-pokoje,2999,https://www.otodom.pl/pl/oferta/poddasze-uzytkowe-pets-friendly-2-pokoje-ID4zKVA
2026-02-08 01:38,Przestronne mieszkanie! 3 pokoje! Parking!,3500,https://www.otodom.pl/pl/oferta/przestronne-mieszkanie-3-pokoje-parking-ID4vFvB
2026-02-08 01:38,Przytulne 2-Pokojowe Mieszkanie NA Maślicach,2400,https://www.otodom.pl/pl/oferta/przytulne-2-pokojowe-mieszkanie-na-maslicach-ID4zeXl
2026-02-08 01:39,"Wrocław/Ołtaszyn, 80m2, duży balkon, garaż, klimatyzacja",4000,https://www.otodom.pl/pl/oferta/wroclaw-oltaszyn-80m2-duzy-balkon-garaz-klimatyzacja-ID4zKRV
2026-02-08 01:39,Kukuczki/Balkon/Winda/Całość 3500,3000,https://www.otodom.pl/pl/oferta/kukuczki-balkon-winda-calosc-3500-ID4xg3V
2026-02-08 01:39,Apartament 3-pokojowy | Kępa Mieszczańska| Garaż |,3700,https://www.otodom.pl/pl/oferta/apartament-3-pokojowy-kepa-mieszczanska-garaz-ID4zeMZ
2026-02-08 01:39,Przestronne 3-pokojowe mieszkanie z osobną kuchnią – ul. Kiełczowska,3000,https://www.otodom.pl/pl/oferta/przestronne-3-pokojowe-mieszkanie-z-osobna-kuchnia-ul-kielczowska-ID4zKQm
2026-02-08 01:39,Loftowa Kawalerka z widokiem na Park 27m2,1850,https://www.otodom.pl/pl/oferta/loftowa-kawalerka-z-widokiem-na-park-27m2-ID4mTCe
2026-02-08 01:40,Nowoczesne mieszkanie z balkonem we Wrocławiu,2200,https://www.otodom.pl/pl/oferta/nowoczesne-mieszkanie-z-balkonem-we-wroclawiu-ID4yBlb
2026-02-08 01:40,Klimatyzacja | TARAS | PetsFriendly | Garaż | Garderoba | OD ZARAZ,4900,https://www.otodom.pl/pl/oferta/klimatyzacja-taras-petsfriendly-garaz-garderoba-od-zaraz-ID4zFEx
2026-02-08 01:40,"Okazja!!! Pierwszy najem, Sikorskiego 13, luksus",13000,https://www.otodom.pl/pl/oferta/okazja-pierwszy-najem-sikorskiego-13-luksus-ID4y98l
2026-02-08 01:40,OSOBNA KUCHNIA | Klimatyzacja | Piwnica | Stare miasto | Od zaraz,2899,https://www.otodom.pl/pl/oferta/osobna-kuchnia-klimatyzacja-piwnica-stare-miasto-od-zaraz-ID4zFv4
2026-02-08 01:40,Parking za szlabanem | CH Magnolia | 3500 zł za całość | Balkon,2700,https://www.otodom.pl/pl/oferta/parking-za-szlabanem-ch-magnolia-3500-zl-za-calosc-balkon-ID4zFwW
2026-02-08 01:40,3-pok Kępa Mieszczańska/ ul. Dmowskiego,5400,https://www.otodom.pl/pl/oferta/3-pok-kepa-mieszczanska-ul-dmowskiego-ID4zF2u
2026-02-08 01:41,2 pokoje do wynajęcia | Rozkład| ul. Tęczowa |  Centrum | od 15 lutego,2400,https://www.otodom.pl/pl/oferta/2-pokoje-do-wynajecia-rozklad-ul-teczowa-centrum-od-15-lutego-ID4zEZS
2026-02-08 01:41,"Wrocław! ul. Bp.Tomasza! 2-pok,balkon, winda! 55m2! Nadodrze!Od zaraz!",2800,https://www.otodom.pl/pl/oferta/wroclaw-ul-bp-tomasza-2-pok-balkon-winda-55m2-nadodrze-od-zaraz-ID4zEMP
2026-02-08 01:41,Nowoczesne lux Księcia Witolda,3250,https://www.otodom.pl/pl/oferta/nowoczesne-lux-ksiecia-witolda-ID4zKLf
2026-02-08 01:41,3 Pokojowy 73 m2 | Księcia Witolda |Wolne Od Zaraz,7450,https://www.otodom.pl/pl/oferta/3-pokojowy-73-m2-ksiecia-witolda-wolne-od-zaraz-ID4zKLd
2026-02-08 01:41,"Krzyki, Ul. Partynicka, 2 Pokoje, IIp., 43m2",2400,https://www.otodom.pl/pl/oferta/krzyki-ul-partynicka-2-pokoje-iip-43m2-ID4zKKY
2026-02-08 01:42,3M | Balkon | Pierwszy najem | Tramwaj,3200,https://www.otodom.pl/pl/oferta/3m-balkon-pierwszy-najem-tramwaj-ID4zKJ8
2026-02-08 01:42,Wysoki standard/Apartament/Stylowe,3600,https://www.otodom.pl/pl/oferta/wysoki-standard-apartament-stylowe-ID4kHy5
2026-02-08 01:42,"Wynajmę nowe mieszkanie 3-pokojowe Klecina, Krzyki",3700,https://www.otodom.pl/pl/oferta/wynajme-nowe-mieszkanie-3-pokojowe-klecina-krzyki-ID4zKCR
2026-02-08 01:42,Apartament trzypokojowy i 2 łaź. Stare Miasto,4900,https://www.otodom.pl/pl/oferta/apartament-trzypokojowy-i-2-laz-stare-miasto-ID2Atra
2026-02-08 01:42,apartament dwupokojowy z aneksem kuchennym i łaź.,3000,https://www.otodom.pl/pl/oferta/apartament-dwupokojowy-z-aneksem-kuchennym-i-laz-ID407X2
2026-02-08 01:43,Kawalerka na Grabiszynie z dużym podwójnym łóżkiem,1800,https://www.otodom.pl/hpr/pl/oferta/kawalerka-na-grabiszynie-z-duzym-podwojnym-lozkiem-ID4zLmr
2026-02-08 01:43,3 pokoje z ogródkiem | Ogrody Hallera | wysoki standard,4700,https://www.otodom.pl/pl/oferta/3-pokoje-z-ogrodkiem-ogrody-hallera-wysoki-standard-ID4zKC1
2026-02-08 01:43,Centrum - 3 pokoje - 70 mkw. - parter,3200,https://www.otodom.pl/pl/oferta/centrum-3-pokoje-70-mkw-parter-ID4z7gw
2026-02-08 01:43,Piękny apartament Klimatyzacja|Ks. Witolda|Garaż|,3500,https://www.otodom.pl/pl/oferta/piekny-apartament-klimatyzacja-ks-witolda-garaz-ID4zKAF
2026-02-08 01:43,PL| |UA|RU| Atal Towers| 2-pok| Centrum| 46 m2,3000,https://www.otodom.pl/pl/oferta/pl-ua-ru-atal-towers-2-pok-centrum-46-m2-ID4zKxL
2026-02-08 01:43,Nowoczesny lokal z klimatyzacją na Psie Polu,1600,https://www.otodom.pl/pl/oferta/nowoczesny-lokal-z-klimatyzacja-na-psie-polu-ID4zKv8
2026-02-08 01:44,"Piękne, nowe 2 pok. przy Pl. Kościuszki, 0%",3600,https://www.otodom.pl/pl/oferta/piekne-nowe-2-pok-przy-pl-kosciuszki-0-ID4zKuZ
2026-02-08 01:44,"Kawalerka, osobna kuchnia, balkon, dobre miejsce!",2000,https://www.otodom.pl/pl/oferta/kawalerka-osobna-kuchnia-balkon-dobre-miejsce-ID4zKsN
2026-02-08 01:44,"2 pokoje, balkon, nowy budynek,",2600,https://www.otodom.pl/pl/oferta/2-pokoje-balkon-nowy-budynek-ID4zKsj
2026-02-08 01:44,"Apartamenty Strzegomska, 2 pokoje, balkon!",2350,https://www.otodom.pl/pl/oferta/apartamenty-strzegomska-2-pokoje-balkon-ID4prP9
2026-02-08 01:45,Osobna kuchnia / Blisko tramwaj / Balkon / Parking,2300,https://www.otodom.pl/pl/oferta/osobna-kuchnia-blisko-tramwaj-balkon-parking-ID4zKpb
2026-02-08 01:45,"bez prowizji   Mieszczańska idealne dla pary,klimatyzacja,garaż",3000,https://www.otodom.pl/pl/oferta/bez-prowizji-mieszczanska-idealne-dla-pary-klimatyzacja-garaz-ID4zx8f
2026-02-08 01:45,Przestronne 2 pokoje w sercu Wrocławia - Ołbin,2100,https://www.otodom.pl/pl/oferta/przestronne-2-pokoje-w-sercu-wroclawia-olbin-ID4zKnn
2026-02-08 01:45,"Wrocław, Centrum, Grabiszynska",2500,https://www.otodom.pl/pl/oferta/wroclaw-centrum-grabiszynska-ID4zKk4
2026-02-08 01:45,wynajme mieszkanie przy ul. H. Sienkiewicza we Wrocławiu,3200,https://www.otodom.pl/pl/oferta/wynajme-mieszkanie-przy-ul-h-sienkiewicza-we-wroclawiu-ID4zKjf
2026-02-08 01:46,Do wynajęcia 2 pok. mieszkanie na Krzykach z piwnicą i ogródkiem.,2400,https://www.otodom.pl/pl/oferta/do-wynajecia-2-pok-mieszkanie-na-krzykach-z-piwnica-i-ogrodkiem-ID4e4cr
2026-02-08 01:46,"Mieszkanie, 25 m², Wrocław",1800,https://www.otodom.pl/pl/oferta/mieszkanie-25-m-wroclaw-ID4zKg9
2026-02-08 01:46,"Mieszkanie 2 pokojowe, Wrocław, Jagodno",2700,https://www.otodom.pl/pl/oferta/mieszkanie-2-pokojowe-wroclaw-jagodno-ID4zKfu
2026-02-08 01:46,Balkon Media Miejskie Nowe Budownictwo Parking dla Mieszkańców,3000,https://www.otodom.pl/pl/oferta/balkon-media-miejskie-nowe-budownictwo-parking-dla-mieszkancow-ID4zK7z
2026-02-08 01:46,Mieszkanie w centrum Wrocławia,3000,https://www.otodom.pl/pl/oferta/mieszkanie-w-centrum-wroclawia-ID4hNIv
2026-02-08 01:46,PL UA RU | Dwupoziomowy apartament | Nowa Manufaktura | Centrum,3300,https://www.otodom.pl/pl/oferta/pl-ua-ru-dwupoziomowy-apartament-nowa-manufaktura-centrum-ID4zK1H
2026-02-08 01:46,Księże Małe | 61 m² + duży balkon | rozkładowe | po remoncie,3000,https://www.otodom.pl/pl/oferta/ksieze-male-61-m-duzy-balkon-rozkladowe-po-remoncie-ID4zK0k
2026-02-08 01:47,"Długa Lokum Porto  |  Dwupokojowe mieszkanie z balkonem 38,5 m2",2800,https://www.otodom.pl/pl/oferta/dluga-lokum-porto-dwupokojowe-mieszkanie-z-balkonem-38-5-m2-ID4zJYB
2026-02-08 01:47,2 pokoje w Angel City | Gym&Spa,3200,https://www.otodom.pl/pl/oferta/2-pokoje-w-angel-city-gym-spa-ID4zJZG
2026-02-08 01:47,"W centrum 72 mkw, pod mieszkanie, gabinet, biuro",3500,https://www.otodom.pl/pl/oferta/w-centrum-72-mkw-pod-mieszkanie-gabinet-biuro-ID4zJXf
2026-02-08 01:47,2-pokojowe po remoncie|Pierwszy najem|Balkon,3200,https://www.otodom.pl/pl/oferta/2-pokojowe-po-remoncie-pierwszy-najem-balkon-ID4zsL4
2026-02-08 01:47,Designerski apartament w sercu Wrocławia,5450,https://www.otodom.pl/pl/oferta/designerski-apartament-w-sercu-wroclawia-ID4wadg
2026-02-08 01:47,Duży luksusowy apartament z tarasem - Atal Towers,6200,https://www.otodom.pl/pl/oferta/duzy-luksusowy-apartament-z-tarasem-atal-towers-ID4gFcr
2026-02-08 01:48,Dwa pokoje w samym centrum Wrocławia,2500,https://www.otodom.pl/pl/oferta/dwa-pokoje-w-samym-centrum-wroclawia-ID2FTmi
2026-02-08 01:48,Klimatyczne | 87 m² | 3 POKOJE |Św.Mikołaja| ODRESTAUROWANA KAMIENICA,6000,https://www.otodom.pl/pl/oferta/klimatyczne-87-m-3-pokoje-sw-mikolaja-odrestaurowana-kamienica-ID4zJUv
2026-02-08 01:48,2 pokoje /oddzielna kuchnia- 49 m² - ul. Czartoryskiego 12 -Wrocław-0%,3100,https://www.otodom.pl/pl/oferta/2-pokoje-oddzielna-kuchnia-49-m-ul-czartoryskiego-12-wroclaw-0-ID4zJTA
2026-02-08 01:48,Apartament przy Pl. Grunwaldzkim we Wrocławiu do WYNAJĘCIA,13000,https://www.otodom.pl/pl/oferta/apartament-przy-pl-grunwaldzkim-we-wroclawiu-do-wynajecia-ID4zJTz
2026-02-08 01:49,Mieszkanie 3-pokojowe w Śródmieściu Wrocławia do WYNAJECIA,2500,https://www.otodom.pl/pl/oferta/mieszkanie-3-pokojowe-w-srodmiesciu-wroclawia-do-wynajecia-ID4zJSQ
2026-02-08 01:49,Apartament Premium z klimatyzacją i m. postojowym,3500,https://www.otodom.pl/pl/oferta/apartament-premium-z-klimatyzacja-i-m-postojowym-ID4s6d5
2026-02-08 01:49,Przytulne 2 pokoje z balkonem i komórką na wynajem,2600,https://www.otodom.pl/pl/oferta/przytulne-2-pokoje-z-balkonem-i-komorka-na-wynajem-ID4zEqt
2026-02-08 01:49,Wynajmuję,2500,https://www.otodom.pl/pl/oferta/wynajmuje-ID4zJlc
2026-02-08 01:49,Mieszkanie 2-pokojowe w Śródmieściu Wrocławia do WYNAJĘCIA,2200,https://www.otodom.pl/pl/oferta/mieszkanie-2-pokojowe-w-srodmiesciu-wroclawia-do-wynajecia-ID4zJRz
2026-02-08 01:50,3 pokoje z ogródkiem | Ogrody Hallera | wysoki standard,4700,https://www.otodom.pl/hpr/pl/oferta/3-pokoje-z-ogrodkiem-ogrody-hallera-wysoki-standard-ID4zKC1
2026-02-08 01:50,Kawalerka z ogródkiem | widok na zieleń,2500,https://www.otodom.pl/pl/oferta/kawalerka-z-ogrodkiem-widok-na-zielen-ID4zJLI
2026-02-08 01:50,"Tęczowa, MP, od 6 lutego.",2300,https://www.otodom.pl/pl/oferta/teczowa-mp-od-6-lutego-ID4zJLd
2026-02-08 01:50,Angel River*Balkon*Garaż*Klimatyzacja*15 piętro,3800,https://www.otodom.pl/pl/oferta/angel-riverbalkongarazklimatyzacja15-pietro-ID4zJKp
2026-02-08 01:50,Śródmieście_Oleśnicka_42m2_2 pokoje_od zaraz,2000,https://www.otodom.pl/pl/oferta/srodmiescie-olesnicka-42m2-2-pokoje-od-zaraz-ID4zJGP
2026-02-08 01:50,Kameralne 3-pokojowe mieszkanie niedaleko Wyspy Opatowickiej!,5000,https://www.otodom.pl/pl/oferta/kameralne-3-pokojowe-mieszkanie-niedaleko-wyspy-opatowickiej-ID4ztbl
2026-02-08 01:51,2 pokoje|nowe budownictwo|centrum,2900,https://www.otodom.pl/pl/oferta/2-pokoje-nowe-budownictwo-centrum-ID4zswz
2026-02-08 01:51,Angel River Centrum 2 pokoje_Strefa Fitness parkin,3500,https://www.otodom.pl/pl/oferta/angel-river-centrum-2-pokoje-strefa-fitness-parkin-ID4znFD
2026-02-08 01:51,Wynajmę Jugosławiańska Wroclaw 2 pok. okol.centrum,2450,https://www.otodom.pl/pl/oferta/wynajme-jugoslawianska-wroclaw-2-pok-okol-centrum-ID4nwtg
2026-02-08 01:51,Wynajmę mieszkanie Wrocław Bezpieczna 3 pokoje,2750,https://www.otodom.pl/pl/oferta/wynajme-mieszkanie-wroclaw-bezpieczna-3-pokoje-ID4vNT4
2026-02-08 01:51,2-pokojowe mieszkanie | Plac Powstańców Śląskich | Garaż podziemny,3000,https://www.otodom.pl/pl/oferta/2-pokojowe-mieszkanie-plac-powstancow-slaskich-garaz-podziemny-ID4zEqj
2026-02-08 01:51,2 pokoje | 45 m² | Centrum – ul. Dmowskiego | Miejsce parkingowe,2800,https://www.otodom.pl/pl/oferta/2-pokoje-45-m-centrum-ul-dmowskiego-miejsce-parkingowe-ID4zElJ
2026-02-08 01:52,"2-pok. duży taras - Ołtaszyn, blisko Bielan",2600,https://www.otodom.pl/pl/oferta/2-pok-duzy-taras-oltaszyn-blisko-bielan-ID4zE68
2026-02-08 01:52,Muchobór Mały - pokój do wynajęcia od 1.01.2026,1000,https://www.otodom.pl/pl/oferta/muchobor-maly-pokoj-do-wynajecia-od-1-01-2026-ID4yadz
2026-02-08 01:52,"Wrocław! Capitol, 26m2 Kawalerka! Od 01.02.!",2600,https://www.otodom.pl/pl/oferta/wroclaw-capitol-26m2-kawalerka-od-01-02-ID4y5Hn
2026-02-08 01:52,Wrocław! TOP Lokalizacja! Kawalerka przy Fosie Miejskiej | Rynek 5 min,1900,https://www.otodom.pl/pl/oferta/wroclaw-top-lokalizacja-kawalerka-przy-fosie-miejskiej-rynek-5-min-ID4zDKO
2026-02-08 01:52,"Kawalerka do wynajęcia 22,5m^2 - Kępa mieszczańska",4500,https://www.otodom.pl/pl/oferta/kawalerka-do-wynajecia-22-5m2-kepa-mieszczanska-ID4wuLK
2026-02-08 01:52,Do wynajęcia apartament premium 2-pok. – Planty Racławickie | 1. najem,4500,https://www.otodom.pl/pl/oferta/do-wynajecia-apartament-premium-2-pok-planty-raclawickie-1-najem-ID4zJxj
2026-02-08 01:52,Przy dworcu | Niskie opłaty | Od Stycznia! |,2500,https://www.otodom.pl/pl/oferta/przy-dworcu-niskie-oplaty-od-stycznia-ID4zJv9
2026-02-08 01:53,Przestronna kawalerka | Niskie opłaty | Kolejowa,2390,https://www.otodom.pl/pl/oferta/przestronna-kawalerka-niskie-oplaty-kolejowa-ID4zJv7
2026-02-08 01:53,Port Popowice - wynajmę fajne mieszkanie z klimatyzacją,2950,https://www.otodom.pl/pl/oferta/port-popowice-wynajme-fajne-mieszkanie-z-klimatyzacja-ID4zJuP
2026-02-08 01:53,2-pokojowe mieszkanie po remoncie - Pilczyce - do wynajęcia od zaraz,2350,https://www.otodom.pl/pl/oferta/2-pokojowe-mieszkanie-po-remoncie-pilczyce-do-wynajecia-od-zaraz-ID4zJup
2026-02-08 01:53,Mieszkanie nowe 3 pokojowe Strachowicka Żerniki,3300,https://www.otodom.pl/pl/oferta/mieszkanie-nowe-3-pokojowe-strachowicka-zerniki-ID4zJul
2026-02-08 01:53,"Wrocław, Krzyki, Skarbowócw",2700,https://www.otodom.pl/pl/oferta/wroclaw-krzyki-skarbowocw-ID4xXgJ
2026-02-08 01:53,"Wrocław, Stare Miasto, Strzegomska",2500,https://www.otodom.pl/pl/oferta/wroclaw-stare-miasto-strzegomska-ID4zzi5
2026-02-08 01:54,Atrakcyjne mieszkanie po remoncie z duzym BALKONEM,2800,https://www.otodom.pl/pl/oferta/atrakcyjne-mieszkanie-po-remoncie-z-duzym-balkonem-ID4yEPI
2026-02-08 01:54,Bezpieczna / 3-pokojowe mieszkanie po remoncie z balkonem,2800,https://www.otodom.pl/pl/oferta/bezpieczna-3-pokojowe-mieszkanie-po-remoncie-z-balkonem-ID4zJtL
2026-02-08 01:54,MIESZKANIE PORT POPOWICE ZUPEŁNIE NOWE,2700,https://www.otodom.pl/pl/oferta/mieszkanie-port-popowice-zupelnie-nowe-ID4zJtG
2026-02-08 01:54,"W pobliżu Dworca PKP,pełen rozkład,osobna kuchnia,miejsce parkingowe.",2800,https://www.otodom.pl/pl/oferta/w-poblizu-dworca-pkp-pelen-rozklad-osobna-kuchnia-miejsce-parkingowe-ID4zJsE
2026-02-08 01:54,Kawalerka do wynajęcia Oporów,2200,https://www.otodom.pl/pl/oferta/kawalerka-do-wynajecia-oporow-ID4tZuz
2026-02-08 01:55,Wysoki standard | Duży ogródek | Klimatyzacja,7900,https://www.otodom.pl/pl/oferta/wysoki-standard-duzy-ogrodek-klimatyzacja-ID4xzsK
2026-02-08 01:55,2 pokoje | Osobna kuchnia | 2 dużych balkony,3200,https://www.otodom.pl/pl/oferta/2-pokoje-osobna-kuchnia-2-duzych-balkony-ID4ztjo
2026-02-08 01:55,"3 pokoje + balkon + garaż, Kępa Mieszczańska - OD LUTEGO",3700,https://www.otodom.pl/pl/oferta/3-pokoje-balkon-garaz-kepa-mieszczanska-od-lutego-ID4zfM4
2026-02-08 01:55,Wynajmę jasne mieszkanie w centrum,2700,https://www.otodom.pl/pl/oferta/wynajme-jasne-mieszkanie-w-centrum-ID4zJml
2026-02-08 01:55,2-pok od zaraz Ogrody Hallera ul. Hallera  86 OGRÓDEK *BOREK*,3200,https://www.otodom.pl/pl/oferta/2-pok-od-zaraz-ogrody-hallera-ul-hallera-86-ogrodek-borek-ID4zJiB
2026-02-08 01:56,Do wynajęcia 2 pokoje ogródek garaż komórka lok,3600,https://www.otodom.pl/pl/oferta/do-wynajecia-2-pokoje-ogrodek-garaz-komorka-lok-ID4zJhN
2026-02-08 01:56,Śliczne mieszkanko na Nowym Dworze,2450,https://www.otodom.pl/pl/oferta/sliczne-mieszkanko-na-nowym-dworze-ID4zJhA
2026-02-08 01:56,Kawalerka z ogródkiem | widok na zieleń,2500,https://www.otodom.pl/hpr/pl/oferta/kawalerka-z-ogrodkiem-widok-na-zielen-ID4zJLI
2026-02-08 01:56,"Nowoczesna kawalerka 30,5 m2 z dużym balkonem na nowym osiedlu",2250,https://www.otodom.pl/pl/oferta/nowoczesna-kawalerka-30-5-m2-z-duzym-balkonem-na-nowym-osiedlu-ID4zJhw
2026-02-08 01:56,Zadbane 2 pokojowe mieszkanie - Planty Racławickie,2600,https://www.otodom.pl/pl/oferta/zadbane-2-pokojowe-mieszkanie-planty-raclawickie-ID4zf0e
2026-02-08 01:57,Mieszkanie Premium 2 pokoje - Planty Racławickie,3600,https://www.otodom.pl/pl/oferta/mieszkanie-premium-2-pokoje-planty-raclawickie-ID4zCCf
2026-02-08 01:57,Kawalerka w centrum Wrocławia - ul. Legnicka,2200,https://www.otodom.pl/pl/oferta/kawalerka-w-centrum-wroclawia-ul-legnicka-ID4zJe3
2026-02-08 01:57,Mieszkanie 2-pokojowe 48m2 ul. Brzeska idealne dla pary/singla,2800,https://www.otodom.pl/pl/oferta/mieszkanie-2-pokojowe-48m2-ul-brzeska-idealne-dla-pary-singla-ID4v5gX
2026-02-08 01:57,Luksusowe mieszkanie | Młyn Maria |  Super widok |,5000,https://www.otodom.pl/pl/oferta/luksusowe-mieszkanie-mlyn-maria-super-widok-ID4xsFQ
2026-02-08 01:57,komfortowe 3-pokoje | w pobliżu dworca PKP - ul. Prądzyńskiego,3600,https://www.otodom.pl/pl/oferta/komfortowe-3-pokoje-w-poblizu-dworca-pkp-ul-pradzynskiego-ID4xseC
2026-02-08 01:58,Biskupin: stylowe 3-pokojowe mieszkanie,4800,https://www.otodom.pl/pl/oferta/biskupin-stylowe-3-pokojowe-mieszkanie-ID4qKV8
2026-02-08 01:58,Pet Friendly✅Ogródek✅ Blisko A. Medycznej✅ Garaż,3000,https://www.otodom.pl/pl/oferta/pet-friendlyogrodek-blisko-a-medycznej-garaz-ID4zDzd
2026-02-08 01:58,★Komfortowy Apartament Nad Rzeką Blisko Rynku★,3500,https://www.otodom.pl/pl/oferta/komfortowy-apartament-nad-rzeka-blisko-rynku-ID4zDzc
2026-02-08 01:58,"3 pokoje, Inżynierska, Grabiszyńska, 10 minut do Rynku!",2800,https://www.otodom.pl/pl/oferta/3-pokoje-inzynierska-grabiszynska-10-minut-do-rynku-ID4zmvw
2026-02-08 01:58,"W pełni wyposażone, klimatyzacja, garaż",2850,https://www.otodom.pl/pl/oferta/w-pelni-wyposazone-klimatyzacja-garaz-ID4zmkb
2026-02-08 01:58,Rozkładowe | Świetna lokalizacja,2900,https://www.otodom.pl/pl/oferta/rozkladowe-swietna-lokalizacja-ID4zJ7s
2026-02-08 01:59,"36 m2, Dwa pokoje z balkonem, osobna kuchnia, IIp., winda, piwnica.",2600,https://www.otodom.pl/pl/oferta/36-m2-dwa-pokoje-z-balkonem-osobna-kuchnia-iip-winda-piwnica-ID4zJ74
2026-02-08 01:59,Duże 2 pokoje (27m2!) dla studentów/pary | Osobna Kuchnia + Zmywarka |,3200,https://www.otodom.pl/pl/oferta/duze-2-pokoje-27m2-dla-studentow-pary-osobna-kuchnia-zmywarka-ID4zJ6x
2026-02-08 01:59,"Dla 5 pracowników sektora budowlanego, 3 Pokoje",2290,https://www.otodom.pl/pl/oferta/dla-5-pracownikow-sektora-budowlanego-3-pokoje-ID4zJ6a
2026-02-08 01:59,"Mieszkanie, 48 m², Wrocław",2500,https://www.otodom.pl/pl/oferta/mieszkanie-48-m-wroclaw-ID4zJ2J
2026-02-08 01:59,2 pokoje na Kawalerzystów | 2 Balkony|Pet friendly,2900,https://www.otodom.pl/pl/oferta/2-pokoje-na-kawalerzystow-2-balkony-pet-friendly-ID4zAsn
2026-02-08 02:00,wynajmę bezpośrednio piękne mieszkanie w centrum,2900,https://www.otodom.pl/pl/oferta/wynajme-bezposrednio-piekne-mieszkanie-w-centrum-ID44AID
2026-02-08 02:00,"BEZPOŚREDNIO - 4 pokoje, 84 m2 , ul.Bajana, okolice Magnolia Park",3700,https://www.otodom.pl/pl/oferta/bezposrednio-4-pokoje-84-m2-ul-bajana-okolice-magnolia-park-ID4zIU4
2026-02-08 02:00,Stylowe studio z antresolą - Krzyki,2600,https://www.otodom.pl/pl/oferta/stylowe-studio-z-antresola-krzyki-ID4yuwG
2026-02-08 02:00,PL | UA | RU | Loft z antresolą | Centrum | pl. Jana Pawła II,3500,https://www.otodom.pl/pl/oferta/pl-ua-ru-loft-z-antresola-centrum-pl-jana-pawla-ii-ID4zISn
2026-02-08 02:00,Wygodne mieszkanie na Gaju,2290,https://www.otodom.pl/pl/oferta/wygodne-mieszkanie-na-gaju-ID4zIPX
2026-02-08 02:00,"OFERTA PRYWATNA: Odnowione 44m2, 15 min od Starego Miasta",2800,https://www.otodom.pl/pl/oferta/oferta-prywatna-odnowione-44m2-15-min-od-starego-miasta-ID4wVpp
2026-02-08 02:01,2 pok. mieszkanie z balkonem w kamienicy - Nyska,2500,https://www.otodom.pl/pl/oferta/2-pok-mieszkanie-z-balkonem-w-kamienicy-nyska-ID4zIMq
2026-02-08 02:01,Do wynajęcia mieszkanie na zamkniętym osiedlu!,3000,https://www.otodom.pl/pl/oferta/do-wynajecia-mieszkanie-na-zamknietym-osiedlu-ID4xXjS
2026-02-08 02:01,"ul. Jaracza/ Ołbin 58,5m2 with balcony",3000,https://www.otodom.pl/pl/oferta/ul-jaracza-olbin-58-5m2-with-balcony-ID4yGCC
2026-02-08 02:01,Nowoczesne 2-poziomowe mieszkanie 132m² z 4 tarasowymi balkonami – Wro,5900,https://www.otodom.pl/pl/oferta/nowoczesne-2-poziomowe-mieszkanie-132m-z-4-tarasowymi-balkonami-wro-ID4zlZH
2026-02-08 02:01,Piękne 3 pokojowe w pobliżu AE,2900,https://www.otodom.pl/pl/oferta/piekne-3-pokojowe-w-poblizu-ae-ID4zDcb
2026-02-08 02:02,"Przestronny apartament z dużym balkonem w OVO- parking, concierge 24/7",3800,https://www.otodom.pl/pl/oferta/przestronny-apartament-z-duzym-balkonem-w-ovo-parking-concierge-24-7-ID4zD9S
2026-02-08 02:02,"2pokoje, blisko Rynku i dworca PKP, Wrocław",2500,https://www.otodom.pl/pl/oferta/2pokoje-blisko-rynku-i-dworca-pkp-wroclaw-ID4zlsT
2026-02-08 02:02,Wrocław – Ołtaszyn | Dwupoziomowe 90 m² z garażem,3500,https://www.otodom.pl/pl/oferta/wroclaw-oltaszyn-dwupoziomowe-90-m-z-garazem-ID4y65h
2026-02-08 02:02,Nowe | Bezpośrednio | Przyjazne zwierzętom |Garderoba,3334,https://www.otodom.pl/pl/oferta/nowe-bezposrednio-przyjazne-zwierzetom-garderoba-ID4yzDl
2026-02-08 02:02,Nowe|2 pokoje|Klimatyzacja|Galeria Dominikańska,3050,https://www.otodom.pl/pl/oferta/nowe-2-pokoje-klimatyzacja-galeria-dominikanska-ID4zIIs
2026-02-08 02:03,UA | ENG | PL | Комиссия 0% | Bez Prowizji,3500,https://www.otodom.pl/pl/oferta/ua-eng-pl-0-bez-prowizji-ID4zIHv
2026-02-08 02:03,UA | Eng | PL | Комиссия 0% | Bez Prowizji,5200,https://www.otodom.pl/pl/oferta/ua-eng-pl-0-bez-prowizji-ID4zIHt
2026-02-08 02:03,"Nowoczesna kawalerka 30,5 m2 z dużym balkonem na nowym osiedlu",2250,https://www.otodom.pl/hpr/pl/oferta/nowoczesna-kawalerka-30-5-m2-z-duzym-balkonem-na-nowym-osiedlu-ID4zJhw
2026-02-08 02:03,Pl|Ua|Eng|Prowizja 0%|Коммисия 0%|Lokal usługowy,6500,https://www.otodom.pl/pl/oferta/pl-ua-eng-prowizja-0-0-lokal-uslugowy-ID4zIHr
2026-02-08 02:03,Ua | Eng | Pl | Коммисия 0% | Bez Prowizji,43000,https://www.otodom.pl/pl/oferta/ua-eng-pl-0-bez-prowizji-ID4zIHq
2026-02-08 02:04,Luksusowy apartament w centrum z parkingiem,4999,https://www.otodom.pl/pl/oferta/luksusowy-apartament-w-centrum-z-parkingiem-ID4hUBJ
2026-02-08 02:04,PL | RY | 2-pokoje | Port Popowice | 43 m² + balkon | klimatyzacja,3050,https://www.otodom.pl/pl/oferta/pl-ry-2-pokoje-port-popowice-43-m-balkon-klimatyzacja-ID4zIGs
2026-02-08 02:04,Komfortowa kawalerka na wynajem! Centrum! Możliwość odliczenia 23% VAT,2337,https://www.otodom.pl/pl/oferta/komfortowa-kawalerka-na-wynajem-centrum-mozliwosc-odliczenia-23-vat-ID4zIFV
2026-02-08 02:04,APARTAMENT/Wysoki  Standard -Centrum/Wrocław,3700,https://www.otodom.pl/pl/oferta/apartament-wysoki-standard-centrum-wroclaw-ID4zIEZ
2026-02-08 02:04,Komfortowy APARTAMENT - Centrum /Wrocław,3700,https://www.otodom.pl/pl/oferta/komfortowy-apartament-centrum-wroclaw-ID4zIEY
2026-02-08 02:05,Przestrzenne studio z klimatyzacją,3200,https://www.otodom.pl/pl/oferta/przestrzenne-studio-z-klimatyzacja-ID4zmPJ
2026-02-08 02:05,"Pierwszy najem,  4 pokojowe w cenie 3 pokoi, widok, Wrocław Różanka",3600,https://www.otodom.pl/pl/oferta/pierwszy-najem-4-pokojowe-w-cenie-3-pokoi-widok-wroclaw-rozanka-ID4ylaR
2026-02-08 02:05,Pl.Legionów|Rozkład|DlaRodziny i na biuro|Od zara,3500,https://www.otodom.pl/pl/oferta/pl-legionow-rozklad-dlarodziny-i-na-biuro-od-zara-ID4zIB1
2026-02-08 02:05,"Komfortowe 3 pokojowe mieszkanie, Maczka-Partynice",4250,https://www.otodom.pl/pl/oferta/komfortowe-3-pokojowe-mieszkanie-maczka-partynice-ID4zIAR
2026-02-08 02:05,"2 pok, ogródek, piwnica, parking Ul. M. Reja",2700,https://www.otodom.pl/pl/oferta/2-pok-ogrodek-piwnica-parking-ul-m-reja-ID4zIvw
2026-02-08 02:05,Stylowe Studio z balkonem - WYNAJEM NA MIESIĄCE,2400,https://www.otodom.pl/pl/oferta/stylowe-studio-z-balkonem-wynajem-na-miesiace-ID4zIvm
2026-02-08 02:06,PL/UA Apartament Na Wynajem | Pet Friendly | Parking | Balkon,1900,https://www.otodom.pl/pl/oferta/pl-ua-apartament-na-wynajem-pet-friendly-parking-balkon-ID4zIwt
2026-02-08 02:06,Przestronny rozkładowy apartemnt przy Uczelniach,2390,https://www.otodom.pl/pl/oferta/przestronny-rozkladowy-apartemnt-przy-uczelniach-ID4zIps
2026-02-08 02:06,2 pokoje z dużym tarasem/42m2/ul. Buraczana/Klecina,2600,https://www.otodom.pl/pl/oferta/2-pokoje-z-duzym-tarasem-42m2-ul-buraczana-klecina-ID4zG9O
2026-02-08 02:06,Świetna lokalizacja| 2 pokoje Śródmieściu| Ochrona | Miejsce postojowe,2500,https://www.otodom.pl/pl/oferta/swietna-lokalizacja-2-pokoje-srodmiesciu-ochrona-miejsce-postojowe-ID4zIjk
2026-02-08 02:06,♦wyjątkowy Apartament 99m2♦blisko American School♦,4990,https://www.otodom.pl/pl/oferta/wyjatkowy-apartament-99m2blisko-american-school-ID4zIfV
2026-02-08 02:07,Apartament 2-pokojowy na Oporowie,3200,https://www.otodom.pl/pl/oferta/apartament-2-pokojowy-na-oporowie-ID4zI87
2026-02-08 02:07,klimatyczne i nowe mieszkanie w kamienicy | wysoki standard,5900,https://www.otodom.pl/pl/oferta/klimatyczne-i-nowe-mieszkanie-w-kamienicy-wysoki-standard-ID4zI7S
2026-02-08 02:07,wyjątkowe mieszkanie 2-pokojowe | blisko centrum | wysoki standard,5900,https://www.otodom.pl/pl/oferta/wyjatkowe-mieszkanie-2-pokojowe-blisko-centrum-wysoki-standard-ID4zI7G
2026-02-08 02:07,Studio na ul. Mieszczańskiej - WYNAJEM NA MIESIĄCE,2500,https://www.otodom.pl/pl/oferta/studio-na-ul-mieszczanskiej-wynajem-na-miesiace-ID4zI2l
2026-02-08 02:07,"Mieszkanie dwa pokoje, osobna kuchnia",2800,https://www.otodom.pl/pl/oferta/mieszkanie-dwa-pokoje-osobna-kuchnia-ID3DsFG
2026-02-08 02:07,NOWA PAPIERNIA 3 POKOJE LOFT,3000,https://www.otodom.pl/pl/oferta/nowa-papiernia-3-pokoje-loft-ID4zI0P
2026-02-08 02:08,Taras | Klasyczny styl | Rynek | m.p,3500,https://www.otodom.pl/pl/oferta/taras-klasyczny-styl-rynek-m-p-ID4zHVF
2026-02-08 02:08,"mieszkanie z widokiem na rzekę, 2-pok. 52m2, Kurkowa 14",3000,https://www.otodom.pl/pl/oferta/mieszkanie-z-widokiem-na-rzeke-2-pok-52m2-kurkowa-14-ID4zHWL
2026-02-08 02:08,Nowe m. przy rynku Psiego Pola,3000,https://www.otodom.pl/pl/oferta/nowe-m-przy-rynku-psiego-pola-ID4zHTV
2026-02-08 02:08,Rozkładowe Mieszkanie Z Balkonem Do Wynajęcia,2800,https://www.otodom.pl/pl/oferta/rozkladowe-mieszkanie-z-balkonem-do-wynajecia-ID4zHSZ
2026-02-08 02:08,Eleganckie studio z antresolą – Sky Tower - Krzyki,2600,https://www.otodom.pl/pl/oferta/eleganckie-studio-z-antresola-sky-tower-krzyki-ID4zG3f
2026-02-08 02:08,Na wynajem mieszkanie 2-pokojowe Księże,3000,https://www.otodom.pl/pl/oferta/na-wynajem-mieszkanie-2-pokojowe-ksieze-ID4nVey
2026-02-08 02:09,ul.Świdnicka|Wrocław|Mieszkanie|Biuro|Gabinety|80m,4000,https://www.otodom.pl/pl/oferta/ul-swidnicka-wroclaw-mieszkanie-biuro-gabinety-80m-ID4zDVS
2026-02-08 02:09,"Mieszkanie 3-pokojowe, 75m2, Strachocin",3000,https://www.otodom.pl/pl/oferta/mieszkanie-3-pokojowe-75m2-strachocin-ID4zHKE
2026-02-08 02:09,Kromera (okolice) - 2 pok. do wynajęcia ul.,2100,https://www.otodom.pl/pl/oferta/kromera-okolice-2-pok-do-wynajecia-ul-ID4zHIx
2026-02-08 02:09,"Platinum Apartamenty, Stare Miasto, Garaż - Bezpośrednio",3500,https://www.otodom.pl/pl/oferta/platinum-apartamenty-stare-miasto-garaz-bezposrednio-ID4zHIs
2026-02-08 02:09,"B. ładne, wyposażone i umeblowane 3 pok balkon Gaj",3000,https://www.otodom.pl/pl/oferta/b-ladne-wyposazone-i-umeblowane-3-pok-balkon-gaj-ID4jLHU
2026-02-08 02:10,2-pokojowe mieszkanie w stylu prowansalskim w centrum,2800,https://www.otodom.pl/pl/oferta/2-pokojowe-mieszkanie-w-stylu-prowansalskim-w-centrum-ID4zCi0
2026-02-08 02:10,Pl|Ua|Eng|Prowizja 0%|Коммисия 0%|Lokal usługowy,6500,https://www.otodom.pl/hpr/pl/oferta/pl-ua-eng-prowizja-0-0-lokal-uslugowy-ID4zIHr
2026-02-08 02:10,OD ZARAZ | Garderoba | Internet | CH Wroclavia | Komórka lokatorska,2799,https://www.otodom.pl/pl/oferta/od-zaraz-garderoba-internet-ch-wroclavia-komorka-lokatorska-ID4zCeg
2026-02-08 02:10,OKAZJA!!! Wrocław - Karłowice 2 pokoje,2200,https://www.otodom.pl/pl/oferta/okazja-wroclaw-karlowice-2-pokoje-ID4zC2o
2026-02-08 02:10,Ulica Magellana ! Pełen Rozkład ! Super Wyposażone Umeblowane Okazja !,2800,https://www.otodom.pl/pl/oferta/ulica-magellana-pelen-rozklad-super-wyposazone-umeblowane-okazja-ID4zHI6
2026-02-08 02:11,Komfortowe lokum w ekskluzywnym apartamentowcu,3680,https://www.otodom.pl/pl/oferta/komfortowe-lokum-w-ekskluzywnym-apartamentowcu-ID4zHGQ
2026-02-08 02:11,"Przestrzeń w samym Centrum, którą pokochasz!",4300,https://www.otodom.pl/pl/oferta/przestrzen-w-samym-centrum-ktora-pokochasz-ID4zHGP
2026-02-08 02:11,Oferta dla osób wymagających od życia WIĘCEJ,6519,https://www.otodom.pl/pl/oferta/oferta-dla-osob-wymagajacych-od-zycia-wiecej-ID4zHGM
2026-02-08 02:11,Komfortowe m. z balkonem i miejscem post. na Kępie,2899,https://www.otodom.pl/pl/oferta/komfortowe-m-z-balkonem-i-miejscem-post-na-kepie-ID4zHEL
2026-02-08 02:11,3- pokojowy apartament OGRODY HALLERA For rent,5000,https://www.otodom.pl/pl/oferta/3-pokojowy-apartament-ogrody-hallera-for-rent-ID4zHAr
2026-02-08 02:11,Mieszkanie 37m2 dwa pokoje. Parking + komórka.,2650,https://www.otodom.pl/pl/oferta/mieszkanie-37m2-dwa-pokoje-parking-komorka-ID4e9oH
2026-02-08 02:12,Komfortowy lokal pod usługi,6000,https://www.otodom.pl/pl/oferta/komfortowy-lokal-pod-uslugi-ID4zHy2
2026-02-08 02:12,Jagodno -2 pokoje|Pierwszy Najem|balkon|M.Post|ENG,2600,https://www.otodom.pl/pl/oferta/jagodno-2-pokoje-pierwszy-najem-balkon-m-post-eng-ID4tpRX
2026-02-08 02:12,"Dwupokojowe mieszkanie, w pełni urządzone,42m",2350,https://www.otodom.pl/pl/oferta/dwupokojowe-mieszkanie-w-pelni-urzadzone-42m-ID4iIzT
2026-02-08 02:12,"2 pokoje/ widok na rzekę/ NOWY budynek/ Centrum, Zyndrama z Maszkowic",3950,https://www.otodom.pl/pl/oferta/2-pokoje-widok-na-rzeke-nowy-budynek-centrum-zyndrama-z-maszkowic-ID4zHw8
2026-02-08 02:12,Pl/UA/RU/ 3-pokoje/ Wroclavia﻿/ PETS FRIENDLY,3550,https://www.otodom.pl/pl/oferta/pl-ua-ru-3-pokoje-wroclavia-pets-friendly-ID4zHwg
2026-02-08 02:12,mieszkanie 3 pokoje dostępne do wynajęcia | centrum,3200,https://www.otodom.pl/pl/oferta/mieszkanie-3-pokoje-dostepne-do-wynajecia-centrum-ID4zHuV
2026-02-08 02:13,Wygodne w wybornej lokalizacji. Obok Sky Tower,2650,https://www.otodom.pl/pl/oferta/wygodne-w-wybornej-lokalizacji-obok-sky-tower-ID4zHq9
2026-02-08 02:13,ul. Młynarska Nowe2022/Garaż,3200,https://www.otodom.pl/pl/oferta/ul-mlynarska-nowe2022-garaz-ID4zHoR
2026-02-08 02:13,"Przestronne 2-pokojowe mieszkanie z tarasem – ul. Partyzantów, Wrocław",2350,https://www.otodom.pl/pl/oferta/przestronne-2-pokojowe-mieszkanie-z-tarasem-ul-partyzantow-wroclaw-ID4zH7n
2026-02-08 02:13,Plac Grunwaldzki Liskego 2 pokoje 43 m2 klimatyzacja,3000,https://www.otodom.pl/pl/oferta/plac-grunwaldzki-liskego-2-pokoje-43-m2-klimatyzacja-ID4vFHc
2026-02-08 02:13,KAWALERKA/36M2/MUCHOBÓR/FASHION OUTLET,2400,https://www.otodom.pl/pl/oferta/kawalerka-36m2-muchobor-fashion-outlet-ID4zjBB
2026-02-08 02:14,Piękne mieszkanie do wynajęcia!,3200,https://www.otodom.pl/pl/oferta/piekne-mieszkanie-do-wynajecia-ID4zGY0
2026-02-08 02:14,2 pokoje z ogródkiem I miesjce postojowe I kameralne osiedle,2950,https://www.otodom.pl/pl/oferta/2-pokoje-z-ogrodkiem-i-miesjce-postojowe-i-kameralne-osiedle-ID4y6NJ
2026-02-08 02:14,Apartament w willi na Borku|Zamykane osiedle|,7500,https://www.otodom.pl/pl/oferta/apartament-w-willi-na-borku-zamykane-osiedle-ID4xZYX
2026-02-08 02:14,Przytulne mieszkanie  przy rzece/Centrum,3000,https://www.otodom.pl/pl/oferta/przytulne-mieszkanie-przy-rzece-centrum-ID4xWkR
2026-02-08 02:14,Słoneczny apartament w nowoczesnej willi miejskiej,4400,https://www.otodom.pl/pl/oferta/sloneczny-apartament-w-nowoczesnej-willi-miejskiej-ID4knMf
2026-02-08 02:14,Nowe umeblowane 3 pokojowe + garaż + ogródek,4200,https://www.otodom.pl/pl/oferta/nowe-umeblowane-3-pokojowe-garaz-ogrodek-ID4zGUw
2026-02-08 02:14,Wynajmę piękne mieszkanie w cichej i spokojnej dzielnicy,2300,https://www.otodom.pl/pl/oferta/wynajme-piekne-mieszkanie-w-cichej-i-spokojnej-dzielnicy-ID4zGQN
2026-02-08 02:15,Kawalerka Angel city ul.Walońska 28m2 Rynek Uniwersytet plc grunwaldzk,2400,https://www.otodom.pl/pl/oferta/kawalerka-angel-city-ul-walonska-28m2-rynek-uniwersytet-plc-grunwaldzk-ID4zGQn
2026-02-08 02:15,"Nowe, słoneczne mieszkanie 2-pok. z m. postojowym-Jagodno",3000,https://www.otodom.pl/pl/oferta/nowe-sloneczne-mieszkanie-2-pok-z-m-postojowym-jagodno-ID4zGE3
2026-02-08 02:15,Dostępne od zaraz | Bezpośrednio| Centrum I Nowe,3086,https://www.otodom.pl/pl/oferta/dostepne-od-zaraz-bezposrednio-centrum-i-nowe-ID4yzB1
2026-02-08 02:15,Wrocław! ul. Graniczna! 2-pok! 49m2! Factory! Od zaraz!,3000,https://www.otodom.pl/pl/oferta/wroclaw-ul-graniczna-2-pok-49m2-factory-od-zaraz-ID4oNLV
2026-02-08 02:15,"Piętro willi, Sołtysowice, 2800+liczniki 80mkw",2800,https://www.otodom.pl/pl/oferta/pietro-willi-soltysowice-2800-liczniki-80mkw-ID4y4hp
2026-02-08 02:16,"3 pok.71m2 garaż, piwnica, balkon, kom.lok 12m2",3950,https://www.otodom.pl/pl/oferta/3-pok-71m2-garaz-piwnica-balkon-kom-lok-12m2-ID4wE4l
2026-02-08 02:16,NOWE | Pierwszy najem | 3 pokoje | Zakrzów | Bezpośrednio,3200,https://www.otodom.pl/pl/oferta/nowe-pierwszy-najem-3-pokoje-zakrzow-bezposrednio-ID4zGxv
2026-02-08 02:16,Borowska vis a vis szpitala,3500,https://www.otodom.pl/pl/oferta/borowska-vis-a-vis-szpitala-ID4yz2H
2026-02-08 02:16,2 łazienki/zjawiskowy widok/Lux,10900,https://www.otodom.pl/pl/oferta/2-lazienki-zjawiskowy-widok-lux-ID4wagY
2026-02-08 02:16,OD ZARAZ | Garderoba | Internet | CH Wroclavia | Komórka lokatorska,2799,https://www.otodom.pl/hpr/pl/oferta/od-zaraz-garderoba-internet-ch-wroclavia-komorka-lokatorska-ID4zCeg
2026-02-08 02:17,Apartament 105 m² | Balkon | Garaż | Krzyki-Borek,4400,https://www.otodom.pl/pl/oferta/apartament-105-m-balkon-garaz-krzyki-borek-ID4yspV
2026-02-08 02:17,Stylowy apartament w centrum Wrocławia,4300,https://www.otodom.pl/pl/oferta/stylowy-apartament-w-centrum-wroclawia-ID4yTNQ
2026-02-08 02:17,"2 Pokoje, Pierwszy Najem, Bez Prowizji, Dostępne od Zaraz",3000,https://www.otodom.pl/pl/oferta/2-pokoje-pierwszy-najem-bez-prowizji-dostepne-od-zaraz-ID4zGpv
2026-02-08 02:17,"Bez pośredników! - 2 pokoje, balkon, garaż; PL/ENG",2700,https://www.otodom.pl/pl/oferta/bez-posrednikow-2-pokoje-balkon-garaz-pl-eng-ID4l6ps
2026-02-08 02:17,Media Miejskie Winda Balkon M.Parkingowe  Tramwaj Nad Odrą Komfortowe,2800,https://www.otodom.pl/pl/oferta/media-miejskie-winda-balkon-m-parkingowe-tramwaj-nad-odra-komfortowe-ID4zGl8
2026-02-08 02:18,Balkon Klima M. Parkingowe Rowerownia Kameralnie Widok na Zieleń,4000,https://www.otodom.pl/pl/oferta/balkon-klima-m-parkingowe-rowerownia-kameralnie-widok-na-zielen-ID4zGiN
2026-02-08 02:18,Na wynajem 3 pokoje - ul. Powstańców Śląskich,2800,https://www.otodom.pl/pl/oferta/na-wynajem-3-pokoje-ul-powstancow-slaskich-ID4zGes
2026-02-08 02:18,3 pokoje/Rynek Wrocław/duży taras,5000,https://www.otodom.pl/pl/oferta/3-pokoje-rynek-wroclaw-duzy-taras-ID4z1cz
2026-02-08 02:18,Ekskluzywny Apartament / Bez prowizji / Stare miasto,3499,https://www.otodom.pl/pl/oferta/ekskluzywny-apartament-bez-prowizji-stare-miasto-ID4zG1t
2026-02-08 02:18,Kawalerka | Daszyńskiego | Bez prowizji,2200,https://www.otodom.pl/pl/oferta/kawalerka-daszynskiego-bez-prowizji-ID4zFNf
2026-02-08 02:18,Centrum | Garderoba | 2 łazienki | 2 balkony | 3 pokoje,5500,https://www.otodom.pl/pl/oferta/centrum-garderoba-2-lazienki-2-balkony-3-pokoje-ID4ycu4
2026-02-08 02:19,Kawalerka w prestiżowej lokalizacji – Angel River,2700,https://www.otodom.pl/pl/oferta/kawalerka-w-prestizowej-lokalizacji-angel-river-ID4yf9z
2026-02-08 02:19,wyjątkowe mieszkanie w kameralnym budynku | okolice Sky Tower,3500,https://www.otodom.pl/pl/oferta/wyjatkowe-mieszkanie-w-kameralnym-budynku-okolice-sky-tower-ID4ybZL
2026-02-08 02:19,Apartament z tarasem w OVO Pl. Dominikański,2250,https://www.otodom.pl/pl/oferta/apartament-z-tarasem-w-ovo-pl-dominikanski-ID4y8gW
2026-02-08 02:19,Przestronne 3-pokojowe mieszkanie Ul. Słowiańska,2700,https://www.otodom.pl/pl/oferta/przestronne-3-pokojowe-mieszkanie-ul-slowianska-ID4pVBG
2026-02-08 02:19,"2-pok. 47m2, balkon, piwnica, Zatorska, Zakrzów",2300,https://www.otodom.pl/pl/oferta/2-pok-47m2-balkon-piwnica-zatorska-zakrzow-ID4zFRf
2026-02-08 02:19,2 pokojowe mieszkanie na Krzykach do wynajęcia,2650,https://www.otodom.pl/pl/oferta/2-pokojowe-mieszkanie-na-krzykach-do-wynajecia-ID4zFR2
2026-02-08 02:20,"Nowy apartament – ATAL City Square, ul. Madalińskiego - Pet friendly!",2399,https://www.otodom.pl/pl/oferta/nowy-apartament-atal-city-square-ul-madalinskiego-pet-friendly-ID4zFQY
2026-02-08 02:20,Kawalerka od teraz – ATAL City Square - Pet friendly!,1999,https://www.otodom.pl/pl/oferta/kawalerka-od-teraz-atal-city-square-pet-friendly-ID4zFPY
2026-02-08 02:20,2 pok/ Angel City/ Parking/ SPA & GYM/ Klimatyzacja/ Balkon,3300,https://www.otodom.pl/pl/oferta/2-pok-angel-city-parking-spa-gym-klimatyzacja-balkon-ID4zFO0
2026-02-08 02:20,Do wynajęcia kawalerka z miejscem garażowym,2500,https://www.otodom.pl/pl/oferta/do-wynajecia-kawalerka-z-miejscem-garazowym-ID4yWmS
2026-02-08 02:20,Klimatyczne apartamenty w sercu zielonych Karłowic Arche Klasztor,2500,https://www.otodom.pl/pl/oferta/klimatyczne-apartamenty-w-sercu-zielonych-karlowic-arche-klasztor-ID4zBhV
2026-02-08 02:20,Wrocław Krzyki Kawalerka do wynajęcia Powstańców Śląskich,2300,https://www.otodom.pl/pl/oferta/wroclaw-krzyki-kawalerka-do-wynajecia-powstancow-slaskich-ID4zFKM
2026-02-08 02:21,W ścisłym centrum I Brak prowizji I Zwierzęta mile widziane I Nowe,3115,https://www.otodom.pl/pl/oferta/w-scislym-centrum-i-brak-prowizji-i-zwierzeta-mile-widziane-i-nowe-ID4yxYu
2026-02-08 02:21,2 pokoje zaraz obok Rynku | od marca | tanio,2400,https://www.otodom.pl/pl/oferta/2-pokoje-zaraz-obok-rynku-od-marca-tanio-ID4ziVD
2026-02-08 02:21,Drabika | 2 pok | Pierwszy najem | Balkon,2600,https://www.otodom.pl/pl/oferta/drabika-2-pok-pierwszy-najem-balkon-ID4rXgZ
2026-02-08 02:21,Lux2pok. Księcia Witolda Kępa Mieszczańska Rynek,3200,https://www.otodom.pl/pl/oferta/lux2pok-ksiecia-witolda-kepa-mieszczanska-rynek-ID4zFIf
2026-02-08 02:21,BEZ prowizji Stylowy apartament | elegancki desig,2800,https://www.otodom.pl/pl/oferta/bez-prowizji-stylowy-apartament-elegancki-desig-ID4zFHz
2026-02-08 02:22,Nowoczesne 3-pokojowe mieszkanie w centrum Wrocławia,3200,https://www.otodom.pl/pl/oferta/nowoczesne-3-pokojowe-mieszkanie-w-centrum-wroclawia-ID4zFG3
2026-02-08 02:22,2 Pokojowe 45 m2|Leśnica|Wolne Od Zaraz|,2500,https://www.otodom.pl/pl/oferta/2-pokojowe-45-m2-lesnica-wolne-od-zaraz-ID4zFFi
2026-02-08 02:22,Pełny rozkład - przy rzece - umeblowane,2800,https://www.otodom.pl/pl/oferta/pelny-rozklad-przy-rzece-umeblowane-ID4zFDl
2026-02-08 02:22,PL/UA/RU/ LUX/ Ovo/ Centrum/ DoubleTree/ 2 pok,3300,https://www.otodom.pl/pl/oferta/pl-ua-ru-lux-ovo-centrum-doubletree-2-pok-ID4zFCP
2026-02-08 02:22,"WYNAJMĘ mieszkanie 48,5m, 2p. Wrocław - Zakrzów",2400,https://www.otodom.pl/pl/oferta/wynajme-mieszkanie-48-5m-2p-wroclaw-zakrzow-ID4qbBW
2026-02-08 02:23,Pl/UA/RU/ 2 pokojowe / Krakowska﻿/ Wysoki standard,2850,https://www.otodom.pl/pl/oferta/pl-ua-ru-2-pokojowe-krakowska-wysoki-standard-ID4zFBS
2026-02-08 02:23,PL|UA|RU|| 42 m2| ATAL TOWERS| Centrum,3200,https://www.otodom.pl/pl/oferta/pl-ua-ru-42-m2-atal-towers-centrum-ID4zFAF
2026-02-08 02:23,Hit! Nowoczesne mieszkanie przy SkyTower,2900,https://www.otodom.pl/pl/oferta/hit-nowoczesne-mieszkanie-przy-skytower-ID4zFyJ
2026-02-08 02:23,Apartament 105 m² | Balkon | Garaż | Krzyki-Borek,4400,https://www.otodom.pl/hpr/pl/oferta/apartament-105-m-balkon-garaz-krzyki-borek-ID4yspV
2026-02-08 02:23,"3pokojowe mieszkanie | Wrocław | Port Popowice | 55 m² | Balkon, Garaż",3800,https://www.otodom.pl/pl/oferta/3pokojowe-mieszkanie-wroclaw-port-popowice-55-m-balkon-garaz-ID4zFyu
2026-02-08 02:24,Wynajmę umeblowaną kawalerkę 25m2,1950,https://www.otodom.pl/pl/oferta/wynajme-umeblowana-kawalerke-25m2-ID4ogNV
2026-02-08 02:24,Bulwary Książęce | Wyjatkowy Widok | Taras 90 m2,11900,https://www.otodom.pl/pl/oferta/bulwary-ksiazece-wyjatkowy-widok-taras-90-m2-ID4zFoj
2026-02-08 02:24,Całkiem Nowe | Wysoki Standard | Wuwa,6500,https://www.otodom.pl/pl/oferta/calkiem-nowe-wysoki-standard-wuwa-ID4zFlW
2026-02-08 02:24,Komfortowe 2-pokojowe mieszkanie z dużym ogrodem | Wysoki standard,3400,https://www.otodom.pl/pl/oferta/komfortowe-2-pokojowe-mieszkanie-z-duzym-ogrodem-wysoki-standard-ID4zFkR
2026-02-08 02:24,"Piękna, praktyczna 26 m2, wyposażona, od zaraz",2100,https://www.otodom.pl/pl/oferta/piekna-praktyczna-26-m2-wyposazona-od-zaraz-ID4zFjy
2026-02-08 02:25,"Komfortowe, dwupokojowe mieszkanie - ul. Powstańców Śląskich",2250,https://www.otodom.pl/pl/oferta/komfortowe-dwupokojowe-mieszkanie-ul-powstancow-slaskich-ID4yEvp
2026-02-08 02:25,Suterena ✨ Po remoncie ✨  Ogródek ✨  Parking ✨,2200,https://www.otodom.pl/pl/oferta/suterena-po-remoncie-ogrodek-parking-ID4zFcP
2026-02-08 02:25,2 pokoje| osobna kuchnia | centrum |Komandorska,2700,https://www.otodom.pl/pl/oferta/2-pokoje-osobna-kuchnia-centrum-komandorska-ID4zF4Q
2026-02-08 02:25,Mieszkanie na wynajem Białowieska|blisko Magnolii,2700,https://www.otodom.pl/pl/oferta/mieszkanie-na-wynajem-bialowieska-blisko-magnolii-ID4zF4L
2026-02-08 02:25,Stylowe mieszkanie 76 m²  | 2 pokoje | Wojnów,3500,https://www.otodom.pl/pl/oferta/stylowe-mieszkanie-76-m-2-pokoje-wojnow-ID4z1tT
2026-02-08 02:25,Mieszkanie na wynajem Centrum Akademickie,1900,https://www.otodom.pl/pl/oferta/mieszkanie-na-wynajem-centrum-akademickie-ID4zEYg
2026-02-08 02:26,Mieszkanie na wynajem - możliwość negocjacji ceny,2500,https://www.otodom.pl/pl/oferta/mieszkanie-na-wynajem-mozliwosc-negocjacji-ceny-ID4zEVT
2026-02-08 02:26,2 sypialnie - Nowe budownictwo - 2 balkony,4000,https://www.otodom.pl/pl/oferta/2-sypialnie-nowe-budownictwo-2-balkony-ID4zDTK
2026-02-08 02:26,"Mieszkanie, 14,43 m², Wrocław",2000,https://www.otodom.pl/pl/oferta/mieszkanie-14-43-m-wroclaw-ID4zEWX
2026-02-08 02:26,Stare Miasto I 2 pokoje I Rozkład I,2000,https://www.otodom.pl/pl/oferta/stare-miasto-i-2-pokoje-i-rozklad-i-ID4yzTh
2026-02-08 02:26,ul.Mieszczańska 59m2 3pok 4200zł  wysoki standard,4200,https://www.otodom.pl/pl/oferta/ul-mieszczanska-59m2-3pok-4200zl-wysoki-standard-ID4ywsu
2026-02-08 02:26,OGRODY HALLERA/TARAS/GARAŻ/DUŻE/PRZYSTANEK/PRESTIŻ/KLIMA/KRZYKI/NOWE,5000,https://www.otodom.pl/pl/oferta/ogrody-hallera-taras-garaz-duze-przystanek-prestiz-klima-krzyki-nowe-ID4zhQJ
2026-02-08 02:27,"Strońska, CH FerioGaj, 2 pokoje,osobna kuchnia",2400,https://www.otodom.pl/pl/oferta/stronska-ch-feriogaj-2-pokoje-osobna-kuchnia-ID4zEQn
2026-02-08 02:27,Nowoczesne 2-pokojowe mieszkanie z balkonem,3200,https://www.otodom.pl/pl/oferta/nowoczesne-2-pokojowe-mieszkanie-z-balkonem-ID4zAkn
2026-02-08 02:27,Bez prowizji I Niska kaucja I Ścisłe centrum I Nowe,3031,https://www.otodom.pl/pl/oferta/bez-prowizji-i-niska-kaucja-i-scisle-centrum-i-nowe-ID4yxKt
2026-02-08 02:27,Na wynajem kawalerka we Wrocławiu | Śródmieście | k. Legnicka |,2000,https://www.otodom.pl/pl/oferta/na-wynajem-kawalerka-we-wroclawiu-srodmiescie-k-legnicka-ID4zzDy
2026-02-08 02:27,2-pokojowe mieszkanie ul.Szybowcowa OD ZARAZ!,2450,https://www.otodom.pl/pl/oferta/2-pokojowe-mieszkanie-ul-szybowcowa-od-zaraz-ID4kb0K
2026-02-08 02:27,"2-pokojowe mieszkanie 33 m² z dużym balkonem | Osiedle Oaza, ul. Nyska",2400,https://www.otodom.pl/pl/oferta/2-pokojowe-mieszkanie-33-m-z-duzym-balkonem-osiedle-oaza-ul-nyska-ID4zEGZ
2026-02-08 02:28,2 pokojowe rozkładowe PL/UA/ENG,1800,https://www.otodom.pl/pl/oferta/2-pokojowe-rozkladowe-pl-ua-eng-ID4zEFE
2026-02-08 02:28,Port Popowice Białowieska 1pokój + 1pokój  + kuchnia -51 m2 od zaraz,3300,https://www.otodom.pl/pl/oferta/port-popowice-bialowieska-1pokoj-1pokoj-kuchnia-51-m2-od-zaraz-ID4zEFh
2026-02-08 02:28,Mieszkanie w samym sercu miasta Rynek 8,4500,https://www.otodom.pl/pl/oferta/mieszkanie-w-samym-sercu-miasta-rynek-8-ID4zEBW
2026-02-08 02:28,Nowoczesna kawalerka 30m2,2400,https://www.otodom.pl/pl/oferta/nowoczesna-kawalerka-30m2-ID4zEA3
2026-02-08 02:28,Jasne mieszkanie po remoncie- Pilczyce-ul.Gwarecka,2490,https://www.otodom.pl/pl/oferta/jasne-mieszkanie-po-remoncie-pilczyce-ul-gwarecka-ID4z86G
2026-02-08 02:29,Mieszkanie na wynajem 39m2 NOWE,2800,https://www.otodom.pl/pl/oferta/mieszkanie-na-wynajem-39m2-nowe-ID4sVJl
2026-02-08 02:29,"Mieszkanie, 45 m², Wrocław",2800,https://www.otodom.pl/pl/oferta/mieszkanie-45-m-wroclaw-ID4xIdf
2026-02-08 02:29,"Mieszkanie na wynajem, Wrocław, 2 pokoje",3000,https://www.otodom.pl/pl/oferta/mieszkanie-na-wynajem-wroclaw-2-pokoje-ID4z5TB
2026-02-08 02:29,3 pok / Osobna kuchnia / Prywatny ogród / Parking,3800,https://www.otodom.pl/pl/oferta/3-pok-osobna-kuchnia-prywatny-ogrod-parking-ID4zEwJ
2026-02-08 02:29,"2 pokoje, pierwszy najem, BEZ PROWIZJI!",2600,https://www.otodom.pl/pl/oferta/2-pokoje-pierwszy-najem-bez-prowizji-ID4xVkg
2026-02-08 02:29,Wrocław Sienkiewicza – 2 pokoje blisko centrum,1800,https://www.otodom.pl/pl/oferta/wroclaw-sienkiewicza-2-pokoje-blisko-centrum-ID4ySmp
2026-02-08 02:30,3-pokojowe mieszkanie|ANGEL CITY|sauna|siłownia|,4000,https://www.otodom.pl/pl/oferta/3-pokojowe-mieszkanie-angel-city-sauna-silownia-ID4zEti
2026-02-08 02:30,"3pokojowe mieszkanie | Wrocław | Port Popowice | 55 m² | Balkon, Garaż",3800,https://www.otodom.pl/hpr/pl/oferta/3pokojowe-mieszkanie-wroclaw-port-popowice-55-m-balkon-garaz-ID4zFyu
2026-02-08 02:30,2 Pokoje - 40m2 I Miejsce postojowe I PL. JANA PAWŁA II,3000,https://www.otodom.pl/pl/oferta/2-pokoje-40m2-i-miejsce-postojowe-i-pl-jana-pawla-ii-ID4zEsd
2026-02-08 02:30,Kawalerka przy Centrum Borek,1600,https://www.otodom.pl/pl/oferta/kawalerka-przy-centrum-borek-ID4zEsC
2026-02-08 02:30,Premium apartament na bezpiecznym osiedlu 2023 rok,3250,https://www.otodom.pl/pl/oferta/premium-apartament-na-bezpiecznym-osiedlu-2023-rok-ID4zErx
2026-02-08 02:31,2 Pokoje 40 m2 | Atal Towers | Wolne Od Zaraz,3700,https://www.otodom.pl/pl/oferta/2-pokoje-40-m2-atal-towers-wolne-od-zaraz-ID4zEr3
2026-02-08 02:31,Mieszkanie z niesamowitym widokiem| 2 pokoje | Sikorskiego 13,5000,https://www.otodom.pl/pl/oferta/mieszkanie-z-niesamowitym-widokiem-2-pokoje-sikorskiego-13-ID4zEqT
2026-02-08 02:31,49 m2 | 2 pokoje | Chorwacka | Różanka,2900,https://www.otodom.pl/pl/oferta/49-m2-2-pokoje-chorwacka-rozanka-ID4zEqL
2026-02-08 02:31,"Polecam 2-pokojowe mieszkanie, klima, Kościuszki",3000,https://www.otodom.pl/pl/oferta/polecam-2-pokojowe-mieszkanie-klima-kosciuszki-ID4zEov
2026-02-08 02:31,3 pokoje w rozkładzie - ul. Sienkiewicza,2800,https://www.otodom.pl/pl/oferta/3-pokoje-w-rozkladzie-ul-sienkiewicza-ID4zEnK
2026-02-08 02:31,Kawalerka przy Dmowskiego,2100,https://www.otodom.pl/pl/oferta/kawalerka-przy-dmowskiego-ID4zEnG
2026-02-08 02:32,Kawalerka pierwszy najem!,1950,https://www.otodom.pl/pl/oferta/kawalerka-pierwszy-najem-ID4zEnH
2026-02-08 02:32,Oddzielna kuchnia | Przyjazne zwierzętom,2000,https://www.otodom.pl/pl/oferta/oddzielna-kuchnia-przyjazne-zwierzetom-ID4zEn1
2026-02-08 02:32,al. Jana Matejki|240 m2|6 pokoi i 3 łazienki| 4 miejsca postojowe,13000,https://www.otodom.pl/pl/oferta/al-jana-matejki-240-m2-6-pokoi-i-3-lazienki-4-miejsca-postojowe-ID4zEmt
2026-02-08 02:32,"4-pok mieszkanie ok. 100 m²  z ogrodem, garaż",5000,https://www.otodom.pl/pl/oferta/4-pok-mieszkanie-ok-100-m-z-ogrodem-garaz-ID4zEjE
2026-02-08 02:32,"Przytulne 2 pokojowe mieszkanie, al. Wiśniowa 83a - Brak Prowizji",3350,https://www.otodom.pl/pl/oferta/przytulne-2-pokojowe-mieszkanie-al-wisniowa-83a-brak-prowizji-ID4zwB5
2026-02-08 02:32,Wynajmę 2-pokojowe mieszkanie przy ul. Kłodnickej,2700,https://www.otodom.pl/pl/oferta/wynajme-2-pokojowe-mieszkanie-przy-ul-klodnickej-ID4mARU
2026-02-08 02:33,"3 Pokoje, Osobna Kuchnia",3500,https://www.otodom.pl/pl/oferta/3-pokoje-osobna-kuchnia-ID4zDYe
2026-02-08 02:33,PL | RU | 2-pokojoe | 39 m² | Klimatyzacja | Garderoba | Duży taras,2999,https://www.otodom.pl/pl/oferta/pl-ru-2-pokojoe-39-m-klimatyzacja-garderoba-duzy-taras-ID4zDVL
2026-02-08 02:33,Duża kawalerka centrum+kuchnia + balkon,1970,https://www.otodom.pl/pl/oferta/duza-kawalerka-centrum-kuchnia-balkon-ID4h0gu
2026-02-08 02:33,Kawalerka / Jagiellończyka / Bez prowizji,2200,https://www.otodom.pl/pl/oferta/kawalerka-jagiellonczyka-bez-prowizji-ID4zDOT
2026-02-08 02:34,Sępa Szarzyńskiego / 2 pokoje / Bez prowizji,2600,https://www.otodom.pl/pl/oferta/sepa-szarzynskiego-2-pokoje-bez-prowizji-ID4zDM8
2026-02-08 02:34,"4-pokoje, ul. Świt",5600,https://www.otodom.pl/pl/oferta/4-pokoje-ul-swit-ID4ujbD
2026-02-08 02:34,"4 pokojowe, 2poziomowe,2 garaże 135m2 ul.Saperów",5000,https://www.otodom.pl/pl/oferta/4-pokojowe-2poziomowe-2-garaze-135m2-ul-saperow-ID4zDR2
2026-02-08 02:34,Luksusowy apartament z dużym ogrodem  szkoła Cosmopolitan,8000,https://www.otodom.pl/pl/oferta/luksusowy-apartament-z-duzym-ogrodem-szkola-cosmopolitan-ID4zDQd
2026-02-08 02:34,Możliwość najmu na 6 miesięcy | Pierwszy najem | Garaż,3500,https://www.otodom.pl/pl/oferta/mozliwosc-najmu-na-6-miesiecy-pierwszy-najem-garaz-ID4yUau
2026-02-08 02:35,"Gądów, Skrzydlata, ciepłe, ciche z MP w garażu od zaraz",5000,https://www.otodom.pl/pl/oferta/gadow-skrzydlata-cieple-ciche-z-mp-w-garazu-od-zaraz-ID4zDML
2026-02-08 02:35,2 pokoje na Ołtaszynie|pierwszy najem|przyjazne psom,2500,https://www.otodom.pl/pl/oferta/2-pokoje-na-oltaszynie-pierwszy-najem-przyjazne-psom-ID4zcQO
2026-02-08 02:35,"Do wynajęcia nowoczesne 2-pokojowe mieszkanie w Atal Towers – Wrocław,",4000,https://www.otodom.pl/pl/oferta/do-wynajecia-nowoczesne-2-pokojowe-mieszkanie-w-atal-towers-wroclaw-ID4zz9v
2026-02-08 02:35,Apartament z ogrodem,3400,https://www.otodom.pl/pl/oferta/apartament-z-ogrodem-ID4zDHE
2026-02-08 02:35,Wynajmę kawalerkę - 28 m2,2000,https://www.otodom.pl/pl/oferta/wynajme-kawalerke-28-m2-ID4zDH2
2026-02-08 02:35,"TĘCZOWA, 2 pokoje + osobna kuchnia, 45 m2, miejsce postojowe, od 01.03",3250,https://www.otodom.pl/pl/oferta/teczowa-2-pokoje-osobna-kuchnia-45-m2-miejsce-postojowe-od-01-03-ID4zDGx
2026-02-08 02:36,Wynajmę kawalerke 35m2 Nowy Dwór Wrocław,2200,https://www.otodom.pl/pl/oferta/wynajme-kawalerke-35m2-nowy-dwor-wroclaw-ID4zDE6
2026-02-08 02:36,Przestronne 3-pokojowe mieszkanie z balkonem,3500,https://www.otodom.pl/pl/oferta/przestronne-3-pokojowe-mieszkanie-z-balkonem-ID4zDDO
2026-02-08 02:36,"Mieszkanie na wynajem, 54 m², Wrocław, Centrum",3000,https://www.otodom.pl/pl/oferta/mieszkanie-na-wynajem-54-m-wroclaw-centrum-ID3GlVM
2026-02-08 02:36,Mieszkanie 2 pokojowe ul. Kamieńskiego,2300,https://www.otodom.pl/pl/oferta/mieszkanie-2-pokojowe-ul-kamienskiego-ID4zDqj
2026-02-08 02:36,"3 pokoje, oddzielna kuchnia, Krzycka, 62m2",2050,https://www.otodom.pl/pl/oferta/3-pokoje-oddzielna-kuchnia-krzycka-62m2-ID2FADq
2026-02-08 02:36,"Do wynajęcia mieszkanie 55m, 3 pokoje, ul. Zdrowa",3200,https://www.otodom.pl/pl/oferta/do-wynajecia-mieszkanie-55m-3-pokoje-ul-zdrowa-ID4zDlL
2026-02-08 02:37,2 Pokoje - 40m2 I Miejsce postojowe I PL. JANA PAWŁA II,3000,https://www.otodom.pl/hpr/pl/oferta/2-pokoje-40m2-i-miejsce-postojowe-i-pl-jana-pawla-ii-ID4zEsd
2026-02-08 02:37,4 pokoje na Ołtaszynie|2 tarasy|2 miejsca postojowe,10000,https://www.otodom.pl/pl/oferta/4-pokoje-na-oltaszynie-2-tarasy-2-miejsca-postojowe-ID4yYls
2026-02-08 02:37,"Duże, jasne 3 pokoje od zaraz, centrum, doskonała lokalizacja",2800,https://www.otodom.pl/pl/oferta/duze-jasne-3-pokoje-od-zaraz-centrum-doskonala-lokalizacja-ID4yWps
2026-02-08 02:37,Mieszkanie 3-pok. Wynajem/FOR RENT 3-rooms 61m2 KRZYKI-Wrocław,3600,https://www.otodom.pl/pl/oferta/mieszkanie-3-pok-wynajem-for-rent-3-rooms-61m2-krzyki-wroclaw-ID4zDfj
2026-02-08 02:37,3-pok Ogródek od zaraz super osiedle ul. Unruga Parking Klima 0 % PRO,5500,https://www.otodom.pl/pl/oferta/3-pok-ogrodek-od-zaraz-super-osiedle-ul-unruga-parking-klima-0-pro-ID4zDbV
2026-02-08 02:37,"3pok, winda,klima,balkon,ogród,parking",3500,https://www.otodom.pl/pl/oferta/3pok-winda-klima-balkon-ogrod-parking-ID4zDaJ
2026-02-08 02:38,"Kawalerka, nowe meble i AGD, miejsce parkingowe, piwnica",2350,https://www.otodom.pl/pl/oferta/kawalerka-nowe-meble-i-agd-miejsce-parkingowe-piwnica-ID4zD9Z
2026-02-08 02:38,3 Pokoje 57 m2 | Nowe | Kępa Mieszczańska,6500,https://www.otodom.pl/pl/oferta/3-pokoje-57-m2-nowe-kepa-mieszczanska-ID4zD74
2026-02-08 02:38,Studio#Plac Dominikański#Rynek#Centrum,2550,https://www.otodom.pl/pl/oferta/studio-plac-dominikanski-rynek-centrum-ID4zD4l
2026-02-08 02:38,2 pok#Centrum#Krawiecka#Plac Dominikański,3250,https://www.otodom.pl/pl/oferta/2-pok-centrum-krawiecka-plac-dominikanski-ID4zD4d
2026-02-08 02:38,Kawalerka Na Grobli cicha i spokojna okolica klima schowek Faktura VAT,2000,https://www.otodom.pl/pl/oferta/kawalerka-na-grobli-cicha-i-spokojna-okolica-klima-schowek-faktura-vat-ID4yh5f
2026-02-08 02:39,Nowoczesne mieszkanie 3-pokojowe w Śródmieściu,4500,https://www.otodom.pl/pl/oferta/nowoczesne-mieszkanie-3-pokojowe-w-srodmiesciu-ID4zD0L
2026-02-08 02:39,"Wrocław/Krzyki;mieszkanie willowe, 4 pokoje",4500,https://www.otodom.pl/pl/oferta/wroclaw-krzykimieszkanie-willowe-4-pokoje-ID4zCWH
2026-02-08 02:39,Eleganckie studio. Nowe budownictwo. Na już.,2250,https://www.otodom.pl/pl/oferta/eleganckie-studio-nowe-budownictwo-na-juz-ID4vGWH
2026-02-08 02:39,"Kawalerka do wynajęcia, 36 m2, osobna kuchnia, od stycznia!",1600,https://www.otodom.pl/pl/oferta/kawalerka-do-wynajecia-36-m2-osobna-kuchnia-od-stycznia-ID4yRxR
2026-02-08 02:39,"Wynajmę 2pok. 47m2, garaż, ok. Rynku i Odry, bezpośrednio",2800,https://www.otodom.pl/pl/oferta/wynajme-2pok-47m2-garaz-ok-rynku-i-odry-bezposrednio-ID4idCt
2026-02-08 02:39,"ul. Mińska/ Godlewskiego, dostępne od zaraz",2700,https://www.otodom.pl/pl/oferta/ul-minska-godlewskiego-dostepne-od-zaraz-ID4zCR0
2026-02-08 02:40,Wynajem 2pokojowe mieszkanie 50 m² | Winda | Garaż | Komórka | Wrocław,2600,https://www.otodom.pl/pl/oferta/wynajem-2pokojowe-mieszkanie-50-m-winda-garaz-komorka-wroclaw-ID4zCO5
2026-02-08 02:40,"Mieszkanie, 43 m², Wrocław",3000,https://www.otodom.pl/pl/oferta/mieszkanie-43-m-wroclaw-ID4zCJn
2026-02-08 02:40,2 pokoje w Centrum + garaż podziemny,4000,https://www.otodom.pl/pl/oferta/2-pokoje-w-centrum-garaz-podziemny-ID4z9JA
2026-02-08 02:40,"3 pokoje, południe Wrocławia ul Szparagowa",2900,https://www.otodom.pl/pl/oferta/3-pokoje-poludnie-wroclawia-ul-szparagowa-ID4oYfN
2026-02-08 02:40,Mieszkanie do wynajęcia Wrocław ul. Międzyleska osiedle Tarnogaj,3000,https://www.otodom.pl/pl/oferta/mieszkanie-do-wynajecia-wroclaw-ul-miedzyleska-osiedle-tarnogaj-ID4yT6M
2026-02-08 02:41,Wyjątkowe Mieszkanie ul. Jutrzenki Klima*Garaż od 1 Lutego 2026,6500,https://www.otodom.pl/pl/oferta/wyjatkowe-mieszkanie-ul-jutrzenki-klimagaraz-od-1-lutego-2026-ID4zCIF
2026-02-08 02:41,0 % PRO Duża Kawalerka36m2 osobna kuchnia ul. Powiewna Krzyki od zaraz,1900,https://www.otodom.pl/pl/oferta/0-pro-duza-kawalerka36m2-osobna-kuchnia-ul-powiewna-krzyki-od-zaraz-ID4zCHY
2026-02-08 02:41,2 pokoje dostępne od zaraz,2600,https://www.otodom.pl/pl/oferta/2-pokoje-dostepne-od-zaraz-ID4zCHn
2026-02-08 02:41,Polecam na wynajem mieszkanie 2 pokojowe   bezpośrednio,2700,https://www.otodom.pl/pl/oferta/polecam-na-wynajem-mieszkanie-2-pokojowe-bezposrednio-ID4ji1E
2026-02-08 02:41,"Mieszkanie 3-pokojowe, balkon, ul. Pułtuska",2300,https://www.otodom.pl/pl/oferta/mieszkanie-3-pokojowe-balkon-ul-pultuska-ID4zCFW
2026-02-08 02:41,"2 pokoje z oddzielną kuchnią, obok parku",2500,https://www.otodom.pl/pl/oferta/2-pokoje-z-oddzielna-kuchnia-obok-parku-ID4zCFy
2026-02-08 02:42,"PL/UA/RU LUX/ Mieszczańska/ SPA, GYM",3000,https://www.otodom.pl/pl/oferta/pl-ua-ru-lux-mieszczanska-spa-gym-ID4zCDf
2026-02-08 02:42,Mieszkanie Premium 2 pokoje - Planty Racławickie,3600,https://www.otodom.pl/pl/oferta/mieszkanie-premium-2-pokoje-planty-raclawickie-ID4zCCe
2026-02-08 02:42,Mikroapartamenty przy PKP ul. Stawowa /Rejtana Najem  średnioterminowy,3000,https://www.otodom.pl/pl/oferta/mikroapartamenty-przy-pkp-ul-stawowa-rejtana-najem-srednioterminowy-ID4zCBU
2026-02-08 02:42,PRZYTULNE MIESZKANIE 2-POKOJOWE W KAMIENICY NA WROCŁAWSKIM BORKU,3100,https://www.otodom.pl/pl/oferta/przytulne-mieszkanie-2-pokojowe-w-kamienicy-na-wroclawskim-borku-ID4zCBg
2026-02-08 02:42,Od 1 lutego Przestronne 5 pokoi Dwupoziomowe Balkon Garaż,5700,https://www.otodom.pl/pl/oferta/od-1-lutego-przestronne-5-pokoi-dwupoziomowe-balkon-garaz-ID4zCzZ
2026-02-08 02:42,Designerskie mieszkanie 90m2 + 2MP + Traras!,5500,https://www.otodom.pl/pl/oferta/designerskie-mieszkanie-90m2-2mp-traras-ID4yIsc
2026-02-08 02:43,Przestronne 3 pokoje ponad 80m2 Garaż Taras OKAZJA,3800,https://www.otodom.pl/pl/oferta/przestronne-3-pokoje-ponad-80m2-garaz-taras-okazja-ID4zCyW
2026-02-08 02:43,"Studio, 4,6 m wysokości z antresolą. Pierwszy najem.",3500,https://www.otodom.pl/pl/oferta/studio-4-6-m-wysokosci-z-antresola-pierwszy-najem-ID4yT4m
2026-02-08 02:43,Wolne od zaraz SAMO CENTRUM Garaż Balkon,4000,https://www.otodom.pl/pl/oferta/wolne-od-zaraz-samo-centrum-garaz-balkon-ID4zCy7
2026-02-08 02:43,4 pokoje na Ołtaszynie|2 tarasy|2 miejsca postojowe,10000,https://www.otodom.pl/hpr/pl/oferta/4-pokoje-na-oltaszynie-2-tarasy-2-miejsca-postojowe-ID4yYls
2026-02-08 02:43,Wrocław Krzyki/Stare Miasto Lubuska winda/balkon,2180,https://www.otodom.pl/pl/oferta/wroclaw-krzyki-stare-miasto-lubuska-winda-balkon-ID4zCxY
2026-02-08 02:44,2 pokoje|Przyjaźni|garaż|balkon,3250,https://www.otodom.pl/pl/oferta/2-pokoje-przyjazni-garaz-balkon-ID4zCna
2026-02-08 02:44,Unikatowy apartament Młyn Maria_Ostrów Tumski,3250,https://www.otodom.pl/pl/oferta/unikatowy-apartament-mlyn-maria-ostrow-tumski-ID4z1tw
2026-02-08 02:44,Kawalerka w centrum Wrocławia,2300,https://www.otodom.pl/pl/oferta/kawalerka-w-centrum-wroclawia-ID4ycuM
2026-02-08 02:44,"ul. Pucka, mieszkanie wynajem 3 pokoje, parking",4000,https://www.otodom.pl/pl/oferta/ul-pucka-mieszkanie-wynajem-3-pokoje-parking-ID4nmr7
2026-02-08 02:44,2-pokojowe mieszkanie z dużym tarasem Zakładowa,2600,https://www.otodom.pl/pl/oferta/2-pokojowe-mieszkanie-z-duzym-tarasem-zakladowa-ID4zCet
2026-02-08 02:44,"Mieszkanie ,Kawalerka z balkonem",2400,https://www.otodom.pl/pl/oferta/mieszkanie-kawalerka-z-balkonem-ID4zCdV
2026-02-08 02:45,Studio w Angel River | taras | Spa&Gym,2700,https://www.otodom.pl/pl/oferta/studio-w-angel-river-taras-spa-gym-ID4zCdy
2026-02-08 02:45,Dwupoziomowe 3-pokojowe mieszkanie z 2 łazienkami,3199,https://www.otodom.pl/pl/oferta/dwupoziomowe-3-pokojowe-mieszkanie-z-2-lazienkami-ID4zCdf
2026-02-08 02:45,Pełen rozkład 3 pok. | umeblowane | Przy Pkp,2900,https://www.otodom.pl/pl/oferta/pelen-rozklad-3-pok-umeblowane-przy-pkp-ID4zCdb
2026-02-08 02:45,"Wyjątkowy apartament z widokiem na rzekę – Angel Wings, Walońska",4490,https://www.otodom.pl/pl/oferta/wyjatkowy-apartament-z-widokiem-na-rzeke-angel-wings-walonska-ID4yol6
2026-02-08 02:45,Wełniana Stabłowice 2 pokoje nowy blok 2023,2800,https://www.otodom.pl/pl/oferta/welniana-stablowice-2-pokoje-nowy-blok-2023-ID4zC8B
2026-02-08 02:46,REZERWACJA! Mieszkanie w prestiżowej lokalizacji | Kępa Mieszczańska,3500,https://www.otodom.pl/pl/oferta/rezerwacja-mieszkanie-w-prestizowej-lokalizacji-kepa-mieszczanska-ID4yPpH
2026-02-08 02:46,Ciche 2 niezależne pokoje z oddzielna kuchnią / pełen rozkład,2200,https://www.otodom.pl/pl/oferta/ciche-2-niezalezne-pokoje-z-oddzielna-kuchnia-pelen-rozklad-ID4zC7g
2026-02-08 02:46,Jana Pawła II| 3pokoje|wysoki standard|2 miejsca postojowe|od zaraz,6200,https://www.otodom.pl/pl/oferta/jana-pawla-ii-3pokoje-wysoki-standard-2-miejsca-postojowe-od-zaraz-ID4yykh
2026-02-08 02:46,Krzyki/Kawalerka/Balkon,2000,https://www.otodom.pl/pl/oferta/krzyki-kawalerka-balkon-ID4zC4z
2026-02-08 02:46,Duża wygodna i dobrze wyposażona kawalerka,2600,https://www.otodom.pl/pl/oferta/duza-wygodna-i-dobrze-wyposazona-kawalerka-ID4pQ42
2026-02-08 02:47,Na wynajem 2 pok. w rozkładzie B.Krzywoustego,2500,https://www.otodom.pl/pl/oferta/na-wynajem-2-pok-w-rozkladzie-b-krzywoustego-ID4z9n9
2026-02-08 02:47,"Borek | 3 pokoje | 70,33 m2 | Pewny najem",4500,https://www.otodom.pl/pl/oferta/borek-3-pokoje-70-33-m2-pewny-najem-ID4zaCX
2026-02-08 02:47,2 Pokoje | ul. Rumiankowa | Z Dużym Ogrodem i Garderobą,2800,https://www.otodom.pl/pl/oferta/2-pokoje-ul-rumiankowa-z-duzym-ogrodem-i-garderoba-ID4zBWG
2026-02-08 02:47,"Dwupokojowe mieszkanie, 40 m², ul. Litewska",2100,https://www.otodom.pl/pl/oferta/dwupokojowe-mieszkanie-40-m-ul-litewska-ID3Yvd6
2026-02-08 02:47,Stylowe 2-pokojowe mieszkanie w centrum,3200,https://www.otodom.pl/pl/oferta/stylowe-2-pokojowe-mieszkanie-w-centrum-ID4zBWQ
2026-02-08 02:47,"Oryginalny Apartament , widok na Ostrów Tumski!",3200,https://www.otodom.pl/pl/oferta/oryginalny-apartament-widok-na-ostrow-tumski-ID4zxcl
2026-02-08 02:48,Nowoczesny apartament w budynku Marina nad Odrą,8100,https://www.otodom.pl/pl/oferta/nowoczesny-apartament-w-budynku-marina-nad-odra-ID4zBRN
2026-02-08 02:48,"3 oddzielne pokoje + salon z kuchnią, z balkonem",4500,https://www.otodom.pl/pl/oferta/3-oddzielne-pokoje-salon-z-kuchnia-z-balkonem-ID4zBFi
2026-02-08 02:48,"Centrum, od marca, nad rzeką, uniwersytet",2400,https://www.otodom.pl/pl/oferta/centrum-od-marca-nad-rzeka-uniwersytet-ID4zBzZ
2026-02-08 02:48,Pierwszy najem zjawiskowego mieszkania w willi na Borku!,2600,https://www.otodom.pl/pl/oferta/pierwszy-najem-zjawiskowego-mieszkania-w-willi-na-borku-ID4zBzx
2026-02-08 02:48,Kawalerka w Rynku z widokiem na ul. Więzienną!!!,2300,https://www.otodom.pl/pl/oferta/kawalerka-w-rynku-z-widokiem-na-ul-wiezienna-ID4zBxF
2026-02-08 02:48,"2 pokoje z miejscem postojowym, Corte Verona",3000,https://www.otodom.pl/pl/oferta/2-pokoje-z-miejscem-postojowym-corte-verona-ID4wHda
2026-02-08 02:49,Przestronne z balkonem,2900,https://www.otodom.pl/pl/oferta/przestronne-z-balkonem-ID4zB6A
2026-02-08 02:49,Stylowe 2 pok. w odrestaurowanej kamienicy. Szpitalna,2800,https://www.otodom.pl/pl/oferta/stylowe-2-pok-w-odrestaurowanej-kamienicy-szpitalna-ID4zfum
2026-02-08 02:49,Styl i szyk na Starym Mieście,3700,https://www.otodom.pl/pl/oferta/styl-i-szyk-na-starym-miescie-ID4zel9
2026-02-08 02:49,Kawalerka na wynajem - ul. Długa - Nowe Budownictwo - 0% prowizji,2400,https://www.otodom.pl/pl/oferta/kawalerka-na-wynajem-ul-dluga-nowe-budownictwo-0-prowizji-ID4zr0k
2026-02-08 02:49,Luksusowy apartament na wodzie/prywatny taras na dachu/Centrum,14999,https://www.otodom.pl/pl/oferta/luksusowy-apartament-na-wodzie-prywatny-taras-na-dachu-centrum-ID4zp9K
2026-02-08 02:49,"Nowe, narożne, 3.pok, z balkonem i garażem z 2023!",3300,https://www.otodom.pl/pl/oferta/nowe-narozne-3-pok-z-balkonem-i-garazem-z-2023-ID4zmxp
2026-02-08 02:49,Pierwszy najem - 3 pokoje z ogródkiem | Ołtaszyn,3500,https://www.otodom.pl/pl/oferta/pierwszy-najem-3-pokoje-z-ogrodkiem-oltaszyn-ID4zoYR
2026-02-08 02:50,Wrocław Krzyki/Stare Miasto Lubuska winda/balkon,2180,https://www.otodom.pl/hpr/pl/oferta/wroclaw-krzyki-stare-miasto-lubuska-winda-balkon-ID4zCxY
2026-02-08 02:50,Atrakcyjne 3-pokoje z balkonem–Olimpia Port,3500,https://www.otodom.pl/pl/oferta/atrakcyjne-3-pokoje-z-balkonemolimpia-port-ID4zAz5
2026-02-08 02:50,"ul. Bolesława Prusa - kawalerka, 38m2, widok na zieleń, od lutego",1999,https://www.otodom.pl/pl/oferta/ul-boleslawa-prusa-kawalerka-38m2-widok-na-zielen-od-lutego-ID4zAuE
2026-02-08 02:50,"Nowoczesna kawalerka z balkonem i garażem – Ołtaszyn, ul. Nefrytowa 77",1900,https://www.otodom.pl/pl/oferta/nowoczesna-kawalerka-z-balkonem-i-garazem-oltaszyn-ul-nefrytowa-77-ID4zAsS
2026-02-08 02:50,"Wrocław Michalczyka – 2 pokoje, 45 m², do umeblowania, wynajem",3500,https://www.otodom.pl/pl/oferta/wroclaw-michalczyka-2-pokoje-45-m-do-umeblowania-wynajem-ID4zAs5
2026-02-08 02:50,Jasne 2‑pokojowe mieszkanie pierwszy najem - Trzmielowicka,2290,https://www.otodom.pl/pl/oferta/jasne-2pokojowe-mieszkanie-pierwszy-najem-trzmielowicka-ID4zAqW
2026-02-08 02:51,"Płac Grunwaldzki, 3 pokoje, wysoki standard",6000,https://www.otodom.pl/pl/oferta/plac-grunwaldzki-3-pokoje-wysoki-standard-ID4zAoX
2026-02-08 02:51,Angel City* Winda* Tramwaj*Balkon* Gym&Spa,3000,https://www.otodom.pl/pl/oferta/angel-city-winda-tramwajbalkon-gym-spa-ID4zAkO
2026-02-08 02:51,"Apartament 2pok., taras 30m2, Gądów Mały",3800,https://www.otodom.pl/pl/oferta/apartament-2pok-taras-30m2-gadow-maly-ID4zAir
2026-02-08 02:51,"Ekskluzywne mieszkanie z klimatyzacją | Zielone Bulwary, Klecina",3100,https://www.otodom.pl/pl/oferta/ekskluzywne-mieszkanie-z-klimatyzacja-zielone-bulwary-klecina-ID4zAhF
2026-02-08 02:51,Śródmieście -3 Osobne Pokoje-Plac Świętego Macieja,3000,https://www.otodom.pl/pl/oferta/srodmiescie-3-osobne-pokoje-plac-swietego-macieja-ID4zA7f
2026-02-08 02:51,Lux wyposażony Klimatyzacja Siłownia! Balkon!,2350,https://www.otodom.pl/pl/oferta/lux-wyposazony-klimatyzacja-silownia-balkon-ID43dKK
2026-02-08 02:52,"Ścisłe Centrum! 2 Pokoje, Piłsudskiego. Od zaraz",2500,https://www.otodom.pl/pl/oferta/scisle-centrum-2-pokoje-pilsudskiego-od-zaraz-ID4z7tp
2026-02-08 02:52,Stylowe dwupokojowe mieszkanie w centrum miasta,2200,https://www.otodom.pl/pl/oferta/stylowe-dwupokojowe-mieszkanie-w-centrum-miasta-ID4zzPk
2026-02-08 02:52,Stylowe 2 pokoje | 73 m2 | Pomorska,3300,https://www.otodom.pl/pl/oferta/stylowe-2-pokoje-73-m2-pomorska-ID4zzJK
2026-02-08 02:52,"Mieszkanie, 16,14 m², Wrocław",2550,https://www.otodom.pl/pl/oferta/mieszkanie-16-14-m-wroclaw-ID4zg0c
2026-02-08 02:52,"Pokój do wynajęcia – ul. Kuźnicza, obok Rynku",1590,https://www.otodom.pl/pl/oferta/pokoj-do-wynajecia-ul-kuznicza-obok-rynku-ID4zjD0
2026-02-08 02:53,"Mieszkanie w samym sercu Wrocławia| 46,6 m2",4200,https://www.otodom.pl/pl/oferta/mieszkanie-w-samym-sercu-wroclawia-46-6-m2-ID4zjD1
2026-02-08 02:53,Duze mieszkanie w Angel City-,3800,https://www.otodom.pl/pl/oferta/duze-mieszkanie-w-angel-city-ID4hWT7
2026-02-08 02:53,Dwupoziomowe 3-pokojowe z balkonem | 2 łazienki,3200,https://www.otodom.pl/pl/oferta/dwupoziomowe-3-pokojowe-z-balkonem-2-lazienki-ID4zvgF
2026-02-08 02:53,"Bujwida, 2 pok, cicho, zielono",2300,https://www.otodom.pl/pl/oferta/bujwida-2-pok-cicho-zielono-ID4zzaQ
2026-02-08 02:53,Apartament/ 2 Pokoje/Balkon/,3200,https://www.otodom.pl/pl/oferta/apartament-2-pokoje-balkon-ID4zz4V
2026-02-08 02:54,Nowe 2 pokoje z balkonem - ul. Grabiszyńska,2900,https://www.otodom.pl/pl/oferta/nowe-2-pokoje-z-balkonem-ul-grabiszynska-ID4zz01
2026-02-08 02:54,Zamieszkaj nad Odrą – nowoczesny apartament z tarasem i widokiem,6500,https://www.otodom.pl/pl/oferta/zamieszkaj-nad-odra-nowoczesny-apartament-z-tarasem-i-widokiem-ID4zyJB
2026-02-08 02:54,PIERWSZY NAJEM 2-pok apartament  ATAL Madalińskiego *pod klucz*,3500,https://www.otodom.pl/pl/oferta/pierwszy-najem-2-pok-apartament-atal-madalinskiego-pod-klucz-ID4zyC9
2026-02-08 02:54,okolice ul. Biegasa NOWE2014/OSIEDLE ZAMKNIĘTE,3700,https://www.otodom.pl/pl/oferta/okolice-ul-biegasa-nowe2014-osiedle-zamkniete-ID4zyyi
2026-02-08 02:54,Mieszkanie Plac Grunwaldzki przy PolitechniceWroclaw,2500,https://www.otodom.pl/pl/oferta/mieszkanie-plac-grunwaldzki-przy-politechnicewroclaw-ID4sB8O
2026-02-08 02:54,2 Pokoje - Klima - Balkon - Garaż - Krzyki,3200,https://www.otodom.pl/pl/oferta/2-pokoje-klima-balkon-garaz-krzyki-ID4zynf
2026-02-08 02:55,Piękne mieszkanie we Wrocławiu- idealna lokalizacj,3400,https://www.otodom.pl/pl/oferta/piekne-mieszkanie-we-wroclawiu-idealna-lokalizacj-ID4zykg
2026-02-08 02:55,Ovo Modern Studio For Rent,2600,https://www.otodom.pl/pl/oferta/ovo-modern-studio-for-rent-ID4zyhj
2026-02-08 02:55,"Mieszkanie 3 pokoje, blisko Rynku, blisko placu Grunwaldzkiego",3490,https://www.otodom.pl/pl/oferta/mieszkanie-3-pokoje-blisko-rynku-blisko-placu-grunwaldzkiego-ID4zy6u
2026-02-08 02:55,✧Apartament ✧Atal Towers ✧2 łazienki ✧Garaż✧ ENG,4400,https://www.otodom.pl/pl/oferta/apartament-atal-towers-2-lazienki-garaz-eng-ID4zxYU
2026-02-08 02:55,Komfortowe 2 pokoje/Wojszyce,2500,https://www.otodom.pl/pl/oferta/komfortowe-2-pokoje-wojszyce-ID4zitU
2026-02-08 02:55,"Wroclaw kawalerka ul Piękna Krzyki,Prywatnie,Nowa",2100,https://www.otodom.pl/pl/oferta/wroclaw-kawalerka-ul-piekna-krzyki-prywatnie-nowa-ID41sU2
2026-02-08 02:55,3 piętro/balkon/parking/okolice FATu,2500,https://www.otodom.pl/pl/oferta/3-pietro-balkon-parking-okolice-fatu-ID4rlG4
2026-02-08 02:56,"Przestronne mieszkanie - Nyska (balkon, parking)",2600,https://www.otodom.pl/pl/oferta/przestronne-mieszkanie-nyska-balkon-parking-ID4x65I
2026-02-08 02:56,"Komfortowy z garażem, tuż przy Odrze- Bulwry Książęce",3000,https://www.otodom.pl/pl/oferta/komfortowy-z-garazem-tuz-przy-odrze-bulwry-ksiazece-ID4yt99
2026-02-08 02:56,Atrakcyjne 3-pokoje z balkonem–Olimpia Port,3500,https://www.otodom.pl/hpr/pl/oferta/atrakcyjne-3-pokoje-z-balkonemolimpia-port-ID4zAz5
2026-02-08 02:56,Krakowskie Tarasy - kawalerka do wynajęcia,2000,https://www.otodom.pl/pl/oferta/krakowskie-tarasy-kawalerka-do-wynajecia-ID4zvIl
2026-02-08 02:56,"Do wynajęcia kawalerka, ul.Jaracza, widok na rzekę",2400,https://www.otodom.pl/pl/oferta/do-wynajecia-kawalerka-ul-jaracza-widok-na-rzeke-ID2OBKh
2026-02-08 02:57,Apartament 3 min do Rynku!,3800,https://www.otodom.pl/pl/oferta/apartament-3-min-do-rynku-ID4zpoE
2026-02-08 02:57,Pokój w mieszkaniu,1600,https://www.otodom.pl/pl/oferta/pokoj-w-mieszkaniu-ID4zvan
2026-02-08 02:57,Nowoczesny apartament w budynku Marina nad Odrą,13500,https://www.otodom.pl/pl/oferta/nowoczesny-apartament-w-budynku-marina-nad-odra-ID4zwPR
2026-02-08 02:57,"Prusa, rozkładowe, parking, komórka - bez prowizji",3000,https://www.otodom.pl/pl/oferta/prusa-rozkladowe-parking-komorka-bez-prowizji-ID4zuVP
2026-02-08 02:57,Luksusowy apartament z garażem ok. 100 m kw. SĘPOLNO,5000,https://www.otodom.pl/pl/oferta/luksusowy-apartament-z-garazem-ok-100-m-kw-sepolno-ID4zuCV
2026-02-08 02:57,Mieszkanie do wynajęcia Bolesława Krzywoustego koło placu Kromera,2600,https://www.otodom.pl/pl/oferta/mieszkanie-do-wynajecia-boleslawa-krzywoustego-kolo-placu-kromera-ID4zuPf
2026-02-08 02:58,Sky Tower/36 piętro/Lux/3 pokoje,14000,https://www.otodom.pl/pl/oferta/sky-tower-36-pietro-lux-3-pokoje-ID4yTyL
2026-02-08 02:58,"46,20mkw.,2-pok.rozkładowe na Grabiszynie  ul. ŻELAZNA",2400,https://www.otodom.pl/pl/oferta/46-20mkw-2-pok-rozkladowe-na-grabiszynie-ul-zelazna-ID4zurY
2026-02-08 02:58,OD ZARAZ| 3 pokoje | klimatyzacja | pierwszy wynajem |  BRANIBORSKA,3900,https://www.otodom.pl/pl/oferta/od-zaraz-3-pokoje-klimatyzacja-pierwszy-wynajem-braniborska-ID4zupT
2026-02-08 02:58,2 Pokoje - Taras - Garaż - Park Grabiszyński,2800,https://www.otodom.pl/pl/oferta/2-pokoje-taras-garaz-park-grabiszynski-ID4zumv
2026-02-08 02:58,"Wynajem Mieszkania 37 m, Środmieście, Wrocław",2500,https://www.otodom.pl/pl/oferta/wynajem-mieszkania-37-m-srodmiescie-wroclaw-ID4zudj
2026-02-08 02:59,Mieszkanie do wynajęcia centrum,2500,https://www.otodom.pl/pl/oferta/mieszkanie-do-wynajecia-centrum-ID4omWo
2026-02-08 02:59,"2 pokojowe na Karłowicach, w cichej okolicy",2000,https://www.otodom.pl/pl/oferta/2-pokojowe-na-karlowicach-w-cichej-okolicy-ID4zu4X
2026-02-08 02:59,"Mikroapartament, Port Popowice, Wrocław",1950,https://www.otodom.pl/pl/oferta/mikroapartament-port-popowice-wroclaw-ID4z1Fq
2026-02-08 02:59,Apartament premium 110 m2 | 4 pokoje | Przemieście Oławskie,12500,https://www.otodom.pl/pl/oferta/apartament-premium-110-m2-4-pokoje-przemiescie-olawskie-ID4ztiQ
2026-02-08 02:59,Dopłaty do czynszu I Ścisłe centrum I Bezpośrednio I Nowe,3007,https://www.otodom.pl/pl/oferta/doplaty-do-czynszu-i-scisle-centrum-i-bezposrednio-i-nowe-ID4zlgw
2026-02-08 03:00,"Szereg z tarasem, ogródkiem i garażem, 10 min. od pl. Grunwaldzkiego",3500,https://www.otodom.pl/pl/oferta/szereg-z-tarasem-ogrodkiem-i-garazem-10-min-od-pl-grunwaldzkiego-ID4yWoq
2026-02-08 03:00,"Szereg z tarasem, ogródkiem i garażem, 10 min. od pl. Grunwaldzkiego",3500,https://www.otodom.pl/pl/oferta/szereg-z-tarasem-ogrodkiem-i-garazem-10-min-od-pl-grunwaldzkiego-ID4z0IM
2026-02-08 03:00,Pierwszy wynajem Mieszkanie z ogródkiem Księże Małe,3200,https://www.otodom.pl/pl/oferta/pierwszy-wynajem-mieszkanie-z-ogrodkiem-ksieze-male-ID4zsFv
2026-02-08 03:00,Studio 28 m2 /Nefrytowa/ Ołtaszyn,2200,https://www.otodom.pl/pl/oferta/studio-28-m2-nefrytowa-oltaszyn-ID4yZ8a
2026-02-08 03:00,2-pokojowe z balkonem i garażem/Walońska,3000,https://www.otodom.pl/pl/oferta/2-pokojowe-z-balkonem-i-garazem-walonska-ID4z998
2026-02-08 03:00,Apartament 83 m2 z tarasem 20 m2 / Zdrowa,4990,https://www.otodom.pl/pl/oferta/apartament-83-m2-z-tarasem-20-m2-zdrowa-ID4xfzg
2026-02-08 03:01,Doskonała lokalizacja |Przyjazne zwierzętom | Bez prowizji I Dostępne,3085,https://www.otodom.pl/pl/oferta/doskonala-lokalizacja-przyjazne-zwierzetom-bez-prowizji-i-dostepne-ID4yzzt
2026-02-08 03:01,2-pok | Komfortowe wnętrze | Blisko centrum,2900,https://www.otodom.pl/pl/oferta/2-pok-komfortowe-wnetrze-blisko-centrum-ID4z9Jm
2026-02-08 03:01,"2 pokoje, dla singla lub pary.",2350,https://www.otodom.pl/pl/oferta/2-pokoje-dla-singla-lub-pary-ID4zrFe
2026-02-08 03:01,3 pokojowe/Ameriga Vespucciego / Olimpia Port,3200,https://www.otodom.pl/pl/oferta/3-pokojowe-ameriga-vespucciego-olimpia-port-ID4zrAT
2026-02-08 03:01,4 pokoje | 80 m² | 2 balkony | umeblowane | winda | centrum,3000,https://www.otodom.pl/pl/oferta/4-pokoje-80-m-2-balkony-umeblowane-winda-centrum-ID4zrvG
2026-02-08 03:01,"Unikatowy apartament, Odra, Uniwersytet Wrocławski",6000,https://www.otodom.pl/pl/oferta/unikatowy-apartament-odra-uniwersytet-wroclawski-ID4yThj
2026-02-08 03:02,"Angel City - Ul.Walońska | Siłownia, Spa",2750,https://www.otodom.pl/pl/oferta/angel-city-ul-walonska-silownia-spa-ID4k8Bk
2026-02-08 03:02,Nowoczesne 2-Pokojowe Mieszkanie Z Balkonem,2700,https://www.otodom.pl/pl/oferta/nowoczesne-2-pokojowe-mieszkanie-z-balkonem-ID4o2n6
2026-02-08 03:02,3 pokoje na Racławickiej,5000,https://www.otodom.pl/pl/oferta/3-pokoje-na-raclawickiej-ID4zq0e
2026-02-08 03:02,Stylowe 35 m² z tarasem i garażem | Idealne dla singla lub pary,2600,https://www.otodom.pl/pl/oferta/stylowe-35-m-z-tarasem-i-garazem-idealne-dla-singla-lub-pary-ID4zpRl
2026-02-08 03:02,Luksusowy dwupoziomowy apartament 85 m² z tarasem,6500,https://www.otodom.pl/pl/oferta/luksusowy-dwupoziomowy-apartament-85-m-z-tarasem-ID4zpJv
2026-02-08 03:03,"140 mkw do wynajęcia w centrum, (Dworzec Główny).",5900,https://www.otodom.pl/pl/oferta/140-mkw-do-wynajecia-w-centrum-dworzec-glowny-ID4zpxH
2026-02-08 03:03,Krakowskie Tarasy - kawalerka do wynajęcia,2000,https://www.otodom.pl/hpr/pl/oferta/krakowskie-tarasy-kawalerka-do-wynajecia-ID4zvIl
2026-02-08 03:03,3 pok. wynajem plac Grunwaldzki,2890,https://www.otodom.pl/pl/oferta/3-pok-wynajem-plac-grunwaldzki-ID4zpxz
2026-02-08 03:03,Mieszkanie wśród zieleni i ładnym widokiem.Pokój,990,https://www.otodom.pl/pl/oferta/mieszkanie-wsrod-zieleni-i-ladnym-widokiem-pokoj-ID4zprI
2026-02-08 03:03,Trzypokojowe mieszkanie na wynajem|osobna kuchnia,3300,https://www.otodom.pl/pl/oferta/trzypokojowe-mieszkanie-na-wynajem-osobna-kuchnia-ID4zpfY
2026-02-08 03:04,Kawalerka | Promenady Wrocławskie | winda,2300,https://www.otodom.pl/pl/oferta/kawalerka-promenady-wroclawskie-winda-ID4sJII
2026-02-08 03:04,3-pokojowe mieszkanie ul. Zakładowa Promenady,3000,https://www.otodom.pl/pl/oferta/3-pokojowe-mieszkanie-ul-zakladowa-promenady-ID4zp3L
2026-02-08 03:04,wynajmę 4 pok mieszkanie/ parking 2/ Atut,10000,https://www.otodom.pl/pl/oferta/wynajme-4-pok-mieszkanie-parking-2-atut-ID4zp21
2026-02-08 03:04,Księcia Witolda 3840 PREMIUM/Amazing view/quiet,3900,https://www.otodom.pl/pl/oferta/ksiecia-witolda-3840-premium-amazing-view-quiet-ID4xUYv
2026-02-08 03:04,2pok mieszkanie na wynajem Wrocław | ul. Mieszczańska | garaż | rzeka,3000,https://www.otodom.pl/pl/oferta/2pok-mieszkanie-na-wynajem-wroclaw-ul-mieszczanska-garaz-rzeka-ID4zod3
2026-02-08 03:05,2 pokoje przy rzece/Kępa Mieszczańska/M.Postojowe,3200,https://www.otodom.pl/pl/oferta/2-pokoje-przy-rzece-kepa-mieszczanska-m-postojowe-ID4znYD
2026-02-08 03:05,"Piękne mieszkanie we Wrocławiu, ul. Trzmielowicka",5500,https://www.otodom.pl/pl/oferta/piekne-mieszkanie-we-wroclawiu-ul-trzmielowicka-ID4znVF
2026-02-08 03:05,Rezerwacja Kawalerka z dużym tarasem,1900,https://www.otodom.pl/pl/oferta/rezerwacja-kawalerka-z-duzym-tarasem-ID4z7ff
2026-02-08 03:05,***OVO Wrocław * TARAS * WyposażonyApartament * TylkoDlaFirm * FV ***,13356,https://www.otodom.pl/pl/oferta/ovo-wroclaw-taras-wyposazonyapartament-tylkodlafirm-fv-ID4ywcM
2026-02-08 03:05,Nowa kawalerka w centrum! Parking! Piwnica!,2100,https://www.otodom.pl/pl/oferta/nowa-kawalerka-w-centrum-parking-piwnica-ID4tyxX
2026-02-08 03:06,2 pok. 62 m² | ogródek | klima | parking | zwierzęta - TAK!,3600,https://www.otodom.pl/pl/oferta/2-pok-62-m-ogrodek-klima-parking-zwierzeta-tak-ID4zmM7
2026-02-08 03:06,28 piętro/panorama miasta/2 pokoje,11500,https://www.otodom.pl/pl/oferta/28-pietro-panorama-miasta-2-pokoje-ID4zmAI
2026-02-08 03:06,"Piękne mieszkanie, pierwszy najem!",2500,https://www.otodom.pl/pl/oferta/piekne-mieszkanie-pierwszy-najem-ID4yKMA
2026-02-08 03:06,"Mieszkanie 3 pokojowe , 69 m2, Racławicka",5200,https://www.otodom.pl/pl/oferta/mieszkanie-3-pokojowe-69-m2-raclawicka-ID4zlPr
2026-02-08 03:06,"Od zaraz, wysoki standard, 2 pokoje, available now",2800,https://www.otodom.pl/pl/oferta/od-zaraz-wysoki-standard-2-pokoje-available-now-ID4zlH4
2026-02-08 03:06,Komfortowa kawalerka w centrum/parking+komórka,2600,https://www.otodom.pl/pl/oferta/komfortowa-kawalerka-w-centrum-parking-komorka-ID4zlxH
2026-02-08 03:07,Sky Tower/42 piętro/panorama miasta/2 pokoje,15000,https://www.otodom.pl/pl/oferta/sky-tower-42-pietro-panorama-miasta-2-pokoje-ID4yMZ5
2026-02-08 03:07,Quorum/Wysoki standard/Taras,6500,https://www.otodom.pl/pl/oferta/quorum-wysoki-standard-taras-ID4yO48
2026-02-08 03:07,Quorum/Wysoki standard/Taras,7000,https://www.otodom.pl/pl/oferta/quorum-wysoki-standard-taras-ID4yO0U
2026-02-08 03:07,Quorum/Wysoki standard/Taras,6000,https://www.otodom.pl/pl/oferta/quorum-wysoki-standard-taras-ID4yO0t
2026-02-08 03:07,Może być bez mebli z 2 miejscami postojowymi,3900,https://www.otodom.pl/pl/oferta/moze-byc-bez-mebli-z-2-miejscami-postojowymi-ID4zl9y
2026-02-08 03:07,Dwupokojowe mieszkanie od zaraz - Obornicka,3500,https://www.otodom.pl/pl/oferta/dwupokojowe-mieszkanie-od-zaraz-obornicka-ID4zkHz
2026-02-08 03:07,2 pokoje | Balkon | Garaż | Garderoba | Park,3300,https://www.otodom.pl/pl/oferta/2-pokoje-balkon-garaz-garderoba-park-ID4zkFQ
2026-02-08 03:08,Piękny partament w centrum ul. Wszystkich Świętych,3000,https://www.otodom.pl/pl/oferta/piekny-partament-w-centrum-ul-wszystkich-swietych-ID4zkBE
2026-02-08 03:08,"duży balkon, MP, Kopycińskiego, bez prowizji",2500,https://www.otodom.pl/pl/oferta/duzy-balkon-mp-kopycinskiego-bez-prowizji-ID4zkvH
2026-02-08 03:08,3-pokojowy apartament na Starym Mieście 63m2,3600,https://www.otodom.pl/pl/oferta/3-pokojowy-apartament-na-starym-miescie-63m2-ID4zknz
2026-02-08 03:08,"Przestronne, jasne 2 pok. 50m2 na Księżu Małym",2300,https://www.otodom.pl/pl/oferta/przestronne-jasne-2-pok-50m2-na-ksiezu-malym-ID4rNN3
