data_pobrania,tytul,cena,link,aneks,czynsz,pietro,pokoje,lokalizacja,rok_budowy,ogrzewanie,kaucja,stan,powierzchnia,data_aktualizacji
2026-02-07 21:13,Komfortowa kawalerka po remoncie blisko centrum,2150,https://www.otodom.pl/hpr/pl/oferta/komfortowa-kawalerka-po-remoncie-blisko-centrum-ID4A0DN,NIE,250,0,1,"ul. Kaszubska, Wrocław",brak,miejskie,2800,do zamieszkania,25,2026-02-10
2026-02-07 21:19,Do wynajęcia dwupokojowe mieszkanie przy ul. Partynickiej,2500,https://www.otodom.pl/hpr/pl/oferta/do-wynajecia-dwupokojowe-mieszkanie-przy-ul-partynickiej-ID4A0sh,NIE,580,1,2,"ul. Partynicka, Wrocław",brak,brak,3500,brak,40,2026-02-10
2026-02-07 21:33,Mieszkanie na wynajem | 3 -pokoje | ul. Hubska,3150,https://www.otodom.pl/hpr/pl/oferta/mieszkanie-na-wynajem-3-pokoje-ul-hubska-ID4A0bQ,NIE,1000,3,3,"ul. Hubska, Wrocław",brak,miejskie,brak,do zamieszkania,56,2026-02-10
2026-02-07 21:40,Bilard & taras✩Centrum✩Drugi najem✩ENG,3099,https://www.otodom.pl/hpr/pl/oferta/bilard-tarascentrumdrugi-najemeng-ID4zZXo,NIE,599,2,2,"ul. Henryka Sienkiewicza, Wrocław",2024,miejskie,0,do zamieszkania,36.5,2026-02-10
2026-02-07 21:46,"Mieszkanie na wynajem, Wrocław, 2 pokoje",2600,https://www.otodom.pl/hpr/pl/oferta/mieszkanie-na-wynajem-wroclaw-2-pokoje-ID4zZKw,NIE,700,1,2,"ul. Buska, Wrocław",brak,brak,3500,brak,55,2026-02-10
2026-02-07 21:53,Prestiżowy apartament w centrum Wrocławia,4000,https://www.otodom.pl/hpr/pl/oferta/prestizowy-apartament-w-centrum-wroclawia-ID4zZrl,NIE,1500,2,2,"ul. Bernardyńska, Wrocław",2025,miejskie,5000,do zamieszkania,49,2026-02-10
2026-02-07 21:57,"Wysoki standard 2 pokoje 46 m² | Home office, garderoba| Balkon| Długa",3200,https://www.otodom.pl/pl/oferta/wysoki-standard-2-pokoje-46-m-home-office-garderoba-balkon-dluga-ID4qRjj,NIE,500,0,2,"ul. Długa, Wrocław",2024,miejskie,4000,do zamieszkania,46,2026-02-10
2026-02-07 22:00,Wynajmę 2-pok. mieszkanie na Widawie | Drugi najem | Bez pośredników!,2900,https://www.otodom.pl/hpr/pl/oferta/wynajme-2-pok-mieszkanie-na-widawie-drugi-najem-bez-posrednikow-ID4zZnM,NIE,500,2,2,"ul. Sułowska, Wrocław",2000,gazowe,3400,do zamieszkania,40,2026-02-10
2026-02-07 22:06,2 pok | 54 m² | 1 piętro | budynek 2019 | parking | ul. Rychtalska,3300,https://www.otodom.pl/hpr/pl/oferta/2-pok-54-m-1-pietro-budynek-2019-parking-ul-rychtalska-ID4zZ7v,NIE,700,1,2,"ul. Rychtalska, Wrocław",2019,miejskie,4500,do zamieszkania,54,2026-02-10
2026-02-07 22:12,Pachnące nowością | klimatyzacja | garaż | balkon,3200,https://www.otodom.pl/hpr/pl/oferta/pachnace-nowoscia-klimatyzacja-garaz-balkon-ID4zYSD,NIE,800,4,2,"ul. Wichrowa, Wrocław",2024,miejskie,4200,do zamieszkania,37.18,2026-02-10
2026-02-07 22:18,"Stylowy apartament, Bulwar Staromiejski, FA Vat",2706,https://www.otodom.pl/hpr/pl/oferta/stylowy-apartament-bulwar-staromiejski-fa-vat-ID4zYza,NIE,650,0,1,"pl. Jana Pawła II, Wrocław",brak,gazowe,5000,do zamieszkania,3615,2026-02-10
2026-02-07 22:25,"2 pokojowe mieszkanie na wynajem, Ołtaszyn, 60 m2, 2 balkony, od zaraz",2400,https://www.otodom.pl/pl/oferta/2-pokojowe-mieszkanie-na-wynajem-oltaszyn-60-m2-2-balkony-od-zaraz-ID4zY4l,NIE,700,2,2,"ul. Marcelego Nenckiego, Wrocław",brak,kotłownia,3250,do zamieszkania,60,2026-02-10
2026-02-07 22:25,ul. Księcia Witolda | 2 pokoje | garaż podziemny,2900,https://www.otodom.pl/hpr/pl/oferta/ul-ksiecia-witolda-2-pokoje-garaz-podziemny-ID4zdl3,NIE,820,6,2,"ul. Księcia Witolda, Wrocław",2020,miejskie,brak,do zamieszkania,40.57,2026-02-10
2026-02-07 22:26,2 osobne sypialnie-55m2-balkon-parking-Przystanek-Czartoryskiego-Psie,2700,https://www.otodom.pl/pl/oferta/2-osobne-sypialnie-55m2-balkon-parking-przystanek-czartoryskiego-psie-ID4zY3O,NIE,980,2,2,"ul. Adama Jerzego Czartoryskiego, Wrocław",2018,miejskie,3000,do zamieszkania,55,2026-02-10
2026-02-07 22:26,Wrocław Strzegomska Kawalerka Balkon Garaż Kwota Brutto Odlicz Vat !!,2500,https://www.otodom.pl/pl/oferta/wroclaw-strzegomska-kawalerka-balkon-garaz-kwota-brutto-odlicz-vat-ID4zLkr,NIE,500,4,1,"ul. Otyńska, Wrocław",2023,miejskie,3500,do zamieszkania,28.54,2026-02-10
2026-02-07 22:26,MIESZKANIE 2 POKOJE + KUCHNIA + BALKON,2400,https://www.otodom.pl/pl/oferta/mieszkanie-2-pokoje-kuchnia-balkon-ID4zY1k,NIE,400,2,2,"ul. Piękna, Wrocław",2011,miejskie,2000,do zamieszkania,52,2026-02-10
2026-02-07 22:26,Kawalerka do wynajęcia 29 m² Gaj Żegiestowska,2400,https://www.otodom.pl/pl/oferta/kawalerka-do-wynajecia-29-m-gaj-zegiestowska-ID4zY04,NIE,600,2,1,"ul. Żegiestowska, Wrocław",2023,brak,2600,do zamieszkania,29,2026-02-10
2026-02-07 22:26,Cisza i Spokój | 2 pokoje 55m2 | Taras 20 m2,3150,https://www.otodom.pl/pl/oferta/cisza-i-spokoj-2-pokoje-55m2-taras-20-m2-ID4zXYO,NIE,650,1,2,"ul. Arbuzowa, Wrocław",2020,brak,4000,do zamieszkania,55,2026-02-10
2026-02-07 22:27,Nowoczesne 2 pokoje w zacisznej okolicy – blisko komunikacji i sklepów,2900,https://www.otodom.pl/pl/oferta/nowoczesne-2-pokoje-w-zacisznej-okolicy-blisko-komunikacji-i-sklepow-ID4zXTm,NIE,0,2,2,"ul. Seweryna Udzieli, Wrocław",2001,miejskie,3000,do zamieszkania,51,2026-02-10
2026-02-07 22:27,"Dwupokojowe, nowe budownictwo 38mkw, balkon! 2800 całość",2100,https://www.otodom.pl/pl/oferta/dwupokojowe-nowe-budownictwo-38mkw-balkon-2800-calosc-ID4zXTr,NIE,550,5,5,"ul. Gorlicka, Wrocław",2005,miejskie,2300,do zamieszkania,38,2026-02-10
2026-02-07 22:27,Garaż-Nowe Centrum Południowe-Wysoki Standard-,6200,https://www.otodom.pl/pl/oferta/garaz-nowe-centrum-poludniowe-wysoki-standard-ID4zXWL,NIE,1000,5,4,"ul. Gwiaździsta, Wrocław",2019,miejskie,7000,do zamieszkania,78,2026-02-10
2026-02-07 22:27,Stylowy apartament ★ Zieleń wokół ★ 2mp,3800,https://www.otodom.pl/pl/oferta/stylowy-apartament-zielen-wokol-2mp-ID4zXW7,NIE,1220,1,4,"ul. Adama Jerzego Czartoryskiego, Wrocław",brak,kotłownia,0,brak,68,2026-02-10
2026-02-07 22:28,"Klimatyczne 2-pokojowe mieszkanie po remoncie – Nadodrze, ul. Jagie...",3500,https://www.otodom.pl/pl/oferta/klimatyczne-2-pokojowe-mieszkanie-po-remoncie-nadodrze-ul-jagie-ID4zXLC,NIE,0,2,2,"ul. Kazimierza Jagiellończyka, Wrocław",brak,gazowe,4000,do zamieszkania,56,2026-02-10
2026-02-07 22:28,"Zieleń,taras,miejsce parkingowe,klimatyzacja",6200,https://www.otodom.pl/pl/oferta/zielen-taras-miejsce-parkingowe-klimatyzacja-ID4zoex,NIE,800,2,4,"al. Śliwowa, Wrocław",2018,gazowe,12400,do zamieszkania,84.2,2026-02-10
2026-02-07 22:28,2 pokoje Balkon Garaż Klimatyzacja Krzyki,2850,https://www.otodom.pl/pl/oferta/2-pokoje-balkon-garaz-klimatyzacja-krzyki-ID4zXQG,NIE,700,3,2,Wrocław,2021,brak,0,do zamieszkania,54,2026-02-10
2026-02-07 22:29,Jasne 2 pokoje z tarasem | Apartamenty Dąbie,5800,https://www.otodom.pl/pl/oferta/jasne-2-pokoje-z-tarasem-apartamenty-dabie-ID4ofzq,NIE,1400,1,2,"ul. Rzeźbiarska, Wrocław",2012,miejskie,7500,do zamieszkania,75,2026-02-10
2026-02-07 22:29,Nowoczesna kawalerka Ślężna 128 bez prowizji,2450,https://www.otodom.pl/pl/oferta/nowoczesna-kawalerka-slezna-128-bez-prowizji-ID4zDEP,NIE,400,5,1,"ul. Ślężna, Wrocław",2024,brak,3000,brak,24,2026-02-10
2026-02-07 22:29,Angel City- siłownia- miejsce postojowe- ochrona,3400,https://www.otodom.pl/pl/oferta/angel-city-silownia-miejsce-postojowe-ochrona-ID4zF4O,NIE,800,4,2,"ul. Walońska, Wrocław",brak,miejskie,brak,do zamieszkania,45.7,2026-02-10
2026-02-07 22:29,Pierwszy najem - centrum - Kurkowa - dwupoziomowe - wysokie 5m,4000,https://www.otodom.pl/pl/oferta/pierwszy-najem-centrum-kurkowa-dwupoziomowe-wysokie-5m-ID4zXIK,NIE,560,0,2,"ul. Kurkowa, Wrocław",2024,miejskie,5000,do zamieszkania,62.33,2026-02-10
2026-02-07 22:30,"Biskupin, wysoki standard, dwupokojowe, dwa balkony",2650,https://www.otodom.pl/pl/oferta/biskupin-wysoki-standard-dwupokojowe-dwa-balkony-ID4zXIz,NIE,800,3,2,"ul. Marcellego Bacciarellego, Wrocław",2002,miejskie,3000,do zamieszkania,50,2026-02-10
2026-02-07 22:30,nowe - Białowieska 45B/34 - bez prowizji,3499,https://www.otodom.pl/pl/oferta/nowe-bialowieska-45b-34-bez-prowizji-ID4zXHg,NIE,467,5,3,"ul. Popowicka, Wrocław",2025,miejskie,brak,do zamieszkania,49.07,2026-02-10
2026-02-07 22:30,REZERWACJA_Bezpośrednio_od marca_duża kawalerka z balkonem_komórka,2100,https://www.otodom.pl/pl/oferta/rezerwacja-bezposrednio-od-marca-duza-kawalerka-z-balkonem-komorka-ID4v0ez,NIE,330,1,2,"ul. Odrodzenia, Brzeg Dolny",2022,gazowe,3000,do zamieszkania,42,2026-02-10
2026-02-07 22:31,Wyremontowane  2-pokojowe mieszkanie we Wrocławiu,2600,https://www.otodom.pl/pl/oferta/wyremontowane-2-pokojowe-mieszkanie-we-wroclawiu-ID4zXE0,NIE,700,5,2,"ul. Stalowa, Wrocław",1967,miejskie,5000,do zamieszkania,40,2026-02-10
2026-02-07 22:31,Mieszkanie 3pok 54m2 +oddzielna kuchnia,3500,https://www.otodom.pl/pl/oferta/mieszkanie-3pok-54m2-oddzielna-kuchnia-ID4sHOZ,NIE,950,8,3,"ul. Na Ostatnim Groszu, Wrocław",brak,miejskie,5000,do zamieszkania,54,2026-02-10
2026-02-07 22:31,klima - balkon - bulw. Dedala,3700,https://www.otodom.pl/hpr/pl/oferta/klima-balkon-bulw-dedala-ID4sgBE,NIE,1000,2,3,Wrocław,2014,miejskie,4700,do zamieszkania,70,2026-02-10
2026-02-07 22:32,Wietrzna/2pok/wyposażenie/balkon/od zaraz,2500,https://www.otodom.pl/pl/oferta/wietrzna-2pok-wyposazenie-balkon-od-zaraz-ID4zRqC,NIE,700,2,2,Wrocław,2000,miejskie,brak,do zamieszkania,40,2026-02-10
2026-02-07 22:32,Ogródek| parking| klimatyzacja,3000,https://www.otodom.pl/pl/oferta/ogrodek-parking-klimatyzacja-ID4zRvQ,NIE,700,0,2,"ul. Rybnicka, Wrocław",brak,brak,0,do zamieszkania,47,2026-02-10
2026-02-07 22:32,"Mieszkanie, 48 m², Wrocław",2700,https://www.otodom.pl/pl/oferta/mieszkanie-48-m-wroclaw-ID4zXCt,NIE,0,8,3,Wrocław,brak,brak,brak,do zamieszkania,48,2026-02-10
2026-02-07 22:32,BOREK 42m2 BEZPOŚREDNIO wysoki standard,3200,https://www.otodom.pl/pl/oferta/borek-42m2-bezposrednio-wysoki-standard-ID4k20N,NIE,500,2,2,"ul. Jastrzębia, Wrocław",1910,miejskie,6000,do zamieszkania,42,2026-02-10
2026-02-07 22:32,"Mieszkanie, 60 m², Wrocław",6500,https://www.otodom.pl/pl/oferta/mieszkanie-60-m-wroclaw-ID4zwis,NIE,1000,2,3,"ul. Księcia Witolda, Wrocław",2019,miejskie,7500,do zamieszkania,60,2026-02-10
2026-02-07 22:33,Cztery komfortowe pokoje na Partynicach! Parking!,3500,https://www.otodom.pl/pl/oferta/cztery-komfortowe-pokoje-na-partynicach-parking-ID4wdvF,NIE,0,3,4,Wrocław,2005,brak,0,do zamieszkania,70,2026-02-10
2026-02-07 22:33,Dwa Pokoje mieszkanie/Legnicka/Braniborska/centrum,3150,https://www.otodom.pl/pl/oferta/dwa-pokoje-mieszkanie-legnicka-braniborska-centrum-ID4o0cU,NIE,550,8,2,"ul. Braniborska, Wrocław",2022,miejskie,4000,do zamieszkania,40,2026-02-10
2026-02-07 22:33,Cztery pokoje w Ogrodach Hallera,11000,https://www.otodom.pl/pl/oferta/cztery-pokoje-w-ogrodach-hallera-ID4zXyl,NIE,2000,0,4,"al. gen. Józefa Hallera, Wrocław",2012,brak,brak,brak,118,2026-02-10
2026-02-07 22:33,Stylowe 2-pokojowe mieszkanie + garaż + box | Jesionowa / Tarnogaj,3250,https://www.otodom.pl/pl/oferta/stylowe-2-pokojowe-mieszkanie-garaz-box-jesionowa-tarnogaj-ID4zXyf,NIE,800,6,2,"ul. Jesionowa, Wrocław",2017,miejskie,3250,do zamieszkania,47,2026-02-10
2026-02-07 22:34,okolice ul. Murowanej NOWE2022/BALKON/OD ZARAZ!,2550,https://www.otodom.pl/pl/oferta/okolice-ul-murowanej-nowe2022-balkon-od-zaraz-ID4zXwz,NIE,0,2,2,Wrocław,2022,miejskie,2550,do zamieszkania,38.5,2026-02-10
2026-02-07 22:34,Do wynajecia mieszkanie 2 pokojowe na Plantach RacławickichWrocław,3600,https://www.otodom.pl/pl/oferta/do-wynajecia-mieszkanie-2-pokojowe-na-plantach-raclawickichwroclaw-ID4zajr,NIE,750,4,2,"ul. Racławicka, Wrocław",2025,miejskie,6000,do zamieszkania,49,2026-02-10
2026-02-07 22:34,Pierwszy najem | Super lokalizacja | Kępa M.,2600,https://www.otodom.pl/pl/oferta/pierwszy-najem-super-lokalizacja-kepa-m-ID4zXxa,NIE,700,1,2,"wyspa Kępa Mieszczańska, Wrocław",2019,miejskie,4000,do zamieszkania,34.49,2026-02-10
2026-02-07 22:34,Kawalerka Nadodrze tez na krotko Single room flat short term also,2000,https://www.otodom.pl/pl/oferta/kawalerka-nadodrze-tez-na-krotko-single-room-flat-short-term-also-ID4zXv5,NIE,750,1,1,"ul. Kazimierza Jagiellończyka, Wrocław",1930,miejskie,2000,do zamieszkania,39,2026-02-10
2026-02-07 22:34,kawalerka ul. Żegiestowska,2400,https://www.otodom.pl/pl/oferta/kawalerka-ul-zegiestowska-ID4zXxn,NIE,600,2,1,"ul. Żegiestowska, Wrocław",2023,miejskie,2400,do zamieszkania,29,2026-02-10
2026-02-07 22:35,"gotowe,duży ogród,szafy,wanna,garaż podziemny,",2700,https://www.otodom.pl/pl/oferta/gotowe-duzy-ogrod-szafy-wanna-garaz-podziemny-ID4zXtx,NIE,730,0,2,"Stanisława Drabika, Wrocław",2024,brak,0,brak,42.58,2026-02-10
2026-02-07 22:35,Dwupokojowe mieszkanie w centrum Wrocławia - pierwszy najem,3000,https://www.otodom.pl/pl/oferta/dwupokojowe-mieszkanie-w-centrum-wroclawia-pierwszy-najem-ID4zOUh,NIE,500,2,2,"pl. Westerplatte, Wrocław",brak,gazowe,3500,do zamieszkania,45,2026-02-10
2026-02-07 22:35,"Przestronne, dwupoziomowe mieszkanie | Gaj",4000,https://www.otodom.pl/pl/oferta/przestronne-dwupoziomowe-mieszkanie-gaj-ID4zXs5,NIE,900,3,4,"ul. Kłodzka, Wrocław",brak,kotłownia,6000,do zamieszkania,80,2026-02-10
2026-02-07 22:35,Wynajmę mieszkanie 2 pokojowe o wysokim standardzie,3100,https://www.otodom.pl/pl/oferta/wynajme-mieszkanie-2-pokojowe-o-wysokim-standardzie-ID4zXrQ,NIE,600,0,2,Wrocław,2022,brak,4500,do zamieszkania,40,2026-02-10
2026-02-07 22:36,"Mieszkanie z tarasem, sauną i jacuzzi Sky Tower",11000,https://www.otodom.pl/pl/oferta/mieszkanie-z-tarasem-sauna-i-jacuzzi-sky-tower-ID4zXqC,NIE,3000,10,3,"ul. Szczęśliwa, Wrocław",brak,inne,brak,do zamieszkania,120,2026-02-10
2026-02-07 22:36,Mieszkanie 2 pok z balkonem / Gaj / od zaraz,3000,https://www.otodom.pl/pl/oferta/mieszkanie-2-pok-z-balkonem-gaj-od-zaraz-ID4zLsZ,NIE,700,4,2,"ul. Strońska, Wrocław",2004,miejskie,4000,do zamieszkania,40,2026-02-10
2026-02-07 22:36,PL | UA | RU | 2 pokoje | Balkon | Oddzielna kuchnia | od zaraz,3100,https://www.otodom.pl/pl/oferta/pl-ua-ru-2-pokoje-balkon-oddzielna-kuchnia-od-zaraz-ID4zXqb,NIE,640,4,2,"ul. Piękna, Wrocław",brak,miejskie,3100,do zamieszkania,53,2026-02-10
2026-02-07 22:36,"Wrocław, Kawalerka, Legnicka",2200,https://www.otodom.pl/pl/oferta/wroclaw-kawalerka-legnicka-ID4zXq2,NIE,0,7,1,"ul. Legnicka, Wrocław",2007,brak,2200,do zamieszkania,34,2026-02-10
2026-02-07 22:36,Komfortowa kawalerka w Centrum! Możliwość odliczenia 23% VAT,2337,https://www.otodom.pl/pl/oferta/komfortowa-kawalerka-w-centrum-mozliwosc-odliczenia-23-vat-ID4zIMO,NIE,500,5,1,"ul. Stefana Żeromskiego, Wrocław",2024,miejskie,3000,do zamieszkania,27,2026-02-10
2026-02-07 22:36,"Wrocław, ul. Skarbowców/Krzycka,2 pok. 45 m2, miejsce parkingowe",2700,https://www.otodom.pl/pl/oferta/wroclaw-ul-skarbowcow-krzycka-2-pok-45-m2-miejsce-parkingowe-ID4mdVz,NIE,850,3,2,"ul. Skarbowców, Wrocław",2011,kotłownia,3500,do zamieszkania,45.4,2026-02-10
2026-02-07 22:37,Nowoczesne 3 pokojowe mieszkanie | 2 balkony,2800,https://www.otodom.pl/pl/oferta/nowoczesne-3-pokojowe-mieszkanie-2-balkony-ID4sU51,NIE,450,2,3,Wrocław,brak,brak,3000,do zamieszkania,53,2026-02-10
2026-02-07 22:37,3 pokoje|rozkład|klimatyzacja|duży balkon,2800,https://www.otodom.pl/pl/oferta/3-pokoje-rozklad-klimatyzacja-duzy-balkon-ID4zXoR,NIE,1100,2,3,"ul. Krynicka, Wrocław",brak,miejskie,brak,do zamieszkania,60,2026-02-10
2026-02-07 22:37,PL/RU Apartament 2 p. | Balkon | Klima | Garderoba | Centrum | Garaż,2750,https://www.otodom.pl/pl/oferta/pl-ru-apartament-2-p-balkon-klima-garderoba-centrum-garaz-ID4zXpf,NIE,700,10,2,"ul. Legnicka, Wrocław",brak,miejskie,3300,do zamieszkania,40,2026-02-10
2026-02-07 22:37,Dla rodziny|miejsce postojowe|spokojna okolica,3100,https://www.otodom.pl/pl/oferta/dla-rodziny-miejsce-postojowe-spokojna-okolica-ID4zXoS,NIE,720,1,3,"ul. Wietrzna, Wrocław",brak,inne,brak,do zamieszkania,70,2026-02-10
2026-02-07 22:38,Stylowe 2-pokojowe mieszkanie w Wrocławiu,4200,https://www.otodom.pl/hpr/pl/oferta/stylowe-2-pokojowe-mieszkanie-w-wroclawiu-ID4xCbi,NIE,590,2,2,"pl. Solny, Wrocław",brak,miejskie,4300,do zamieszkania,48,2026-02-10
2026-02-07 22:38,Przytulne 2 pokojowe mieszkanie ul. Vivaldiego,2200,https://www.otodom.pl/pl/oferta/przytulne-2-pokojowe-mieszkanie-ul-vivaldiego-ID4tOWJ,NIE,1000,0,2,Wrocław,brak,kotłownia,3500,do zamieszkania,51,2026-02-10
2026-02-07 22:38,"Mieszkanie w centrum, Idealna dla pary lub singla",2200,https://www.otodom.pl/pl/oferta/mieszkanie-w-centrum-idealna-dla-pary-lub-singla-ID4zXol,NIE,499,4,1,"ul. Tadeusza Kościuszki, Wrocław",brak,miejskie,brak,brak,33,2026-02-10
2026-02-07 22:38,Przestronne 3 pokojowe mieszkanie z balkonem,2800,https://www.otodom.pl/pl/oferta/przestronne-3-pokojowe-mieszkanie-z-balkonem-ID4zKAo,NIE,1200,4,3,"ul. Żmigrodzka, Wrocław",brak,miejskie,2800,do zamieszkania,60,2026-02-10
2026-02-07 22:39,2-pok mieszkanie 50m2 z ogródkami ul. Drabika,2900,https://www.otodom.pl/pl/oferta/2-pok-mieszkanie-50m2-z-ogrodkami-ul-drabika-ID4zXmN,NIE,590,0,2,"Stanisława Drabika, Wrocław",2023,miejskie,brak,do zamieszkania,50,2026-02-10
2026-02-07 22:39,"Po remoncie, 2- pokojowe mieszkanie na wynajem Grabiszyn",3000,https://www.otodom.pl/pl/oferta/po-remoncie-2-pokojowe-mieszkanie-na-wynajem-grabiszyn-ID4zXm9,NIE,650,1,2,"ul. Inżynierska, Wrocław",2016,brak,3000,brak,49,2026-02-10
2026-02-07 22:39,Wyjątkowy apartament 3-pok - Jana Pawła II,5500,https://www.otodom.pl/pl/oferta/wyjatkowy-apartament-3-pok-jana-pawla-ii-ID4zXm7,NIE,0,4,3,Wrocław,brak,miejskie,brak,do zamieszkania,65,2026-02-10
2026-02-07 22:39,"Złotniki, ul. Małopolska, 2 pok. 40m2, garaż, garderoba",2400,https://www.otodom.pl/pl/oferta/zlotniki-ul-malopolska-2-pok-40m2-garaz-garderoba-ID4zXl0,NIE,680,2,2,"ul. Małopolska, Wrocław",2016,miejskie,3500,do zamieszkania,40.2,2026-02-10
2026-02-07 22:39,Przestronne mieszkanie z tarasem Sky Tower,14000,https://www.otodom.pl/pl/oferta/przestronne-mieszkanie-z-tarasem-sky-tower-ID4yEqY,NIE,3000,10,3,"ul. Szczęśliwa, Wrocław",2014,miejskie,brak,do zamieszkania,120,2026-02-10
2026-02-07 22:40,Wynajmę 3-pokojowe mieszkanie na Różance,3600,https://www.otodom.pl/pl/oferta/wynajme-3-pokojowe-mieszkanie-na-rozance-ID4nDje,NIE,700,5,3,"ul. Chorwacka, Wrocław",2023,miejskie,5000,do zamieszkania,57,2026-02-10
2026-02-07 22:40,"Jaracza 2-pokoje, wysoki standard, klimatyzacja 49,5 m²",3000,https://www.otodom.pl/pl/oferta/jaracza-2-pokoje-wysoki-standard-klimatyzacja-49-5-m-ID4zjpj,NIE,750,3,2,"ul. Stefana Jaracza, Wrocław",2015,miejskie,3200,do zamieszkania,50,2026-02-10
2026-02-07 22:40,PL_RU_3pokoje_Centrum_Braniborska_Garaż w cenie!_55 m²,4000,https://www.otodom.pl/pl/oferta/pl-ru-3pokoje-centrum-braniborska-garaz-w-cenie-55-m-ID4zXkp,NIE,1300,5,3,"ul. Trzemeska, Wrocław",2021,miejskie,5000,do zamieszkania,55,2026-02-10
2026-02-07 22:40,Kawalerka/Kępa Miesczańska/Gotowe do zamieszkania,1900,https://www.otodom.pl/pl/oferta/kawalerka-kepa-miesczanska-gotowe-do-zamieszkania-ID4zXjo,NIE,500,0,1,"ul. Romana Dmowskiego, Wrocław",2020,brak,0,do zamieszkania,19,2026-02-10
2026-02-07 22:41,Stabłowice /ul. Kokosowa /dobry standard,2400,https://www.otodom.pl/pl/oferta/stablowice-ul-kokosowa-dobry-standard-ID4zOh8,NIE,550,3,2,Wrocław,2013,miejskie,2400,do zamieszkania,42,2026-02-10
2026-02-07 22:41,Głogowska/Rozkład/Media Miejskie/1 wynajem,2600,https://www.otodom.pl/pl/oferta/glogowska-rozklad-media-miejskie-1-wynajem-ID4zXig,NIE,0,6,2,"ul. Głogowska, Wrocław",1985,miejskie,0,brak,40,2026-02-10
2026-02-07 22:41,Nowoczesne ciepłe 1-pokojowe mieszkanie z balkonem 30m ul. Wełniana,2100,https://www.otodom.pl/pl/oferta/nowoczesne-cieple-1-pokojowe-mieszkanie-z-balkonem-30m-ul-welniana-ID4zXgE,NIE,500,1,1,"ul. Wełniana, Wrocław",2020,gazowe,2100,do zamieszkania,30,2026-02-10
2026-02-07 22:41,Wysoki standard |2 Pokoje | pierwszy najem od właściciela Jagodno 42m,3300,https://www.otodom.pl/pl/oferta/wysoki-standard-2-pokoje-pierwszy-najem-od-wlasciciela-jagodno-42m-ID4zXgg,NIE,625,2,2,Wrocław,2021,miejskie,4000,do zamieszkania,42,2026-02-10
2026-02-07 22:41,Przyjemne mieszkanie Partynice/Wrocław-Wysoka z tarasem i ogródkiem,2900,https://www.otodom.pl/pl/oferta/przyjemne-mieszkanie-partynice-wroclaw-wysoka-z-tarasem-i-ogrodkiem-ID4kytI,NIE,900,0,2,Wysoka,2008,miejskie,3800,do zamieszkania,46,2026-02-10
2026-02-07 22:41,Nowoczesne 3-pokojowe mieszkanie z balkonem,3200,https://www.otodom.pl/pl/oferta/nowoczesne-3-pokojowe-mieszkanie-z-balkonem-ID44vhM,NIE,1000,1,3,"ul. Siostrzana, Wrocław",2011,miejskie,4000,do zamieszkania,55,2026-02-10
2026-02-07 22:42,Apartament|4 pokoje|taras|Port Popowice,6300,https://www.otodom.pl/pl/oferta/apartament-4-pokoje-taras-port-popowice-ID4zXf9,NIE,873,3,4,"ul. Białowieska, Wrocław",2021,miejskie,8500,do zamieszkania,83,2026-02-10
2026-02-07 22:42,Wynajmę dwupoziomowe mieszkanie na Krzykach,4200,https://www.otodom.pl/pl/oferta/wynajme-dwupoziomowe-mieszkanie-na-krzykach-ID4zXdc,NIE,1015,3,3,Wrocław,2016,miejskie,4200,do zamieszkania,75,2026-02-10
2026-02-07 22:42,"Nowoczesne mieszkanie Park Wschodni taras,Rybnicka",2500,https://www.otodom.pl/pl/oferta/nowoczesne-mieszkanie-park-wschodni-taras-rybnicka-ID4zXdn,NIE,0,0,2,"ul. Rybnicka, Wrocław",2019,brak,0,brak,39,2026-02-10
2026-02-07 22:42,Mieszkanie 2pok dla 1-2 osó Gaj Krzyki Czerniawska,2600,https://www.otodom.pl/pl/oferta/mieszkanie-2pok-dla-1-2-oso-gaj-krzyki-czerniawska-ID3kNFc,NIE,600,0,2,"ul. Czerniawska, Wrocław",2004,miejskie,3200,do zamieszkania,47,2026-02-10
2026-02-07 22:43,Nowe mieszkanie premium – pierwszy wynajem,3600,https://www.otodom.pl/pl/oferta/nowe-mieszkanie-premium-pierwszy-wynajem-ID4zNpv,NIE,0,4,2,"Wichrowa, Wrocław",2025,miejskie,4500,do zamieszkania,49,2026-02-10
2026-02-07 22:43,2 osobne pokoje | 55m2 | Parking | Balkon | Internet | Wanna| Siłownia,2800,https://www.otodom.pl/pl/oferta/2-osobne-pokoje-55m2-parking-balkon-internet-wanna-silownia-ID4zX8o,NIE,880,0,2,"ul. Ryszarda Wagnera, Wrocław",brak,miejskie,3800,do zamieszkania,55,2026-02-10
2026-02-07 22:43,3-pok od 01.03.2026 ul.Przedmiejska SOFTY LOFTY Garaż na 2 auta*Balkon,3700,https://www.otodom.pl/pl/oferta/3-pok-od-01-03-2026-ul-przedmiejska-softy-lofty-garaz-na-2-autabalkon-ID4zX90,NIE,0,1,3,"ul. Przedmiejska, Wrocław",brak,miejskie,brak,brak,60,2026-02-10
2026-02-07 22:43,Komfortowy Apartament 45m2 na płycie głównej Rynku,3500,https://www.otodom.pl/pl/oferta/komfortowy-apartament-45m2-na-plycie-glownej-rynku-ID4yX2G,NIE,0,3,2,"rynek Ratusz, Wrocław",brak,miejskie,5000,do zamieszkania,45,2026-02-10
2026-02-07 22:44,3-pok 62 m2 od zaraz ul. Klimasa DI Trevi *Garaż*,3500,https://www.otodom.pl/pl/oferta/3-pok-62-m2-od-zaraz-ul-klimasa-di-trevi-garaz-ID4zX81,NIE,0,2,3,"ul. ks. Czesława Klimasa, Wrocław",brak,miejskie,brak,brak,62,2026-02-10
2026-02-07 22:44,Wyjątkowe Dwupokojowe Mieszkanie Nadodrze,3800,https://www.otodom.pl/pl/oferta/wyjatkowe-dwupokojowe-mieszkanie-nadodrze-ID4zKif,NIE,700,4,2,"ul. Pomorska, Wrocław",brak,gazowe,4500,brak,75,2026-02-10
2026-02-07 22:44,"Walońska, 2-pokojowy 42 m² apartament w Angel Wings",2900,https://www.otodom.pl/pl/oferta/walonska-2-pokojowy-42-m-apartament-w-angel-wings-ID4nauo,NIE,700,4,2,"ul. Walońska, Wrocław",2011,miejskie,4000,do zamieszkania,42,2026-02-10
2026-02-07 22:44,Mieszkanie Nowy Gaj/ 2 pokoje/ 56m2/ parking i komórka lokatorska,3800,https://www.otodom.pl/pl/oferta/mieszkanie-nowy-gaj-2-pokoje-56m2-parking-i-komorka-lokatorska-ID4mqI8,NIE,800,4,2,"ul. Żegiestowska, Wrocław",2018,miejskie,6000,do zamieszkania,56,2026-02-10
2026-02-07 22:45,Przestronne 2 pokojowe mieszkanie z balkonem | Garaż,3000,https://www.otodom.pl/hpr/pl/oferta/przestronne-2-pokojowe-mieszkanie-z-balkonem-garaz-ID4zHAW,NIE,600,2,2,"ul. Stodolna, Wrocław",brak,miejskie,3900,do zamieszkania,52.3,2026-02-10
2026-02-07 22:45,Nowoczesny Apartament ul.Krakowska bezpośrednio! 2pokoje/ rzeka/balkon,3000,https://www.otodom.pl/pl/oferta/nowoczesny-apartament-ul-krakowska-bezposrednio-2pokoje-rzeka-balkon-ID49wjo,NIE,800,5,2,"ul. Krakowska, Wrocław",2023,miejskie,3000,do zamieszkania,43,2026-02-10
2026-02-07 22:47,Mieszkanie 2-pokojowe Iwaszkiewicza Klima Garaż duży taras,3000,https://www.otodom.pl/pl/oferta/mieszkanie-2-pokojowe-iwaszkiewicza-klima-garaz-duzy-taras-ID4xPcG,NIE,650,2,2,"ul. Jarosława Iwaszkiewicza, Wrocław",2020,miejskie,3000,do zamieszkania,49,2026-02-10
2026-02-07 22:47,First rent | Nadodrze | Studio | Kaszubska 11,1950,https://www.otodom.pl/pl/oferta/first-rent-nadodrze-studio-kaszubska-11-ID4zVZ6,NIE,300,0,1,"ul. Kaszubska, Wrocław",brak,miejskie,2600,do zamieszkania,23,2026-02-10
2026-02-07 22:47,City Center  I River View,6500,https://www.otodom.pl/pl/oferta/city-center-i-river-view-ID4zSRq,NIE,1100,3,4,"ul. gen. Władysława Sikorskiego, Wrocław",2018,brak,8000,brak,75,2026-02-10
2026-02-07 22:47,Pierwszy wynajem. Całkiem nowe. Centrum,2800,https://www.otodom.pl/pl/oferta/pierwszy-wynajem-calkiem-nowe-centrum-ID4zX09,NIE,500,7,1,Wrocław,2024,inne,brak,do zamieszkania,30,2026-02-10
2026-02-07 22:48,2 pokojowe#Grabiszyńska#Firlej#NajemOkazjonalny,2800,https://www.otodom.pl/pl/oferta/2-pokojowe-grabiszynska-firlej-najemokazjonalny-ID4zVYp,NIE,750,1,2,"ul. Grabiszyńska, Wrocław",1970,miejskie,3700,do zamieszkania,44,2026-02-10
2026-02-07 22:48,Gotowe M2|pełne wyposażenie|balkon|parkingx2,3000,https://www.otodom.pl/pl/oferta/gotowe-m2-pelne-wyposazenie-balkon-parkingx2-ID4zVYh,NIE,700,2,2,"ul. Stanisława Kunickiego, Wrocław",2021,miejskie,3500,do zamieszkania,49.8,2026-02-10
2026-02-07 22:48,"Wrocław Nadodrze, ulica Ludwika Rydygiera 63/16",2300,https://www.otodom.pl/pl/oferta/wroclaw-nadodrze-ulica-ludwika-rydygiera-63-16-ID4zl0A,NIE,750,3,2,Wrocław,brak,electrical,2500,brak,62,2026-02-10
2026-02-07 22:48,"2pok, balkon,parking/Walońska/Angel,1-bedr to rent",3300,https://www.otodom.pl/pl/oferta/2pok-balkon-parking-walonska-angel-1-bedr-to-rent-ID4zNN8,NIE,800,3,2,Wrocław,2011,miejskie,4500,do zamieszkania,52,2026-02-10
2026-02-07 22:48,Loftowy apartament 48 m² | 3 pokoje | Centrum,3300,https://www.otodom.pl/pl/oferta/loftowy-apartament-48-m-3-pokoje-centrum-ID4zVVu,NIE,0,4,3,"ul. Księcia Józefa Poniatowskiego, Wrocław",2019,miejskie,4000,do zamieszkania,48.2,2026-02-10
2026-02-07 22:48,Dwupokojowe mieszkanie z garderobą w centrum Wrocławia,3000,https://www.otodom.pl/pl/oferta/dwupokojowe-mieszkanie-z-garderoba-w-centrum-wroclawia-ID4zVWx,NIE,850,2,2,"ul. Jedności Narodowej, Wrocław",2004,miejskie,3000,do zamieszkania,56,2026-02-10
2026-02-07 22:49,"2pok+kuchnia,39m2/balkon/Gajowicka/Jastrzębia",2300,https://www.otodom.pl/pl/oferta/2pok-kuchnia-39m2-balkon-gajowicka-jastrzebia-ID4zVRB,NIE,0,3,2,Wrocław,1964,miejskie,3500,do zamieszkania,39,2026-02-10
2026-02-07 22:49,3 POKOJE | Promenady Wrocławskie | ul. Zakładowa,4350,https://www.otodom.pl/pl/oferta/3-pokoje-promenady-wroclawskie-ul-zakladowa-ID4zVUE,NIE,600,2,3,"ul. Zakładowa, Wrocław",2017,miejskie,6000,do zamieszkania,63,2026-02-10
2026-02-07 22:49,"Dwa osobne pokoje, 34m2, ul. Gazowa",2100,https://www.otodom.pl/pl/oferta/dwa-osobne-pokoje-34m2-ul-gazowa-ID4zVSM,NIE,740,1,2,"ul. Gazowa, Wrocław",2019,miejskie,brak,do zamieszkania,34,2026-02-10
2026-02-07 22:49,"Przestronna kawalerka - bez prowizji, w centrum Wrocławia",2100,https://www.otodom.pl/pl/oferta/przestronna-kawalerka-bez-prowizji-w-centrum-wroclawia-ID4zJRH,NIE,890,1,1,"ul. Grabiszyńska, Wrocław",2025,miejskie,brak,do zamieszkania,28.62,2026-02-10
2026-02-07 22:50,Eleganckie 3 pokojowe mieszkanie z ogrodem Rodzinn,3700,https://www.otodom.pl/pl/oferta/eleganckie-3-pokojowe-mieszkanie-z-ogrodem-rodzinn-ID4zS8R,NIE,950,brak,3,"ul. Rodzinna, Wrocław",brak,brak,5000,brak,58.15,2026-02-10
2026-02-07 22:50,2 pok. | os. kuchnia | balkon | centrum - ul. Reja,2700,https://www.otodom.pl/pl/oferta/2-pok-os-kuchnia-balkon-centrum-ul-reja-ID4zVLV,NIE,0,2,2,"ul. Mikołaja Reja, Wrocław",brak,miejskie,brak,do zamieszkania,50,2026-02-10
2026-02-07 22:50,Atrakcyjne mieszkanie 60 m² w spokojnej i zielonej dzielnicy Wrocławia,3300,https://www.otodom.pl/pl/oferta/atrakcyjne-mieszkanie-60-m-w-spokojnej-i-zielonej-dzielnicy-wroclawia-ID4zVOx,NIE,1200,3,3,"ul. Wojrowicka, Wrocław",brak,miejskie,4500,do zamieszkania,60,2026-02-10
2026-02-07 22:50,"Nowoczesne studio, prestiżowe z balkonem w OVO",2800,https://www.otodom.pl/pl/oferta/nowoczesne-studio-prestizowe-z-balkonem-w-ovo-ID4zd8L,NIE,750,4,1,"ul. Podwale, Wrocław",2016,brak,brak,do zamieszkania,32.49,2026-02-10
2026-02-07 22:50,"przestronne mieszkanie 42 m2 , ul. Wałbrzyska 13a,",2450,https://www.otodom.pl/pl/oferta/przestronne-mieszkanie-42-m2-ul-walbrzyska-13a-ID42OpE,NIE,677,3,1,Wrocław,2001,miejskie,3000,do zamieszkania,42,2026-02-10
2026-02-07 22:51,Nowoczesne 3 pok. Mieszkanie Kępa Mieszczańska,6500,https://www.otodom.pl/hpr/pl/oferta/nowoczesne-3-pok-mieszkanie-kepa-mieszczanska-ID4zQia,NIE,640,brak,3,"wyspa Kępa Mieszczańska, Wrocław",brak,miejskie,brak,do zamieszkania,66,2026-02-10
2026-02-07 22:52,Pakosławska|2pok|Rozkład|Garaż|Taras,2800,https://www.otodom.pl/pl/oferta/pakoslawska-2pok-rozklad-garaz-taras-ID4zN0P,NIE,650,0,2,"ul. Pakosławska, Wrocław",2020,miejskie,3000,do zamieszkania,49,2026-02-10
2026-02-07 22:52,Wrocław Fabryczna - Apartament z tarasem.,2750,https://www.otodom.pl/pl/oferta/wroclaw-fabryczna-apartament-z-tarasem-ID4zVJA,NIE,766,0,2,"ul. Nowodworska, Wrocław",2020,miejskie,3000,do zamieszkania,48,2026-02-10
2026-02-07 22:52,Wynajem mieszkanie ul. Oboźna 2 pokoje wyremontowane 50 m,2500,https://www.otodom.pl/pl/oferta/wynajem-mieszkanie-ul-obozna-2-pokoje-wyremontowane-50-m-ID4zVJ3,NIE,525,2,2,"ul. Oboźna, Wrocław",1995,miejskie,3000,do zamieszkania,50,2026-02-10
2026-02-07 22:52,"okazja, Krzyki, Huby",2250,https://www.otodom.pl/pl/oferta/okazja-krzyki-huby-ID4zVJh,NIE,1443,2,2,"ul. Nyska, Wrocław",1960,miejskie,2700,do zamieszkania,50,2026-02-10
2026-02-07 22:52,"Prusa, rozkładowe, umeblowane, wyposażone",2900,https://www.otodom.pl/pl/oferta/prusa-rozkladowe-umeblowane-wyposazone-ID4zVIY,NIE,0,0,2,"ul. Bolesława Prusa, Wrocław",1990,miejskie,brak,do zamieszkania,46,2026-02-10
2026-02-07 22:53,Okolice ul. Kruszwickiej,3000,https://www.otodom.pl/pl/oferta/okolice-ul-kruszwickiej-ID4zVHv,NIE,0,3,3,Wrocław,1970,miejskie,3000,do zamieszkania,51.95,2026-02-10
2026-02-07 22:53,Mieszkanie 2 pokojowe do wynajęcia + miejsce w garażu podziemnym,2800,https://www.otodom.pl/pl/oferta/mieszkanie-2-pokojowe-do-wynajecia-miejsce-w-garazu-podziemnym-ID4zVBh,NIE,800,5,2,"ul. Jesionowa, Wrocław",2016,miejskie,3500,do zamieszkania,39.3,2026-02-10
2026-02-07 22:53,Na wynajem | 2 pokoje | Nowe budownictwo | Centrum,3300,https://www.otodom.pl/pl/oferta/na-wynajem-2-pokoje-nowe-budownictwo-centrum-ID4zVIX,NIE,700,3,2,"ul. Ludwika Rydygiera, Wrocław",2012,kotłownia,3300,do zamieszkania,52.09,2026-02-10
2026-02-07 22:53,"Rynek, Ul. Ruska, Kawalerka,37M2, Ip., Balkon",2500,https://www.otodom.pl/pl/oferta/rynek-ul-ruska-kawalerka-37m2-ip-balkon-ID4zKKX,NIE,650,1,1,"ul. Ruska, Wrocław",brak,brak,3500,do zamieszkania,37,2026-02-10
2026-02-07 22:53,Kawalerka / Dworzec Główny / OD Zaraz,2150,https://www.otodom.pl/pl/oferta/kawalerka-dworzec-glowny-od-zaraz-ID4zVIo,NIE,500,1,1,"gen. Antoniego Madalińskiego, Wrocław",2024,brak,0,do zamieszkania,21.8,2026-02-10
2026-02-07 22:54,Miedziana - 2 pokoje- loggia- parking,2800,https://www.otodom.pl/pl/oferta/miedziana-2-pokoje-loggia-parking-ID4zVCm,NIE,631,1,2,"ul. Miedziana, Wrocław",2022,miejskie,brak,do zamieszkania,40,2026-02-10
2026-02-07 22:54,"3 osobne pok. z garderobą | Promocja ! Bezpośrednio |Wrocław, Jaworska",4600,https://www.otodom.pl/pl/oferta/3-osobne-pok-z-garderoba-promocja-bezposrednio-wroclaw-jaworska-ID4zVBc,NIE,860,2,3,"ul. Jaworska, Wrocław",2023,miejskie,brak,do zamieszkania,66.12,2026-02-10
2026-02-07 22:54,"Nowe, stylowe mieszkanie z dużym balkonem – ul. Braniborska, Wrocław",5000,https://www.otodom.pl/pl/oferta/nowe-stylowe-mieszkanie-z-duzym-balkonem-ul-braniborska-wroclaw-ID4zBpi,NIE,0,9,2,Wrocław,2020,gazowe,5000,do zamieszkania,47.48,2026-02-10
2026-02-07 22:54,Mieszkanie pracownicze - ul. Piłsudskiego,700,https://www.otodom.pl/pl/oferta/mieszkanie-pracownicze-ul-pilsudskiego-ID4zJMU,NIE,0,1,3,"ul. marsz. Józefa Piłsudskiego, Wrocław",brak,miejskie,3000,do zamieszkania,65,2026-02-10
2026-02-07 22:55,Angel City/ GYM&SPA/ 1mc 50%,3600,https://www.otodom.pl/pl/oferta/angel-city-gym-spa-1mc-50-ID4zDYH,NIE,0,8,2,"ul. Walońska, Wrocław",2022,miejskie,brak,do zamieszkania,44,2026-02-10
2026-02-07 22:55,Browary Wrocławskie- Wysoki standart,4000,https://www.otodom.pl/pl/oferta/browary-wroclawskie-wysoki-standart-ID4zVAl,NIE,900,2,3,"ul. Jedności Narodowej, Wrocław",2020,brak,4900,do zamieszkania,50,2026-02-10
2026-02-07 22:56,"2 pokoje, klimatyzacja, miejsce postojowe",3000,https://www.otodom.pl/pl/oferta/2-pokoje-klimatyzacja-miejsce-postojowe-ID4mSd8,NIE,800,4,2,Wrocław,brak,miejskie,4000,do zamieszkania,56,2026-02-10
2026-02-07 22:56,"Kawalerka 32,5 m² z balkonem | Ołbin | centrum",2200,https://www.otodom.pl/pl/oferta/kawalerka-32-5-m-z-balkonem-olbin-centrum-ID4zVtP,NIE,450,3,1,Wrocław,2019,miejskie,2200,do zamieszkania,32.5,2026-02-10
2026-02-07 22:56,Nowe 2-pokojowe mieszkanie na Krzykach,3000,https://www.otodom.pl/pl/oferta/nowe-2-pokojowe-mieszkanie-na-krzykach-ID4zVx6,NIE,700,1,2,"ul. Mglista, Wrocław",2025,miejskie,3500,do zamieszkania,37,2026-02-10
2026-02-07 22:56,Nowe Żerniki | 3 pokoje z ogródkiem i garażem | 78 m²,4700,https://www.otodom.pl/pl/oferta/nowe-zerniki-3-pokoje-z-ogrodkiem-i-garazem-78-m-ID4zVya,NIE,850,0,3,Wrocław,brak,miejskie,6500,do zamieszkania,78,2026-02-10
2026-02-07 22:56,First rent/ Promenady Wrocławskie/ 6 months,2800,https://www.otodom.pl/pl/oferta/first-rent-promenady-wroclawskie-6-months-ID4zVzi,NIE,600,0,2,"ul. Antoniego Słonimskiego, Wrocław",brak,brak,3400,brak,52,2026-02-10
2026-02-07 22:57,Piękne M3 - blisko autobus i tramwaj - ul. Krzycka,3200,https://www.otodom.pl/hpr/pl/oferta/piekne-m3-blisko-autobus-i-tramwaj-ul-krzycka-ID4zVL8,NIE,800,2,3,"ul. Krzycka, Wrocław",brak,gazowe,3200,do zamieszkania,61,2026-02-10
2026-02-07 22:57,"Śliczne, w pełni wyposażone 2 pok z balkonem.",3800,https://www.otodom.pl/pl/oferta/sliczne-w-pelni-wyposazone-2-pok-z-balkonem-ID4zbrK,NIE,540,2,2,"ul. Elizy Orzeszkowej, Wrocław",1935,gazowe,4500,brak,69,2026-02-10
2026-02-07 22:57,Fitnes Club w cenie | Balkon | Garaż | 2 Pokojowe Od Zaraz,2900,https://www.otodom.pl/pl/oferta/fitnes-club-w-cenie-balkon-garaz-2-pokojowe-od-zaraz-ID4zR9g,NIE,700,2,2,"al. gen. Józefa Hallera, Wrocław",brak,kotłownia,3100,do zamieszkania,44,2026-02-10
2026-02-07 22:57,Small Pet-Friendly | Garaż | Klimatyzacja | Balkon | Od zaraz,3200,https://www.otodom.pl/pl/oferta/small-pet-friendly-garaz-klimatyzacja-balkon-od-zaraz-ID4zReb,NIE,800,4,3,"al. Wiśniowa, Wrocław",brak,miejskie,4200,do zamieszkania,60,2026-02-10
2026-02-07 22:57,"Atrakcyjne 3 pokojowe Chorwacka, Różanka",3800,https://www.otodom.pl/pl/oferta/atrakcyjne-3-pokojowe-chorwacka-rozanka-ID4zaNw,NIE,1200,6,3,"ul. Chorwacka, Wrocław",brak,miejskie,5000,do zamieszkania,66.76,2026-02-10
2026-02-07 22:58,"NOWE BUD. 2022, 3pok, 60m2, Brzezińska / Leśnica",2900,https://www.otodom.pl/pl/oferta/nowe-bud-2022-3pok-60m2-brzezinska-lesnica-ID4zQRx,NIE,780,1,3,"ul. Brzezińska, Wrocław",2022,brak,3800,do zamieszkania,60,2026-02-10
2026-02-07 22:58,"2pok. Zielińskiego / Arkady - pieszo na Dworzec, kilka min. do Rynku!",2250,https://www.otodom.pl/pl/oferta/2pok-zielinskiego-arkady-pieszo-na-dworzec-kilka-min-do-rynku-ID4zQQB,NIE,620,0,2,"ul. Tadeusza Zielińskiego, Wrocław",1970,miejskie,2950,do zamieszkania,38,2026-02-10
2026-02-07 22:58,"Przestronne 84m2, nowe bud. Vivaldiego, Krzyki!",2950,https://www.otodom.pl/pl/oferta/przestronne-84m2-nowe-bud-vivaldiego-krzyki-ID4zQRV,NIE,950,2,3,"ul. Antonia Vivaldiego, Wrocław",2003,miejskie,4000,do zamieszkania,84,2026-02-10
2026-02-07 22:59,WYNAJMĘ MIKRO-KAWALERKĘ PRZY MAGNOLIA PARK - LEGNICKA 49,1800,https://www.otodom.pl/pl/oferta/wynajme-mikro-kawalerke-przy-magnolia-park-legnicka-49-ID4yadH,NIE,0,5,1,"ul. Legnicka, Wrocław",2019,miejskie,2200,do zamieszkania,17,2026-02-10
2026-02-07 22:59,Świetne mieszkanie do wynajęcia- top lokalizacja,2800,https://www.otodom.pl/pl/oferta/swietne-mieszkanie-do-wynajecia-top-lokalizacja-ID4ylji,NIE,1800,5,3,"ul. Nowowiejska, Wrocław",1900,miejskie,2800,do zamieszkania,75.1,2026-02-10
2026-02-07 22:59,"Na wynajem nowe, komfortowe mieszkanie na Krzykach I garaż I",3300,https://www.otodom.pl/pl/oferta/na-wynajem-nowe-komfortowe-mieszkanie-na-krzykach-i-garaz-i-ID4zQyO,NIE,800,4,3,"ul. Racławicka, Wrocław",2025,brak,brak,do zamieszkania,51.73,2026-02-10
2026-02-07 22:59,nowe/klimatyzacja /  15 min spacerem Rynek,3500,https://www.otodom.pl/pl/oferta/nowe-klimatyzacja-15-min-spacerem-rynek-ID4zQyJ,NIE,450,4,2,"ul. Kurkowa, Wrocław",2023,brak,5000,do zamieszkania,46,2026-02-10
2026-02-07 22:59,Studio premium z aneksem | centrum | balkon francuski | bez prowizji,2990,https://www.otodom.pl/pl/oferta/studio-premium-z-aneksem-centrum-balkon-francuski-bez-prowizji-ID4zQMt,NIE,650,3,1,"ul. Komandorska, Wrocław",1897,gazowe,4000,do zamieszkania,31,2026-02-10
2026-02-07 23:00,Dwupokojowe mieszkanie 42m2 na Wrocławskim Gaju,2500,https://www.otodom.pl/pl/oferta/dwupokojowe-mieszkanie-42m2-na-wroclawskim-gaju-ID4wrSD,NIE,800,2,2,"ul. Adama Uznańskiego, Wrocław",2006,kotłownia,3000,do zamieszkania,42,2026-02-10
2026-02-07 23:00,ok. Galerii Domnikańskiej I 3pok I Centrum,3500,https://www.otodom.pl/pl/oferta/ok-galerii-domnikanskiej-i-3pok-i-centrum-ID4zVrQ,NIE,800,2,3,"ul. gen. Józefa Haukego-Bosaka, Wrocław",1930,electrical,7000,do zamieszkania,80,2026-02-10
2026-02-07 23:00,ul. Kamienskiego / balkon,3300,https://www.otodom.pl/pl/oferta/ul-kamienskiego-balkon-ID4zVti,NIE,0,1,3,"ul. Kamieńskiego / komfort, Wrocław",2020,miejskie,brak,do zamieszkania,65,2026-02-10
2026-02-07 23:00,"Mieszkanie 3 pokojowe 69 m2 + balkon, garaż ul. Jesionowa",4200,https://www.otodom.pl/pl/oferta/mieszkanie-3-pokojowe-69-m2-balkon-garaz-ul-jesionowa-ID4muHJ,NIE,1100,5,3,Wrocław,2019,miejskie,4500,do zamieszkania,69,2026-02-10
2026-02-07 23:00,Pierwszy Najem - Garaż - Media Miejskie - Komfort,3200,https://www.otodom.pl/pl/oferta/pierwszy-najem-garaz-media-miejskie-komfort-ID4zVtx,NIE,900,2,2,"ul. Mieszczańska, Wrocław",2024,miejskie,4200,do zamieszkania,40,2026-02-10
2026-02-07 23:00,"3-pokojowe mieszkanie z balkonem | ul. Skwierzyńska, Wrocław",3500,https://www.otodom.pl/pl/oferta/3-pokojowe-mieszkanie-z-balkonem-ul-skwierzynska-wroclaw-ID4zuGx,NIE,1336,1,3,"ul. Skwierzyńska, Wrocław",brak,miejskie,4800,do zamieszkania,92,2026-02-10
2026-02-07 23:00,ul. Przyjaźni / Taras,7000,https://www.otodom.pl/pl/oferta/ul-przyjazni-taras-ID4zVtj,NIE,0,8,4,"PRZYJAŹNI / TARAS 80 M / DWA GARAŻE, Wrocław",2015,miejskie,brak,do zamieszkania,120,2026-02-10
2026-02-07 23:01,3 POKOJE ROZKŁADOWE | OSOBNA KUCHNIA | BALKON | GĄDÓW MAŁY,3300,https://www.otodom.pl/pl/oferta/3-pokoje-rozkladowe-osobna-kuchnia-balkon-gadow-maly-ID4uPfL,NIE,900,1,3,"ul. Skrzydlata, Wrocław",1990,miejskie,4500,do zamieszkania,63,2026-02-10
2026-02-07 23:01,Drukarska | Brand New | Ips School,8500,https://www.otodom.pl/pl/oferta/drukarska-brand-new-ips-school-ID4zVo9,NIE,1500,4,3,"ul. Drukarska, Wrocław",brak,miejskie,brak,brak,65,2026-02-10
2026-02-07 23:01,Centrum Wrocławia Media Miejskie Piwnica,2400,https://www.otodom.pl/pl/oferta/centrum-wroclawia-media-miejskie-piwnica-ID4zVnh,NIE,800,1,2,"pl. Nowy Targ, Wrocław",1962,miejskie,3500,do zamieszkania,33,2026-02-10
2026-02-07 23:02,2 pokoje | Spa&Gym | balkon | Angel City,3400,https://www.otodom.pl/pl/oferta/2-pokoje-spa-gym-balkon-angel-city-ID4zVma,NIE,0,8,2,"ul. Walońska, Wrocław",2022,miejskie,brak,do zamieszkania,53,2026-02-10
2026-02-07 23:02,"Mieszkanie ul. Sienkiewicza, 4 pokoje, 74m2",4000,https://www.otodom.pl/pl/oferta/mieszkanie-ul-sienkiewicza-4-pokoje-74m2-ID4yoKZ,NIE,1000,1,4,"ul. Henryka Sienkiewicza, Wrocław",1970,miejskie,5000,do zamieszkania,74,2026-02-10
2026-02-07 23:02,2pokoje | Promenady Wrocławskie | Do wynajęci,2790,https://www.otodom.pl/pl/oferta/2pokoje-promenady-wroclawskie-do-wynajeci-ID4zVib,NIE,630,5,2,"ul. Zakładowa, Wrocław",brak,miejskie,brak,do zamieszkania,39.6,2026-02-10
2026-02-07 23:02,"Nowe mieszkanie dwupokojowe, Różanka, Wrocław",2800,https://www.otodom.pl/pl/oferta/nowe-mieszkanie-dwupokojowe-rozanka-wroclaw-ID4lwuQ,NIE,650,4,2,Wrocław,2022,miejskie,4000,do zamieszkania,41,2026-02-10
2026-02-07 23:02,2 pokoje / Angel River / Mp / balkon / Gym&Spa,3400,https://www.otodom.pl/pl/oferta/2-pokoje-angel-river-mp-balkon-gym-spa-ID4zVn0,NIE,0,4,2,"ul. Walońska, Wrocław",2019,brak,brak,brak,42.24,2026-02-10
2026-02-07 23:03,Kawalerka w centrum Wrocławia,2490,https://www.otodom.pl/pl/oferta/kawalerka-w-centrum-wroclawia-ID4zVhf,NIE,170,2,1,"ul. Komuny Paryskiej, Wrocław",1890,miejskie,2490,do zamieszkania,27,2026-02-10
2026-02-07 23:03,Nowa kawalerka na Krzykach - ul. Dożynkowa,3000,https://www.otodom.pl/pl/oferta/nowa-kawalerka-na-krzykach-ul-dozynkowa-ID4zrTt,NIE,600,1,2,"ul. Dożynkowa, Wrocław",2025,miejskie,4000,do zamieszkania,29.1,2026-02-10
2026-02-07 23:03,"Wilczyce, 4 pokojowe w zab. szeregowej",4500,https://www.otodom.pl/pl/oferta/wilczyce-4-pokojowe-w-zab-szeregowej-ID4zVfD,NIE,250,1,4,"Urocza, Wrocław",2012,gazowe,5000,brak,115,2026-02-10
2026-02-07 23:03,Nowe mieszkanie na wynajem Wrocław ul. Legnicka - bez pośredników,4000,https://www.otodom.pl/pl/oferta/nowe-mieszkanie-na-wynajem-wroclaw-ul-legnicka-bez-posrednikow-ID4wIy0,NIE,800,10,2,"ul. Legnicka, Wrocław",2024,miejskie,4200,do zamieszkania,40.59,2026-02-10
2026-02-07 23:04,"3pok.| garaż | balkon | klima | szkoła WIS | Krzyki, ul. Racławicka 87",4800,https://www.otodom.pl/hpr/pl/oferta/3pok-garaz-balkon-klima-szkola-wis-krzyki-ul-raclawicka-87-ID4zR1W,NIE,1019,1,3,"ul. Racławicka, Wrocław",2012,miejskie,6000,do zamieszkania,64.46,2026-02-10
2026-02-07 23:04,3 pokojowe mieszkanie loftowe - ul. Młynarska,3700,https://www.otodom.pl/pl/oferta/3-pokojowe-mieszkanie-loftowe-ul-mlynarska-ID4zFhZ,NIE,650,1,3,"ul. Młynarska, Wrocław",2023,miejskie,brak,do zamieszkania,57.36,2026-02-10
2026-02-07 23:04,44m²|Świetna lokalizacja|Ciche|Kamienica|Dla pary,2650,https://www.otodom.pl/pl/oferta/44m-swietna-lokalizacja-ciche-kamienica-dla-pary-ID4zG0U,NIE,750,2,2,"ul. Pomorska, Wrocław",brak,gazowe,brak,do zamieszkania,44,2026-02-10
2026-02-07 23:05,2 osobne pokoje z balkonem | ul. Grabiszyńska,2600,https://www.otodom.pl/pl/oferta/2-osobne-pokoje-z-balkonem-ul-grabiszynska-ID4zFoH,NIE,900,1,2,"ul. Grabiszyńska, Wrocław",2020,miejskie,3500,do zamieszkania,42,2026-02-10
2026-02-07 23:05,Luks 3 Pok - Centrum - Parking – Od Zaraz,5600,https://www.otodom.pl/pl/oferta/luks-3-pok-centrum-parking-od-zaraz-ID4zVcb,NIE,1230,3,3,Wrocław,2017,miejskie,brak,brak,63,2026-02-10
2026-02-07 23:05,"3-pokojowe mieszkanie, Olimpia Port",3100,https://www.otodom.pl/pl/oferta/3-pokojowe-mieszkanie-olimpia-port-ID4zEhK,NIE,750,3,3,"ul. Ferdynanda Magellana, Wrocław",2020,miejskie,brak,do zamieszkania,54,2026-02-10
2026-02-07 23:05,"Wynajem WYŁĄCZNIE dla firmy, vat 23%",4000,https://www.otodom.pl/pl/oferta/wynajem-wylacznie-dla-firmy-vat-23-ID4rFwf,NIE,950,3,3,Wrocław,2023,miejskie,4000,do zamieszkania,58.2,2026-02-10
2026-02-07 23:06,Kawalerka WROCŁAW ŚLICZNA 1900 zł + rachunki,1900,https://www.otodom.pl/pl/oferta/kawalerka-wroclaw-sliczna-1900-zl-rachunki-ID4lAvh,NIE,0,6,1,"ul. Śliczna, Wrocław",brak,miejskie,3000,brak,24,2026-02-10
2026-02-07 23:06,Kawalerka wysoki standard balkon Legnicka 33,2300,https://www.otodom.pl/pl/oferta/kawalerka-wysoki-standard-balkon-legnicka-33-ID4woOG,NIE,550,5,1,"ul. Legnicka, Wrocław",2020,miejskie,2300,do zamieszkania,20,2026-02-10
2026-02-07 23:06,"3 pok, 65m2, dwa balkony, klima,miejsce park.",5000,https://www.otodom.pl/pl/oferta/3-pok-65m2-dwa-balkony-klima-miejsce-park-ID4zvaG,NIE,1000,5,3,"ul. Przyjaźni, Wrocław",2020,miejskie,6000,brak,65,2026-02-10
2026-02-07 23:06,Ulica Magellana ! Pełen Rozkład ! Super Wyposażone Umeblowane Okazja !,2800,https://www.otodom.pl/pl/oferta/ulica-magellana-pelen-rozklad-super-wyposazone-umeblowane-okazja-ID4zLkd,NIE,0,2,2,"ul. Ferdynanda Magellana, Wrocław",brak,miejskie,brak,do zamieszkania,46,2026-02-10
2026-02-07 23:06,The Upper House-basen | concierge |Spa&Gym + taras,4000,https://www.otodom.pl/pl/oferta/the-upper-house-basen-concierge-spa-gym-taras-ID4zVbk,NIE,0,6,2,"ul. Walońska, Wrocław",2025,miejskie,brak,do zamieszkania,40,2026-02-10
2026-02-07 23:07,Świetna lokalizacja✮MP✮3-pok✮Balkon✮ENG,3300,https://www.otodom.pl/pl/oferta/swietna-lokalizacjamp3-pokbalkoneng-ID4zVaX,NIE,900,9,3,"ul. Kamienna, Wrocław",2021,miejskie,4500,do zamieszkania,55,2026-02-10
2026-02-07 23:07,NOWOCZESNA KAWALERKA | PIERWSZY NAJEM | BALKON | WINDA,2500,https://www.otodom.pl/pl/oferta/nowoczesna-kawalerka-pierwszy-najem-balkon-winda-ID4zVa6,NIE,350,3,1,"ul. Międzyleska, Wrocław",2024,miejskie,2500,do zamieszkania,26,2026-02-10
2026-02-07 23:08,Mieszkanie 2-pokojowe na Fabrycznej we Wrocławiu do WYNAJĘCIA,2900,https://www.otodom.pl/pl/oferta/mieszkanie-2-pokojowe-na-fabrycznej-we-wroclawiu-do-wynajecia-ID4zV3m,NIE,750,3,2,"ul. Legnicka, Wrocław",2017,miejskie,brak,do zamieszkania,50,2026-02-10
2026-02-07 23:08,Rozkładowe 2 pokoje z balkonem -Plac Grunwaldzki,3000,https://www.otodom.pl/pl/oferta/rozkladowe-2-pokoje-z-balkonem-plac-grunwaldzki-ID4zV3d,NIE,0,5,2,"ul. Benedykta Polaka, Wrocław",2018,miejskie,brak,do zamieszkania,42,2026-02-10
2026-02-07 23:08,"Nowy budynek, bukwar, rzeka. HIT!",4199,https://www.otodom.pl/pl/oferta/nowy-budynek-bukwar-rzeka-hit-ID4xDUE,NIE,719,1,2,"ul. Księcia Witolda, Wrocław",brak,brak,5000,do zamieszkania,45.19,2026-02-10
2026-02-07 23:08,2 pokoje z osobną kuchnią ✩ Zoo ✩ na 6 miesięcy,2500,https://www.otodom.pl/pl/oferta/2-pokoje-z-osobna-kuchnia-zoo-na-6-miesiecy-ID4zV5I,NIE,750,1,2,"ul. Antoniego Wiwulskiego, Wrocław",brak,miejskie,3500,to_completion,53,2026-02-10
2026-02-07 23:08,Kawalerka z miejscem parkingowym Jeździecka Krzyki,2000,https://www.otodom.pl/pl/oferta/kawalerka-z-miejscem-parkingowym-jezdziecka-krzyki-ID4vOUP,NIE,800,5,1,Wrocław,brak,brak,2800,do zamieszkania,27,2026-02-10
2026-02-07 23:09,Luksusowe_3_pokoje_z_balkonem_klimatyzowane_garaż_spokojna_okolica,4400,https://www.otodom.pl/pl/oferta/luksusowe-3-pokoje-z-balkonem-klimatyzowane-garaz-spokojna-okolica-ID4zSFL,NIE,850,1,3,"ul. Brylantowa, Wrocław",2018,electrical,9000,do zamieszkania,85,2026-02-10
2026-02-07 23:09,Bulwary Książęce |64 m²|3 Pokoje|Klimatyzacja|Mp,4700,https://www.otodom.pl/pl/oferta/bulwary-ksiazece-64-m-3-pokoje-klimatyzacja-mp-ID4zV2l,NIE,900,brak,3,Wrocław,brak,brak,brak,brak,64,2026-02-10
2026-02-07 23:09,3 pokoje | Promenady Wrocławskie | ul. Zakładowa,4000,https://www.otodom.pl/pl/oferta/3-pokoje-promenady-wroclawskie-ul-zakladowa-ID4vuyf,NIE,1000,2,3,"ul. Zakładowa, Wrocław",2012,miejskie,5000,do zamieszkania,65,2026-02-10
2026-02-07 23:09,Dwupoziomowe 83 m² z tarasem 20 m² | Brochów | Aquapark 3 min,4000,https://www.otodom.pl/pl/oferta/dwupoziomowe-83-m-z-tarasem-20-m-brochow-aquapark-3-min-ID4zO7m,NIE,1165,2,3,Wrocław,2021,kotłownia,5165,do zamieszkania,83,2026-02-10
2026-02-07 23:10,4-pokojowe mieszkanie z balkonem: Bystrzycka 10 min od Magnolia Park,3800,https://www.otodom.pl/pl/oferta/4-pokojowe-mieszkanie-z-balkonem-bystrzycka-10-min-od-magnolia-park-ID4zWZn,NIE,1195,0,4,"ul. Bystrzycka, Wrocław",brak,miejskie,4995,do zamieszkania,63,2026-02-10
2026-02-07 23:10,Pierwszy najem | Zamieszkaj w nowym mieszkaniu,2300,https://www.otodom.pl/pl/oferta/pierwszy-najem-zamieszkaj-w-nowym-mieszkaniu-ID4zWZu,NIE,450,1,2,"ul. Blizanowicka, Wrocław",2025,miejskie,0,do zamieszkania,34.1,2026-02-10
2026-02-07 23:10,"Wyjątkowe miejsce w centrum miasta, Lofty, Taras",6000,https://www.otodom.pl/pl/oferta/wyjatkowe-miejsce-w-centrum-miasta-lofty-taras-ID4zGt4,NIE,1600,5,4,"ul. Inowrocławska, Wrocław",2012,miejskie,brak,do zamieszkania,104,2026-02-10
2026-02-07 23:10,Nowa kawalerka| Wynajem| Fabryczna| Od zaraz,1800,https://www.otodom.pl/pl/oferta/nowa-kawalerka-wynajem-fabryczna-od-zaraz-ID4zV1n,NIE,350,1,1,"ul. Fabryczna, Wrocław",2022,miejskie,2500,do zamieszkania,17,2026-02-10
2026-02-07 23:11,"LEGNICKA, 33 m2, 2 pokoje, PIXEL HOUSE, przy C.H. MAGNOLIA",2700,https://www.otodom.pl/hpr/pl/oferta/legnicka-33-m2-2-pokoje-pixel-house-przy-c-h-magnolia-ID4zVdO,NIE,604,3,2,"ul. Legnicka, Wrocław",2022,miejskie,3300,do zamieszkania,33,2026-02-10
2026-02-07 23:11,"2 pokoje z ogródkiem + miejsce postojowe, JAGODNO",3300,https://www.otodom.pl/pl/oferta/2-pokoje-z-ogrodkiem-miejsce-postojowe-jagodno-ID4zWY8,NIE,930,0,2,"Adama Kopycińskiego, Wrocław",2021,kotłownia,3800,do zamieszkania,41.6,2026-02-10
2026-02-07 23:11,ul. Nożownicza _ 2 pok _balkon _m. post. _od zaraz,3000,https://www.otodom.pl/pl/oferta/ul-nozownicza-2-pok-balkon-m-post-od-zaraz-ID4zWXH,NIE,705,3,2,"ul. Nożownicza, Wrocław",1978,miejskie,4000,do zamieszkania,45,2026-02-10
2026-02-07 23:11,3-pokojowe mieszkanie z dużym ogródkiem na Partynicach – bez prowizji,4450,https://www.otodom.pl/pl/oferta/3-pokojowe-mieszkanie-z-duzym-ogrodkiem-na-partynicach-bez-prowizji-ID4zWV4,NIE,1365,0,3,"ul. Kawalerzystów, Wrocław",brak,miejskie,5815,do zamieszkania,74,2026-02-10
2026-02-07 23:12,"3-pok, mieszkanie przy ul. Kiełbaśniczej / English",3800,https://www.otodom.pl/pl/oferta/3-pok-mieszkanie-przy-ul-kielbasniczej-english-ID4mGWY,NIE,1200,2,3,"ul. Kiełbaśnicza, Wrocław",1930,miejskie,4000,do zamieszkania,83,2026-02-10
2026-02-07 23:12,3-pokojowe mieszkanie przy ul. Szewskiej / English,3500,https://www.otodom.pl/pl/oferta/3-pokojowe-mieszkanie-przy-ul-szewskiej-english-ID4i1hP,NIE,1200,2,3,"ul. Szewska, Wrocław",1913,miejskie,4000,do zamieszkania,78.8,2026-02-10
2026-02-07 23:12,"Mieszkanie 2 pokoje, Maślice ul. Królewiecka",2400,https://www.otodom.pl/pl/oferta/mieszkanie-2-pokoje-maslice-ul-krolewiecka-ID36ure,NIE,630,1,2,Wrocław,2005,kotłownia,2400,do zamieszkania,49.1,2026-02-10
2026-02-07 23:13,Przestronne 4-pokojowe mieszkanie przy ul. Podwale / English,4000,https://www.otodom.pl/pl/oferta/przestronne-4-pokojowe-mieszkanie-przy-ul-podwale-english-ID4jAcD,NIE,2000,4,4,Wrocław,1955,miejskie,5000,do zamieszkania,108,2026-02-10
2026-02-07 23:13,Piękne słoneczne mieszkanie w centrum + Erasmus,5400,https://www.otodom.pl/pl/oferta/piekne-sloneczne-mieszkanie-w-centrum-erasmus-ID4uCHC,NIE,150,1,4,"pl. Nowy Targ, Wrocław",brak,miejskie,5400,do zamieszkania,55,2026-02-10
2026-02-07 23:13,Duża kawalerka 35 m2 z osobną kuchnią,2350,https://www.otodom.pl/pl/oferta/duza-kawalerka-35-m2-z-osobna-kuchnia-ID4pQH9,NIE,750,3,1,"ul. Altanowa, Wrocław",brak,miejskie,3000,do zamieszkania,35,2026-02-10
2026-02-07 23:13,"Hit 2 pokoje, ogródek, parking, paczkomat",2600,https://www.otodom.pl/pl/oferta/hit-2-pokoje-ogrodek-parking-paczkomat-ID4z0hj,NIE,900,0,2,"ul. Gerberowa, Wrocław",brak,gazowe,4000,brak,56,2026-02-10
2026-02-07 23:14,Mieszkanie 2 pokoje na wynajem,2200,https://www.otodom.pl/pl/oferta/mieszkanie-2-pokoje-na-wynajem-ID4jGRD,NIE,0,4,2,"ul. Sycowska, Wrocław",1970,miejskie,2000,do zamieszkania,42,2026-02-10
2026-02-07 23:14,2 pokoje | osobna kuchnia | Parking | 45m2,2500,https://www.otodom.pl/pl/oferta/2-pokoje-osobna-kuchnia-parking-45m2-ID4zWQS,NIE,600,0,2,"ul. Bernarda Pretficza, Wrocław",1930,miejskie,3000,do zamieszkania,45,2026-02-10
2026-02-07 23:14,Stylowe 2 pok mieszkanie | Balkon | Parking,2750,https://www.otodom.pl/pl/oferta/stylowe-2-pok-mieszkanie-balkon-parking-ID4zWQ8,NIE,0,10,2,"ul. Legnicka, Wrocław",2020,miejskie,brak,do zamieszkania,41,2026-02-10
2026-02-07 23:14,"Nowa przytulna, ekskluzywna kawalerka do wynajęcia - pierwszy najem",2000,https://www.otodom.pl/pl/oferta/nowa-przytulna-ekskluzywna-kawalerka-do-wynajecia-pierwszy-najem-ID4zUcB,NIE,600,1,1,"al. gen. Józefa Hallera, Wrocław",2025,miejskie,3000,do zamieszkania,20,2026-02-10
2026-02-07 23:15,Dwupokojowe mieszkanie z balkonem w zielonej  Klecinie.,2750,https://www.otodom.pl/pl/oferta/dwupokojowe-mieszkanie-z-balkonem-w-zielonej-klecinie-ID4zWLY,NIE,510,2,2,"ul. Łanowa, Wrocław",2017,kotłownia,3000,do zamieszkania,55,2026-02-10
2026-02-07 23:15,"Wrocław, Różanka 3-pokojowe mieszkanie",3350,https://www.otodom.pl/pl/oferta/wroclaw-rozanka-3-pokojowe-mieszkanie-ID4sgWX,NIE,800,3,3,Wrocław,2009,miejskie,6000,do zamieszkania,61,2026-02-10
2026-02-07 23:15,"Mieszkanie, 37 m², Wrocław",2000,https://www.otodom.pl/pl/oferta/mieszkanie-37-m-wroclaw-ID4zWOX,NIE,0,3,2,"ul. Królowej Marysieńki, Wrocław",brak,miejskie,brak,do zamieszkania,37,2026-02-10
2026-02-07 23:16,"Mieszkanie 1 pok. pełne wyposażenie Rynek, róg Więzienna",2790,https://www.otodom.pl/pl/oferta/mieszkanie-1-pok-pelne-wyposazenie-rynek-rog-wiezienna-ID4ygf5,NIE,349,3,1,"rynek Rynek, Wrocław",1900,miejskie,2700,do zamieszkania,23,2026-02-10
2026-02-07 23:16,2- pokojowe mieszkanie| PLAC GRUNWALDZKI| PIASTOWSKA,2700,https://www.otodom.pl/pl/oferta/2-pokojowe-mieszkanie-plac-grunwaldzki-piastowska-ID4l1Is,NIE,800,2,2,"ul. Piastowska, Wrocław",1970,gazowe,3000,do zamieszkania,49,2026-02-10
2026-02-07 23:16,Zatorska | 2 pok | Balkon | Parking,2300,https://www.otodom.pl/pl/oferta/zatorska-2-pok-balkon-parking-ID4zWHM,NIE,650,4,2,"ul. Zatorska, Wrocław",2015,miejskie,2900,do zamieszkania,33,2026-02-10
2026-02-07 23:16,Bardzo duże | Dwupoziomowe | Taras | Garderoba | Lotnisko | Graniczna,4550,https://www.otodom.pl/pl/oferta/bardzo-duze-dwupoziomowe-taras-garderoba-lotnisko-graniczna-ID4zK57,NIE,1200,4,4,"ul. Graniczna, Wrocław",2017,miejskie,6300,do zamieszkania,80,2026-02-10
2026-02-07 23:16,Przestronne 3-pokojowe mieszkanie z balkonem,3300,https://www.otodom.pl/pl/oferta/przestronne-3-pokojowe-mieszkanie-z-balkonem-ID4zWLw,NIE,700,1,3,"ul. Smardzowska, Wrocław",2017,miejskie,brak,do zamieszkania,72,2026-02-10
2026-02-07 23:16,Wynajmę 2 pokojowe mieszkanie,2600,https://www.otodom.pl/pl/oferta/wynajme-2-pokojowe-mieszkanie-ID4zEX9,NIE,600,3,2,"ul. Skarbowców, Wrocław",2000,miejskie,2500,do zamieszkania,50,2026-02-10
2026-02-07 23:17,"Apartament Kurkowa 14, 2 sypialnie+salon+taras",3800,https://www.otodom.pl/pl/oferta/apartament-kurkowa-14-2-sypialnie-salon-taras-ID4zWFW,NIE,1280,5,3,"ul. Kurkowa, Wrocław",2016,miejskie,brak,do zamieszkania,64,2026-02-10
2026-02-07 23:17,Mieszkanie 3 pokoje z balkonem i dwoma miejscami postojowymi,4000,https://www.otodom.pl/pl/oferta/mieszkanie-3-pokoje-z-balkonem-i-dwoma-miejscami-postojowymi-ID4z9p4,NIE,1300,5,3,"ul. Braniborska, Wrocław",2023,miejskie,5000,do zamieszkania,55.3,2026-02-10
2026-02-07 23:17,Piękny apartament nad Odrą | 2-pok | sauna | komórka lok | 24h ochrona,3600,https://www.otodom.pl/pl/oferta/piekny-apartament-nad-odra-2-pok-sauna-komorka-lok-24h-ochrona-ID4xf53,NIE,600,2,2,"ul. Staromłyńska, Wrocław",2021,brak,3600,brak,35,2026-02-10
2026-02-07 23:17,"Willowe, 35m2, z tarasem , ogródkiem",1400,https://www.otodom.pl/hpr/pl/oferta/willowe-35m2-z-tarasem-ogrodkiem-ID4zWYI,NIE,700,0,1,"ul. Wacława Berenta, Wrocław",1930,gazowe,1400,brak,35,2026-02-10
2026-02-07 23:18,Pełne wyposażenie | Blisko rynku,2200,https://www.otodom.pl/pl/oferta/pelne-wyposazenie-blisko-rynku-ID4uqGA,NIE,400,0,1,Wrocław,1960,miejskie,2500,do zamieszkania,20,2026-02-10
2026-02-07 23:18,Psie Pole_2 pokoje_48m2_oddzielna kuchnia_balkon,2900,https://www.otodom.pl/pl/oferta/psie-pole-2-pokoje-48m2-oddzielna-kuchnia-balkon-ID4zWDK,NIE,770,2,2,"ul. Miłostowska, Wrocław",brak,miejskie,3500,do zamieszkania,48.58,2026-02-10
2026-02-07 23:19,"ok. Ogrodu Botanicznego, mieszkanie 2 pokojowe, rozkładowe.",2500,https://www.otodom.pl/pl/oferta/ok-ogrodu-botanicznego-mieszkanie-2-pokojowe-rozkladowe-ID4znSj,NIE,900,9,2,"ul. kard. Stefana Wyszyńskiego, Wrocław",brak,miejskie,7000,do zamieszkania,47,2026-02-10
2026-02-07 23:19,Park za oknem – komfortowe 2 pokoje z garażem,3200,https://www.otodom.pl/pl/oferta/park-za-oknem-komfortowe-2-pokoje-z-garazem-ID4zWvF,NIE,900,1,2,"ul. Antoniego Wiwulskiego, Wrocław",2013,miejskie,3200,do zamieszkania,54,2026-02-10
2026-02-07 23:19,2 pok | ROZKŁAD | 45m2 | ul. Popowicka 36 | Balkon plus piwnica,2750,https://www.otodom.pl/pl/oferta/2-pok-rozklad-45m2-ul-popowicka-36-balkon-plus-piwnica-ID4zWvL,NIE,750,4,2,"ul. Popowicka, Wrocław",brak,miejskie,3000,do zamieszkania,45,2026-02-10
2026-02-07 23:20,2 pokoje / Michalczyka / Bezpośrednio,2800,https://www.otodom.pl/pl/oferta/2-pokoje-michalczyka-bezposrednio-ID4zWcI,NIE,900,1,2,"ul. Kazimierza Michalczyka, Wrocław",brak,miejskie,3700,do zamieszkania,38,2026-02-10
2026-02-07 23:20,"Nowe 1-pokojowe mieszkanie z balkonem – pierwszy najem, od właściciela",2500,https://www.otodom.pl/pl/oferta/nowe-1-pokojowe-mieszkanie-z-balkonem-pierwszy-najem-od-wlasciciela-ID4zWsl,NIE,0,1,1,"ul. Międzyleska, Wrocław",2025,brak,3000,do zamieszkania,25.74,2026-02-10
2026-02-07 23:20,"Jasne mieszkanie, kolo parku, 64m2 + wielki balkon",3350,https://www.otodom.pl/pl/oferta/jasne-mieszkanie-kolo-parku-64m2-wielki-balkon-ID4zNQS,NIE,770,2,2,"ul. Marszowicka, Wrocław",2016,kotłownia,5500,do zamieszkania,64,2026-02-10
2026-02-07 23:20,81 m2 Kępa Mieszczańska ciche i spokojne,6000,https://www.otodom.pl/pl/oferta/81-m2-kepa-mieszczanska-ciche-i-spokojne-ID4zWtr,NIE,1400,1,4,"ul. Mieszczańska, Wrocław",2018,miejskie,6500,do zamieszkania,81.5,2026-02-10
2026-02-07 23:20,Dom w Śródmieściu Wrocławia ul. Promień,4500,https://www.otodom.pl/pl/oferta/dom-w-srodmiesciu-wroclawia-ul-promien-ID4zWtk,NIE,0,brak,5,"ul. Promień, Wrocław",1970,brak,brak,brak,130,2026-02-10
2026-02-07 23:21,2 pokoje / Borowska / Bez prowizji,2500,https://www.otodom.pl/pl/oferta/2-pokoje-borowska-bez-prowizji-ID4zWeg,NIE,850,3,2,"ul. Borowska, Wrocław",brak,gazowe,3350,do zamieszkania,40,2026-02-10
2026-02-07 23:21,2 pokoje / Strzegomska / BEZPOŚREDNIO,2700,https://www.otodom.pl/pl/oferta/2-pokoje-strzegomska-bezposrednio-ID4zWfG,NIE,1100,5,2,"ul. Strzegomska, Wrocław",brak,miejskie,4000,do zamieszkania,52,2026-02-10
2026-02-07 23:21,2 pokoje / Drabika / Bez prowizji,2900,https://www.otodom.pl/pl/oferta/2-pokoje-drabika-bez-prowizji-ID4zWg4,NIE,850,2,2,Wrocław,brak,miejskie,3750,do zamieszkania,42,2026-02-10
2026-02-07 23:21,Standard Lux/3 pokoje/garaż/Jesionowa/klimatyzacja,4700,https://www.otodom.pl/pl/oferta/standard-lux-3-pokoje-garaz-jesionowa-klimatyzacja-ID4zWqF,NIE,687,4,3,"ul. Jesionowa, Wrocław",2017,miejskie,10000,do zamieszkania,68.95,2026-02-10
2026-02-07 23:22,Nowa kawalerka przy ul. Iwaszkiewicza z antresolą,2600,https://www.otodom.pl/pl/oferta/nowa-kawalerka-przy-ul-iwaszkiewicza-z-antresola-ID4x0td,NIE,400,2,1,"ul. Jarosława Iwaszkiewicza, Wrocław",2023,miejskie,3000,do zamieszkania,33,2026-02-10
2026-02-07 23:23,Do wynajęcia pokój 18m2.ul.Lwowska.,1300,https://www.otodom.pl/pl/oferta/do-wynajecia-pokoj-18m2-ul-lwowska-ID4mPYJ,NIE,380,4,2,"ul. Lwowska, Wrocław",brak,gazowe,2100,do zamieszkania,18,2026-02-10
2026-02-07 23:23,Ogrody Hallera 2 pokoje BEZPOŚREDNIO,3000,https://www.otodom.pl/pl/oferta/ogrody-hallera-2-pokoje-bezposrednio-ID4zWiJ,NIE,850,2,2,"al. gen. Józefa Hallera, Wrocław",2018,gazowe,3000,do zamieszkania,44,2026-02-10
2026-02-07 23:23,3 pokoje z osobną kuchnią w super lokalizacji,3650,https://www.otodom.pl/pl/oferta/3-pokoje-z-osobna-kuchnia-w-super-lokalizacji-ID4zWko,NIE,950,10,3,"ul. Popowicka, Wrocław",brak,miejskie,5000,do zamieszkania,58,2026-02-10
2026-02-07 23:23,Apartament 2-pok.| Balkon | Parking| Magellana,2900,https://www.otodom.pl/pl/oferta/apartament-2-pok-balkon-parking-magellana-ID4yTg1,NIE,950,2,2,"ul. Ferdynanda Magellana, Wrocław",2018,miejskie,4200,brak,45,2026-02-10
2026-02-07 23:24,Nowoczesne 3-pokojowe mieszkanie z balkonem i garażem podziemnym,6200,https://www.otodom.pl/hpr/pl/oferta/nowoczesne-3-pokojowe-mieszkanie-z-balkonem-i-garazem-podziemnym-ID4qm3b,NIE,1000,5,3,"ul. Gwiaździsta, Wrocław",2019,brak,7000,do zamieszkania,77.14,2026-02-10
2026-02-07 23:24,"3pok, Rynek,2 bedr flat/pet firendly/Erasmus",3300,https://www.otodom.pl/pl/oferta/3pok-rynek-2-bedr-flat-pet-firendly-erasmus-ID4zNN1,NIE,1200,3,3,"ul. Nożownicza, Wrocław",1895,miejskie,4500,do zamieszkania,62,2026-02-10
2026-02-07 23:24,ATRAKCYJNA I KAWALERKA 28m I CENTRUM I,2300,https://www.otodom.pl/pl/oferta/atrakcyjna-i-kawalerka-28m-i-centrum-i-ID4zWha,NIE,400,2,1,Wrocław,2012,miejskie,2300,do zamieszkania,28,2026-02-10
2026-02-07 23:24,Luksusowe_4_pokoje_z_tarasem_klimatyzacja_komórka_lokatorkska_garaż,4950,https://www.otodom.pl/pl/oferta/luksusowe-4-pokoje-z-tarasem-klimatyzacja-komorka-lokatorkska-garaz-ID4zWgs,NIE,1050,2,4,"ul. Sarnia, Wrocław",2021,gazowe,12000,do zamieszkania,95,2026-02-10
2026-02-07 23:25,Nowy apartament przy rzece | 3 pokoje | Księcia Witolda,5200,https://www.otodom.pl/pl/oferta/nowy-apartament-przy-rzece-3-pokoje-ksiecia-witolda-ID4zW9b,NIE,1250,4,3,"ul. Księcia Witolda, Wrocław",brak,brak,5200,brak,65,2026-02-10
2026-02-07 23:25,Kawalerka / Wyszyńskiego / BEZPOŚREDNIO,1900,https://www.otodom.pl/pl/oferta/kawalerka-wyszynskiego-bezposrednio-ID4zPqA,NIE,800,3,1,"ul. kard. Stefana Wyszyńskiego, Wrocław",brak,gazowe,2700,do zamieszkania,35,2026-02-10
2026-02-07 23:25,Studio Smart 17m2/Pet friendly,1700,https://www.otodom.pl/pl/oferta/studio-smart-17m2-pet-friendly-ID4yrOL,NIE,650,brak,1,"ul. Buforowa, Wrocław",2022,miejskie,2600,do zamieszkania,17,2026-02-10
2026-02-07 23:25,Mieszkanie dwupokojowe 40m2 / jeden miesiąc za darmo!!,2600,https://www.otodom.pl/pl/oferta/mieszkanie-dwupokojowe-40m2-jeden-miesiac-za-darmo-ID4ynWk,NIE,700,2,2,"ul. Buforowa, Wrocław",2022,miejskie,3800,do zamieszkania,40,2026-02-10
2026-02-07 23:25,3 pokoje / Klimasa / Bezpośrednio,2650,https://www.otodom.pl/pl/oferta/3-pokoje-klimasa-bezposrednio-ID4zPqh,NIE,1200,2,3,"ul. ks. Czesława Klimasa, Wrocław",brak,miejskie,3850,do zamieszkania,63,2026-02-10
2026-02-07 23:26,Apartament M3 l Taras 65m2 l Miejsce Postojowe,6300,https://www.otodom.pl/pl/oferta/apartament-m3-l-taras-65m2-l-miejsce-postojowe-ID4zQjM,NIE,0,7,3,"ul. Mieszczańska, Wrocław",2020,brak,0,do zamieszkania,72,2026-02-10
2026-02-07 23:26,Apartament 2-pok.balkon |premium kamienica XIX| bez prowizji|long-stay,2890,https://www.otodom.pl/pl/oferta/apartament-2-pok-balkon-premium-kamienica-xix-bez-prowizji-long-stay-ID4zQdC,NIE,690,3,2,"ul. Komandorska, Wrocław",1897,gazowe,3000,do zamieszkania,35,2026-02-10
2026-02-07 23:26,2-pokojowe mieszkanie z ogródkiem i miejscem w garażu podziemnym,3400,https://www.otodom.pl/pl/oferta/2-pokojowe-mieszkanie-z-ogrodkiem-i-miejscem-w-garazu-podziemnym-ID4zQ4K,NIE,800,0,2,"ul. Stanisława Kunickiego, Wrocław",2022,brak,6000,do zamieszkania,51,2026-02-10
2026-02-07 23:26,"Do wynajęcia, 2 pokoje, ogrzewanie miejskie, centrum, bez prowizji!",2300,https://www.otodom.pl/pl/oferta/do-wynajecia-2-pokoje-ogrzewanie-miejskie-centrum-bez-prowizji-ID4zPSG,NIE,538,8,2,"ul. Grabiszyńska, Wrocław",brak,miejskie,3300,brak,32,2026-02-10
2026-02-07 23:27,Mieszkanie 5-pok | Dwupoziomowe | Taras | Muchobór,6500,https://www.otodom.pl/pl/oferta/mieszkanie-5-pok-dwupoziomowe-taras-muchobor-ID4xtND,NIE,1550,2,5,"ul. Stanisławowska, Wrocław",2018,miejskie,14000,brak,126,2026-02-10
2026-02-07 23:27,Śliczne 2 pokojowe z balkonem!,2900,https://www.otodom.pl/pl/oferta/sliczne-2-pokojowe-z-balkonem-ID4zPIn,NIE,520,4,2,"ul. ks. Czesława Klimasa, Wrocław",2012,brak,4000,do zamieszkania,41,2026-02-10
2026-02-07 23:27,Pets Friendly★Ogródek★Taras★Parking,3500,https://www.otodom.pl/pl/oferta/pets-friendlyogrodektarasparking-ID4zPQo,NIE,550,0,2,Wrocław,2024,miejskie,0,do zamieszkania,40,2026-02-10
2026-02-07 23:27,★Apartament nad Rzeką Blisko Centrum★,3000,https://www.otodom.pl/pl/oferta/apartament-nad-rzeka-blisko-centrum-ID4zPQp,NIE,750,7,2,Wrocław,2023,miejskie,0,do zamieszkania,44,2026-02-10
2026-02-07 23:27,"2pok. rozkład, Horbaczewskiego / Legnicka - parking, Internet w cenie!",2100,https://www.otodom.pl/pl/oferta/2pok-rozklad-horbaczewskiego-legnicka-parking-internet-w-cenie-ID4zPFv,NIE,650,4,2,"ul. Stefana Drzewieckiego, Wrocław",1970,miejskie,3000,do zamieszkania,40,2026-02-10
2026-02-07 23:28,4-pok apartament w sercu Wrocławia pl. Jana Pawła,9000,https://www.otodom.pl/pl/oferta/4-pok-apartament-w-sercu-wroclawia-pl-jana-pawla-ID4zPzq,NIE,1300,4,4,"pl. Jana Pawła II, Wrocław",brak,miejskie,9000,brak,73,2026-02-10
2026-02-07 23:28,Przytulne rozkładowe ogrzewanie miejskie blisko Skarbowców,3900,https://www.otodom.pl/pl/oferta/przytulne-rozkladowe-ogrzewanie-miejskie-blisko-skarbowcow-ID4zRjq,NIE,770,2,4,"ul. Skarbowców, Wrocław",2000,miejskie,5000,do zamieszkania,83,2026-02-10
2026-02-07 23:28,Nowoczesne mieszkanie 28m² z balkonem,2700,https://www.otodom.pl/pl/oferta/nowoczesne-mieszkanie-28m-z-balkonem-ID4zidp,NIE,600,4,1,"ul. Podwale, Wrocław",2015,miejskie,2900,do zamieszkania,28,2026-02-10
2026-02-07 23:28,2-pokojowe mieszkanie PO REMONCIE - miejsce postojowe w cenie!,3000,https://www.otodom.pl/pl/oferta/2-pokojowe-mieszkanie-po-remoncie-miejsce-postojowe-w-cenie-ID4zW46,NIE,900,0,2,"ul. Zwycięska, Wrocław",brak,brak,4000,do zamieszkania,50,2026-02-10
2026-02-07 23:29,"Wrocław, Stare Miasto, Księcia Witolda, od",3200,https://www.otodom.pl/pl/oferta/wroclaw-stare-miasto-ksiecia-witolda-od-ID4zGvH,NIE,0,2,2,"ul. Wrocław, Stare Miasto, Księcia Witolda, Wrocław",2022,brak,5000,brak,46.28,2026-02-10
2026-02-07 23:29,PIERWSZY NAJEM! UNIKATOWA LOKALIZACJA Z TARASEM WYCHODZĄCYM NA PARK!,3700,https://www.otodom.pl/pl/oferta/pierwszy-najem-unikatowa-lokalizacja-z-tarasem-wychodzacym-na-park-ID4zW0A,NIE,820,0,2,"ul. Białowieska, Wrocław",2025,miejskie,5000,do zamieszkania,42,2026-02-10
2026-02-07 23:29,"Mieszkanie 2 pok. Taras, Klimatyzacja, Miejsce postojowe",2950,https://www.otodom.pl/pl/oferta/mieszkanie-2-pok-taras-klimatyzacja-miejsce-postojowe-ID4kSdf,NIE,470,4,2,Wrocław,2022,miejskie,2950,do zamieszkania,38,2026-02-10
2026-02-07 23:29,Osobne Pokoje Osobna Kuchnia Dwustronne Dobra Lokalizacja Balkon,2600,https://www.otodom.pl/pl/oferta/osobne-pokoje-osobna-kuchnia-dwustronne-dobra-lokalizacja-balkon-ID4zW1O,NIE,700,2,2,"ul. Łódzka, Wrocław",brak,miejskie,3000,do zamieszkania,51,2026-02-10
2026-02-07 23:29,Nowoczesne 4-pokojowe mieszkanie z balkonem,5600,https://www.otodom.pl/pl/oferta/nowoczesne-4-pokojowe-mieszkanie-z-balkonem-ID4zr9h,NIE,1200,7,4,"ul. Miedziana, Wrocław",2022,miejskie,5600,do zamieszkania,92,2026-02-10
2026-02-07 23:29,Mieszkanie z tarasem i miejscem postojowym,5500,https://www.otodom.pl/pl/oferta/mieszkanie-z-tarasem-i-miejscem-postojowym-ID4zW0I,NIE,1050,1,3,"ul. Obrońców Poczty Gdańskiej, Wrocław",brak,kotłownia,11000,do zamieszkania,83,2026-02-10
2026-02-07 23:30,W pobliżu Dworca Świebodzkiego I Ścisłe centrum I Bezpośrednio,3028,https://www.otodom.pl/pl/oferta/w-poblizu-dworca-swiebodzkiego-i-scisle-centrum-i-bezposrednio-ID4yuf5,NIE,460,6,3,"ul. Kolejowa, Wrocław",2024,miejskie,6055,do zamieszkania,62,2026-02-10
2026-02-07 23:30,"Kawalerka, osobna kuchnia, Muchobór ul. Gagarina",2450,https://www.otodom.pl/pl/oferta/kawalerka-osobna-kuchnia-muchobor-ul-gagarina-ID45fnY,NIE,560,2,1,Wrocław,2019,kotłownia,3000,do zamieszkania,29,2026-02-10
2026-02-07 23:30,"Wysoki standard, zieleń i cisza | 3 pokoje z tarasem blisko centrum",3800,https://www.otodom.pl/pl/oferta/wysoki-standard-zielen-i-cisza-3-pokoje-z-tarasem-blisko-centrum-ID4y4k8,NIE,850,0,3,"ul. Srebrnogórska, Wrocław",2010,miejskie,4500,do zamieszkania,65.5,2026-02-10
2026-02-07 23:30,"Wynajmę mieszkanie dwupokojowe, wysoki standard",3600,https://www.otodom.pl/pl/oferta/wynajme-mieszkanie-dwupokojowe-wysoki-standard-ID4p0J0,NIE,670,0,2,Wrocław,2020,miejskie,3600,do zamieszkania,45,2026-02-10
2026-02-07 23:30,"PL/RU/ENG Dwupokojowe|Parking,Komórka|Pets Friendly",2899,https://www.otodom.pl/pl/oferta/pl-ru-eng-dwupokojowe-parking-komorka-pets-friendly-ID4zUYk,NIE,600,3,2,Wrocław,brak,miejskie,3500,brak,41,2026-02-10
2026-02-07 23:31,Widne Studio 27m2 |  Pet Frendly | Voucher 1000 zł!,2200,https://www.otodom.pl/hpr/pl/oferta/widne-studio-27m2-pet-frendly-voucher-1000-zl-ID4yEh2,NIE,500,brak,1,"ul. Buforowa, Wrocław",2022,miejskie,3000,do zamieszkania,27,2026-02-10
2026-02-07 23:31,2 pokoje | Powstańców Śląskich | winda | od zaraz,2400,https://www.otodom.pl/pl/oferta/2-pokoje-powstancow-slaskich-winda-od-zaraz-ID4zUXr,NIE,0,2,2,Wrocław,brak,miejskie,brak,brak,40,2026-02-10
2026-02-07 23:31,Dwupokojowe mieszkanie JAGODNO Drabika,2650,https://www.otodom.pl/pl/oferta/dwupokojowe-mieszkanie-jagodno-drabika-ID4lWUZ,NIE,600,1,2,Wrocław,2023,miejskie,4000,do zamieszkania,37,2026-02-10
2026-02-07 23:32,Super mieszkanie w CENTRUM - wszystko w cenie !!!,2750,https://www.otodom.pl/pl/oferta/super-mieszkanie-w-centrum-wszystko-w-cenie-ID4te3n,NIE,0,brak,1,Wrocław,brak,miejskie,2750,do zamieszkania,30,2026-02-10
2026-02-07 23:32,"PL/RU/ENG Dwupokojowe|Spa,Siłownia|Parking x2|Centrum",4000,https://www.otodom.pl/pl/oferta/pl-ru-eng-dwupokojowe-spa-silownia-parking-x2-centrum-ID4zUUZ,NIE,1400,1,2,"ul. Walońska, Wrocław",brak,miejskie,6000,brak,57,2026-02-10
2026-02-07 23:32,miedzy parkami,2900,https://www.otodom.pl/pl/oferta/miedzy-parkami-ID4uDG6,NIE,590,2,2,"ul. Łanowa, Wrocław",2017,kotłownia,3000,do zamieszkania,54,2026-02-10
2026-02-07 23:32,2-pokojowe mieszkanie Pl. Powstańców Śląskich,2100,https://www.otodom.pl/pl/oferta/2-pokojowe-mieszkanie-pl-powstancow-slaskich-ID4zUVF,NIE,700,3,2,"pl. Powstańców Śląskich, Wrocław",2008,miejskie,2800,do zamieszkania,46,2026-02-10
2026-02-07 23:32,Mieszkanie przy Magnolii - Dorzecze Legnickiej ul. Małopanewska,1700,https://www.otodom.pl/pl/oferta/mieszkanie-przy-magnolii-dorzecze-legnickiej-ul-malopanewska-ID4zUVa,NIE,400,3,1,"ul. Małopanewska, Wrocław",2018,miejskie,2100,do zamieszkania,30,2026-02-10
2026-02-07 23:33,"Muchobór Wielki, 2 pokoje, klimatyzacja",3000,https://www.otodom.pl/pl/oferta/muchobor-wielki-2-pokoje-klimatyzacja-ID4vVNa,NIE,570,4,2,"ul. Graniczna, Wrocław",2015,miejskie,3500,do zamieszkania,49,2026-02-10
2026-02-07 23:33,"Apartament z garażem Stare Miasto, klimatyzacja",2700,https://www.otodom.pl/pl/oferta/apartament-z-garazem-stare-miasto-klimatyzacja-ID4zUTk,NIE,700,2,2,Wrocław,2025,brak,4000,do zamieszkania,30,2026-02-10
2026-02-07 23:33,Nowoczesne 2-pokojowe mieszkanie z balkonem,2500,https://www.otodom.pl/pl/oferta/nowoczesne-2-pokojowe-mieszkanie-z-balkonem-ID4zUQg,NIE,500,3,2,Wrocław,2013,miejskie,5400,do zamieszkania,49,2026-02-10
2026-02-07 23:33,"3 pokojowy Apartament ""Ogrody Graua""",4200,https://www.otodom.pl/pl/oferta/3-pokojowy-apartament-ogrody-graua-ID4bKAq,NIE,800,1,3,"ul. Gdańska, Wrocław",2020,miejskie,5000,do zamieszkania,57,2026-02-10
2026-02-07 23:34,"Apartament, Port Popowice, Parking, Taras",3700,https://www.otodom.pl/pl/oferta/apartament-port-popowice-parking-taras-ID4hu0p,NIE,800,7,2,"ul. Białowieska, Wrocław",2021,miejskie,6000,do zamieszkania,51,2026-02-10
2026-02-07 23:34,Luksusowe mieszkanie / 3 pokoje / klimatyzacja / g,5000,https://www.otodom.pl/pl/oferta/luksusowe-mieszkanie-3-pokoje-klimatyzacja-g-ID4jygi,NIE,1000,5,3,Wrocław,brak,miejskie,6000,do zamieszkania,65,2026-02-10
2026-02-07 23:34,"Kawalerka, 33m2, Wrocław, Bajana 21, Gądów Mały",2100,https://www.otodom.pl/pl/oferta/kawalerka-33m2-wroclaw-bajana-21-gadow-maly-ID4nZO2,NIE,595,3,1,Wrocław,2001,miejskie,2000,do zamieszkania,33,2026-02-10
2026-02-07 23:35,Apartament /40m2 / 2pokoje/ Klimatyz./ Duzy balkon,2750,https://www.otodom.pl/pl/oferta/apartament-40m2-2pokoje-klimatyz-duzy-balkon-ID4jUoh,NIE,600,10,2,Wrocław,2021,miejskie,brak,do zamieszkania,40,2026-02-10
2026-02-07 23:35,"Samodzielne skromne  mieszkanie, najlepiej dla dwóch studentek !",1700,https://www.otodom.pl/pl/oferta/samodzielne-skromne-mieszkanie-najlepiej-dla-dwoch-studentek-ID4y9Qw,NIE,0,1,2,"ul. Księcia Józefa Poniatowskiego, Wrocław",1910,gazowe,1000,do zamieszkania,57,2026-02-10
2026-02-07 23:36,Okazja! Wolne Zaraz,2700,https://www.otodom.pl/pl/oferta/okazja-wolne-zaraz-ID4zy95,NIE,800,1,2,Wrocław,brak,brak,0,brak,49.5,2026-02-10
2026-02-07 23:36,Kawalerka/Centrum/27m2/balkon,2250,https://www.otodom.pl/pl/oferta/kawalerka-centrum-27m2-balkon-ID4zUKr,NIE,0,1,1,"ul. Pochyła, Wrocław",2009,brak,0,do zamieszkania,27,2026-02-10
2026-02-07 23:36,"2pokoje ul.Międzyleska, os di Trevi, bezpośrednio",2700,https://www.otodom.pl/pl/oferta/2pokoje-ul-miedzyleska-os-di-trevi-bezposrednio-ID4r4Ik,NIE,550,4,2,"ul. Międzyleska, Wrocław",2016,miejskie,3350,do zamieszkania,34,2026-02-10
2026-02-07 23:36,Kawalerka cicha w świetnej lokalizacji,2100,https://www.otodom.pl/pl/oferta/kawalerka-cicha-w-swietnej-lokalizacji-ID4zUGH,NIE,450,2,1,Wrocław,2020,miejskie,2500,do zamieszkania,20,2026-02-10
2026-02-07 23:36,Przepiękne mieszkanie przy Ostrowie Tumskim,2900,https://www.otodom.pl/pl/oferta/przepiekne-mieszkanie-przy-ostrowie-tumskim-ID4nXlj,NIE,600,1,2,Wrocław,2016,inne,3500,do zamieszkania,42,2026-02-10
2026-02-07 23:37,Komfortowe mieszkanie 50mkw Wrocław Gaj ul Kłodzka,3200,https://www.otodom.pl/pl/oferta/komfortowe-mieszkanie-50mkw-wroclaw-gaj-ul-klodzka-ID4zUG0,NIE,530,1,2,"ul. Kłodzka, Wrocław",2010,miejskie,6000,do zamieszkania,50,2026-02-10
2026-02-07 23:37,2 Pokojowy apartament z miejscem postojowym,3700,https://www.otodom.pl/pl/oferta/2-pokojowy-apartament-z-miejscem-postojowym-ID4wDZO,NIE,960,1,2,"ul. Tęczowa, Wrocław",2021,miejskie,5000,do zamieszkania,55,2026-02-10
2026-02-07 23:37,PL/UA Mieszkanie 3 p. | Klima | Pets Friendly |Parking 10 min do rynku,2900,https://www.otodom.pl/pl/oferta/pl-ua-mieszkanie-3-p-klima-pets-friendly-parking-10-min-do-rynku-ID4zUFd,NIE,1100,4,3,"ul. Inowrocławska, Wrocław",brak,miejskie,4000,do zamieszkania,65,2026-02-10
2026-02-07 23:37,2 POKOJE | WROCŁAW KLECINA | 50 m² | BALKON | GARAŻ PODZIEMNY,2400,https://www.otodom.pl/hpr/pl/oferta/2-pokoje-wroclaw-klecina-50-m-balkon-garaz-podziemny-ID4zMpD,NIE,700,2,2,"ul. Wałbrzyska, Wrocław",2018,miejskie,brak,brak,50,2026-02-10
2026-02-07 23:37,Przytulne 2 pokoje z tarasem/winda/rowerownia,2800,https://www.otodom.pl/pl/oferta/przytulne-2-pokoje-z-tarasem-winda-rowerownia-ID4zfAh,NIE,400,4,2,"ul. Piękna, Wrocław",2022,miejskie,0,do zamieszkania,32,2026-02-10
2026-02-07 23:38,2-pokojowe mieszkanie na os. DiTrevi – komfortowe 40m2 garaż podziemny,2900,https://www.otodom.pl/pl/oferta/2-pokojowe-mieszkanie-na-os-ditrevi-komfortowe-40m2-garaz-podziemny-ID4zUDn,NIE,600,2,2,Wrocław,brak,miejskie,3500,do zamieszkania,40,2026-02-10
2026-02-07 23:38,"Słoneczna, klimatyzowana kawalerka przy ul. Inżynierskiej/fat",2250,https://www.otodom.pl/pl/oferta/sloneczna-klimatyzowana-kawalerka-przy-ul-inzynierskiej-fat-ID4iqO2,NIE,450,0,1,"ul. Inżynierska, Wrocław",brak,miejskie,2250,do zamieszkania,28,2026-02-10
2026-02-07 23:38,2-pok | Balkon | Garaż | Rozkład | ul. Na Grobli,2500,https://www.otodom.pl/pl/oferta/2-pok-balkon-garaz-rozklad-ul-na-grobli-ID4zLA3,NIE,870,3,2,"ul. Na Grobli, Wrocław",brak,miejskie,3300,do zamieszkania,42,2026-02-10
2026-02-07 23:38,M 76m2 3pok 4000 zł ul.Hallera Borek Grabiszyn,4000,https://www.otodom.pl/pl/oferta/m-76m2-3pok-4000-zl-ul-hallera-borek-grabiszyn-ID4nVF1,NIE,0,3,3,"al. gen. Józefa Hallera, Wrocław",2010,miejskie,brak,brak,76,2026-02-10
2026-02-07 23:39,"Ładne mieszkanie w cichej okolicy, 3 pokoje blisko Ronda Powstańców",3000,https://www.otodom.pl/pl/oferta/ladne-mieszkanie-w-cichej-okolicy-3-pokoje-blisko-ronda-powstancow-ID4zUCK,NIE,790,2,3,"ul. Jantarowa, Wrocław",brak,miejskie,3000,do zamieszkania,53,2026-02-10
2026-02-07 23:39,2-pok|Wysoki Standard| Ogródek| Tęczowa,3200,https://www.otodom.pl/pl/oferta/2-pok-wysoki-standard-ogrodek-teczowa-ID4zPl9,NIE,1200,0,2,"ul. Tęczowa, Wrocław",2012,miejskie,4400,do zamieszkania,54,2026-02-10
2026-02-07 23:39,⭐50m2-2 oddzielne pok- Tramwaj-Piwnica- Centrum⭐,2400,https://www.otodom.pl/pl/oferta/50m2-2-oddzielne-pok-tramwaj-piwnica-centrum-ID4zuld,NIE,891,1,2,"ul. Grabiszyńska, Wrocław",1960,miejskie,3200,brak,51,2026-02-10
2026-02-07 23:39,DO WYNAJĘCIA 2 POKOJOWE MIESZKANIE Z KLIMATYZACJĄ,2700,https://www.otodom.pl/pl/oferta/do-wynajecia-2-pokojowe-mieszkanie-z-klimatyzacja-ID4zPfq,NIE,725,4,2,"ul. Strońska, Wrocław",2004,miejskie,2700,brak,44,2026-02-10
2026-02-07 23:39,Nowoczesny apartament na Bernardyńskiej,3600,https://www.otodom.pl/pl/oferta/nowoczesny-apartament-na-bernardynskiej-ID4xt1y,NIE,730,1,2,"ul. Bernardyńska, Wrocław",2025,miejskie,brak,do zamieszkania,35,2026-02-10
2026-02-07 23:40,Designerski apartament na Bernardyńskiej,3600,https://www.otodom.pl/pl/oferta/designerski-apartament-na-bernardynskiej-ID4xt09,NIE,750,1,2,"ul. Bernardyńska, Wrocław",2025,miejskie,brak,do zamieszkania,35,2026-02-10
2026-02-07 23:40,Przytulny apartament na Bernardyńskiej,3000,https://www.otodom.pl/pl/oferta/przytulny-apartament-na-bernardynskiej-ID4xsYY,NIE,560,1,2,"ul. Bernardyńska, Wrocław",2025,miejskie,brak,do zamieszkania,31,2026-02-10
2026-02-07 23:40,2 pok. z tarasem i m. post./ klimatyzacja,3300,https://www.otodom.pl/pl/oferta/2-pok-z-tarasem-i-m-post-klimatyzacja-ID4zP5u,NIE,500,2,2,"ul. Na Polance, Wrocław",2015,miejskie,brak,do zamieszkania,46,2026-02-10
2026-02-07 23:40,Stylowe studio na Bernardyńskiej,3000,https://www.otodom.pl/pl/oferta/stylowe-studio-na-bernardynskiej-ID4xsRA,NIE,560,1,2,"ul. Bernardyńska, Wrocław",2025,miejskie,brak,do zamieszkania,31,2026-02-10
2026-02-07 23:40,"3-pokoje, Lokum Verde, 48m2, parking",3200,https://www.otodom.pl/pl/oferta/3-pokoje-lokum-verde-48m2-parking-ID4zP1q,NIE,800,2,3,"ul. Odolanowska, Wrocław",2024,miejskie,4000,do zamieszkania,48,2026-02-10
2026-02-07 23:40,PRZYTULNA KAWALERKA NAD ODRĄ | INTERNET W CENIE | PARKING,2300,https://www.otodom.pl/pl/oferta/przytulna-kawalerka-nad-odra-internet-w-cenie-parking-ID4zOY5,NIE,500,5,1,"ul. Jana Długosza, Wrocław",brak,miejskie,3000,do zamieszkania,28,2026-02-10
2026-02-07 23:40,Elegancki apartament niedaleko Rynku - Lokum Vena,3950,https://www.otodom.pl/pl/oferta/elegancki-apartament-niedaleko-rynku-lokum-vena-ID4uLxB,NIE,800,2,3,Wrocław,brak,brak,6000,do zamieszkania,46.51,2026-02-10
2026-02-07 23:41,2-pok|Loggia 25m2|Duże przeszklenia|Klima|Centrum|Rynek|Legnicka,3500,https://www.otodom.pl/pl/oferta/2-pok-loggia-25m2-duze-przeszklenia-klima-centrum-rynek-legnicka-ID4prXH,NIE,450,4,2,"ul. Braniborska, Wrocław",2023,miejskie,5000,do zamieszkania,48,2026-02-10
2026-02-07 23:41,2-pokojowe mieszkanie z klimatyzacją i balkonem,2700,https://www.otodom.pl/pl/oferta/2-pokojowe-mieszkanie-z-klimatyzacja-i-balkonem-ID4qIty,NIE,875,2,2,Wrocław,2023,miejskie,3000,do zamieszkania,39,2026-02-10
2026-02-07 23:41,"Wysokie, w pełni wyposażone, przytulne dwa pokoje, Oporów, Chachaja",2600,https://www.otodom.pl/pl/oferta/wysokie-w-pelni-wyposazone-przytulne-dwa-pokoje-oporow-chachaja-ID4zUAA,NIE,600,3,2,"ul. Jordanowska, Wrocław",2021,miejskie,3000,do zamieszkania,40,2026-02-10
2026-02-07 23:41,"Nowe 3-pok mieszkanie z balkonem, 1-szy najem, Międzyleska Tarnogaj",3250,https://www.otodom.pl/pl/oferta/nowe-3-pok-mieszkanie-z-balkonem-1-szy-najem-miedzyleska-tarnogaj-ID4zUB5,NIE,790,1,3,"ul. Międzyleska, Wrocław",2025,gazowe,3250,do zamieszkania,51.5,2026-02-10
2026-02-07 23:41,ul. Barycka | 67 m² | 2 balkony | klimatyzacja | wysoki standard,5000,https://www.otodom.pl/pl/oferta/ul-barycka-67-m-2-balkony-klimatyzacja-wysoki-standard-ID4zUyp,NIE,0,1,3,"ul. Barycka, Wrocław",brak,miejskie,brak,do zamieszkania,67,2026-02-10
2026-02-07 23:42,Kawalerka z sypialnią – nowa z 2024 roku,2500,https://www.otodom.pl/pl/oferta/kawalerka-z-sypialnia-nowa-z-2024-roku-ID4pQFC,NIE,500,1,1,"ul. Grabiszyńska, Wrocław",2024,miejskie,2500,do zamieszkania,30,2026-02-10
2026-02-07 23:42,Nowoczesne mieszkanie 52m2 | Czartoryskiego Wrocław | 3 pokoje | klima,3000,https://www.otodom.pl/pl/oferta/nowoczesne-mieszkanie-52m2-czartoryskiego-wroclaw-3-pokoje-klima-ID4kABQ,NIE,552,1,3,"ul. Adama Jerzego Czartoryskiego, Wrocław",2022,miejskie,3600,do zamieszkania,52,2026-02-10
2026-02-07 23:42,2 pok. | wysoki standard | balkon | garaż | komórk,3000,https://www.otodom.pl/pl/oferta/2-pok-wysoki-standard-balkon-garaz-komork-ID4zUu3,NIE,0,3,2,"ul. Ludwika Idzikowskiego, Wrocław",2015,miejskie,brak,do zamieszkania,43,2026-02-10
2026-02-07 23:42,"Wrocław, kawalerka z balkonem,  garażem i komórką",2100,https://www.otodom.pl/pl/oferta/wroclaw-kawalerka-z-balkonem-garazem-i-komorka-ID4zUt9,NIE,621,2,1,"ul. Kamienna, Wrocław",2008,miejskie,3000,do zamieszkania,29,2026-02-10
2026-02-07 23:43,Klimatyczne 2 pokoje blisko parku,2800,https://www.otodom.pl/pl/oferta/klimatyczne-2-pokoje-blisko-parku-ID4zM1C,NIE,950,1,2,"ul. Jerzego Bajana, Wrocław",1980,miejskie,2600,do zamieszkania,50,2026-02-10
2026-02-07 23:43,Przestronne mieszkanie - Park Grabiszyński (bez pośredników),4000,https://www.otodom.pl/pl/oferta/przestronne-mieszkanie-park-grabiszynski-bez-posrednikow-ID49lrj,NIE,0,0,3,"ul. Blacharska, Wrocław",2010,miejskie,8000,do zamieszkania,68,2026-02-10
2026-02-07 23:43,Ekstra kawalerka/Wyższy standard/Krzyki-Gwiaździst,2800,https://www.otodom.pl/pl/oferta/ekstra-kawalerka-wyzszy-standard-krzyki-gwiazdzist-ID475xm,NIE,0,7,1,Wrocław,2019,miejskie,brak,do zamieszkania,35,2026-02-10
2026-02-07 23:43,Wyjątkowy 2 poziomowy loft pl.Teatralny na 1 m-c,3500,https://www.otodom.pl/pl/oferta/wyjatkowy-2-poziomowy-loft-pl-teatralny-na-1-m-c-ID4k9Xa,NIE,0,4,2,Wrocław,1936,miejskie,brak,do zamieszkania,48,2026-02-10
2026-02-07 23:43,"Przestronne mieszkanie przy Haukego Bosaka, klima, blisko Angel Wings",5000,https://www.otodom.pl/pl/oferta/przestronne-mieszkanie-przy-haukego-bosaka-klima-blisko-angel-wings-ID4zUrY,NIE,800,4,3,Wrocław,2023,miejskie,brak,do zamieszkania,66,2026-02-10
2026-02-07 23:44,Słoneczne 2 pokoje obok Magnolia Park,2500,https://www.otodom.pl/pl/oferta/sloneczne-2-pokoje-obok-magnolia-park-ID4zOlI,NIE,720,5,2,"ul. Niedźwiedzia, Wrocław",1970,miejskie,2500,do zamieszkania,32.7,2026-02-10
2026-02-07 23:44,82 m² | antresola | balkon | Zielona Podkowa,3800,https://www.otodom.pl/pl/oferta/82-m-antresola-balkon-zielona-podkowa-ID4zUpI,NIE,0,brak,3,"ul. Rymarska, Wrocław",brak,brak,brak,brak,82,2026-02-10
2026-02-07 23:44,Mieszkanie do wynajęcia od zaraz dwupokojowe Gaj,2400,https://www.otodom.pl/pl/oferta/mieszkanie-do-wynajecia-od-zaraz-dwupokojowe-gaj-ID4zUmW,NIE,845,2,2,"ul. Czerniawska, Wrocław",2012,miejskie,2400,do zamieszkania,45,2026-02-10
2026-02-07 23:45,Wyjątkowe mieszkanie w Centrum,2750,https://www.otodom.pl/pl/oferta/wyjatkowe-mieszkanie-w-centrum-ID4zuZb,NIE,850,6,2,"ul. Komuny Paryskiej, Wrocław",2017,kotłownia,3000,do zamieszkania,51,2026-02-10
2026-02-07 23:45,Piękne mieszkanie do wynajęcia!,5200,https://www.otodom.pl/pl/oferta/piekne-mieszkanie-do-wynajecia-ID4ymAW,NIE,1000,4,3,"ul. Racławicka, Wrocław",brak,miejskie,6500,do zamieszkania,69,2026-02-10
2026-02-07 23:45,Premium Apartament 48 m² |Ogrody Grabiszyńske |Klimatyzacja | Garaż,3900,https://www.otodom.pl/pl/oferta/premium-apartament-48-m-ogrody-grabiszynske-klimatyzacja-garaz-ID4zoGn,NIE,750,7,2,"al. gen. Józefa Hallera, Wrocław",2025,miejskie,5000,do zamieszkania,48,2026-02-10
2026-02-07 23:45,Kawalerka lub lokal usługowy świeżo po generalnym remoncie,1700,https://www.otodom.pl/pl/oferta/kawalerka-lub-lokal-uslugowy-swiezo-po-generalnym-remoncie-ID4zUm8,NIE,0,0,1,"ul. Gimnazjalna, Wrocław",brak,gazowe,2200,do zamieszkania,25.5,2026-02-10
2026-02-07 23:45,Przestronna kawalerka 37m2,2000,https://www.otodom.pl/pl/oferta/przestronna-kawalerka-37m2-ID4d4rs,NIE,620,5,1,"ul. Poleska, Wrocław",2001,miejskie,3000,do zamieszkania,37,2026-02-10
2026-02-07 23:45,"mieszkanie 41m2 luksusowe, klima garaż",3000,https://www.otodom.pl/pl/oferta/mieszkanie-41m2-luksusowe-klima-garaz-ID4mwxc,NIE,770,3,2,Wrocław,2022,miejskie,5000,do zamieszkania,41,2026-02-10
2026-02-07 23:46,Kępa Mieszczańska 2 pokoje duży balkon,2800,https://www.otodom.pl/pl/oferta/kepa-mieszczanska-2-pokoje-duzy-balkon-ID4zUkJ,NIE,450,5,2,"ul. Mieszczańska, Wrocław",2020,miejskie,2800,do zamieszkania,32,2026-02-10
2026-02-07 23:46,Nowoczesna kawalerka w centrum miasta,2200,https://www.otodom.pl/pl/oferta/nowoczesna-kawalerka-w-centrum-miasta-ID4zN9G,NIE,700,1,1,"ul. Dyrekcyjna, Wrocław",brak,miejskie,4350,do zamieszkania,17.42,2026-02-10
2026-02-07 23:46,Nowoczesne 2 pokoje mieszkanie z  dużym balkonem Promenady Wrocławskie,2850,https://www.otodom.pl/pl/oferta/nowoczesne-2-pokoje-mieszkanie-z-duzym-balkonem-promenady-wroclawskie-ID4zUkF,NIE,700,1,2,Wrocław,2018,miejskie,3000,do zamieszkania,47,2026-02-10
2026-02-07 23:46,Komfortowy apartament | Centrum Wrocławia,3100,https://www.otodom.pl/pl/oferta/komfortowy-apartament-centrum-wroclawia-ID4zhf9,NIE,3100,4,2,"pl. Tadeusza Kościuszki, Wrocław",2018,miejskie,5300,do zamieszkania,42.85,2026-02-10
2026-02-07 23:46,Mikroapartament - możliwość wynajmu na dowolny okres,2000,https://www.otodom.pl/pl/oferta/mikroapartament-mozliwosc-wynajmu-na-dowolny-okres-ID4zEYQ,NIE,550,6,1,"wyb. Ludwika Pasteura, Wrocław",brak,miejskie,3825,brak,11.7,2026-02-10
2026-02-07 23:47,"3 osobne pokoje , 68 m2 po remoncie!",3000,https://www.otodom.pl/pl/oferta/3-osobne-pokoje-68-m2-po-remoncie-ID3PoOU,NIE,1000,3,3,"ul. Szwedzka, Wrocław",2002,miejskie,4000,do zamieszkania,68,2026-02-10
2026-02-07 23:47,"Nowoczesne  2p Przedmieście Oławskie , Ul. Walońska 9, bez prowizji",3400,https://www.otodom.pl/pl/oferta/nowoczesne-2p-przedmiescie-olawskie-ul-walonska-9-bez-prowizji-ID4zIPO,NIE,1100,6,2,"ul. Walońska, Wrocław",2019,miejskie,5000,do zamieszkania,53,2026-02-10
2026-02-07 23:47,Wynajmę 3 pokojowe mieszkanie,3800,https://www.otodom.pl/pl/oferta/wynajme-3-pokojowe-mieszkanie-ID4uHS0,NIE,1000,0,3,Wrocław,2012,miejskie,3800,do zamieszkania,67,2026-02-10
2026-02-07 23:47,Ulica Magellana ! Pełen Rozkład ! Super Wyposażone Umeblowane Okazja !,2800,https://www.otodom.pl/pl/oferta/ulica-magellana-pelen-rozklad-super-wyposazone-umeblowane-okazja-ID4zUgS,NIE,0,2,2,Wrocław,brak,miejskie,brak,do zamieszkania,46,2026-02-10
2026-02-07 23:47,"Wrocław/Fabryczna/okolice Portu Lotniczego, 32 m2, balkon, mp",2400,https://www.otodom.pl/pl/oferta/wroclaw-fabryczna-okolice-portu-lotniczego-32-m2-balkon-mp-ID4zvss,NIE,700,3,1,"ul. Władysława Zarembowicza, Wrocław",2023,electrical,3000,do zamieszkania,32,2026-02-10
2026-02-07 23:47,Wysoki standard mieszkanie 2 pokojowe ! Rynek ( Uniwersytet ),2900,https://www.otodom.pl/pl/oferta/wysoki-standard-mieszkanie-2-pokojowe-rynek-uniwersytet-ID4ypF9,NIE,600,4,2,"ul. Kuźnicza, Wrocław",1975,miejskie,3500,do zamieszkania,40,2026-02-10
2026-02-07 23:47,Komfortowe mieszkanie w willi I Kasprowicza 16,2800,https://www.otodom.pl/pl/oferta/komfortowe-mieszkanie-w-willi-i-kasprowicza-16-ID4yuZy,NIE,470,1,2,"al. Jana Kasprowicza, Wrocław",1910,gazowe,5000,do zamieszkania,36,2026-02-10
2026-02-07 23:48,komfortowe 3 pokoje - centrum - blisko zieleni - PL/EN/UE,3400,https://www.otodom.pl/pl/oferta/komfortowe-3-pokoje-centrum-blisko-zieleni-pl-en-ue-ID4zUfl,NIE,850,5,3,"ul. Mikołaja Reja, Wrocław",2008,miejskie,4000,do zamieszkania,57,2026-02-10
2026-02-07 23:48,Wrocław-Krzyki-Klecina - Apartment for rent + balcony.,2300,https://www.otodom.pl/pl/oferta/wroclaw-krzyki-klecina-apartment-for-rent-balcony-ID4zxf8,NIE,0,3,2,Wrocław,2017,miejskie,2500,do zamieszkania,40,2026-02-10
2026-02-07 23:48,Pierwszy najem/2 pokoje/balkon/garaż/komórka,2600,https://www.otodom.pl/pl/oferta/pierwszy-najem-2-pokoje-balkon-garaz-komorka-ID4zmqV,NIE,0,1,2,"ul. Ramiszowska, Wrocław",2023,miejskie,2600,brak,37,2026-02-10
2026-02-07 23:49,"Nowoczesne, umeblowane 3 pokoje + garaż podziemny",4000,https://www.otodom.pl/pl/oferta/nowoczesne-umeblowane-3-pokoje-garaz-podziemny-ID4z8Tv,NIE,800,6,3,"ul. Chorwacka, Wrocław",2019,inne,brak,do zamieszkania,68,2026-02-10
2026-02-07 23:49,Wrocław-Krzyki | 66 m² | Taras,2800,https://www.otodom.pl/pl/oferta/wroclaw-krzyki-66-m-taras-ID4zF8o,NIE,3000,1,3,"ul. Krzycka, Wrocław",2007,brak,5200,brak,66,2026-02-10
2026-02-07 23:49,Kawalerka z antresolą w centrum Wrocławia,2000,https://www.otodom.pl/pl/oferta/kawalerka-z-antresola-w-centrum-wroclawia-ID4ztq2,NIE,255,1,1,"ul. Łąkowa, Wrocław",1960,electrical,2000,brak,20,2026-02-10
2026-02-07 23:49,"2 pokoje NOWE, wysoki standard, umeblowane, KLIMA",3600,https://www.otodom.pl/pl/oferta/2-pokoje-nowe-wysoki-standard-umeblowane-klima-ID4mcT0,NIE,380,6,2,Wrocław,2021,gazowe,4000,do zamieszkania,41,2026-02-10
2026-02-07 23:49,"Apartament ul. Księcia Witolda, 3 pokoje, taras, garaż",6900,https://www.otodom.pl/pl/oferta/apartament-ul-ksiecia-witolda-3-pokoje-taras-garaz-ID4zn3z,NIE,950,4,3,"ul. Księcia Witolda, Wrocław",brak,miejskie,10000,do zamieszkania,67,2026-02-10
2026-02-07 23:50,OD ZARAZ | PetsFriendly | BALKON | Olimpia Port | Parking za szlabanem,3100,https://www.otodom.pl/pl/oferta/od-zaraz-petsfriendly-balkon-olimpia-port-parking-za-szlabanem-ID4zOQA,NIE,700,2,3,"ul. Chałupnicza, Wrocław",brak,miejskie,3100,do zamieszkania,50,2026-02-10
2026-02-07 23:50,"StareMiasto/KępaMieszczańska,2pok,balkon,4p,wyposażone,garaż,winda2025",2900,https://www.otodom.pl/pl/oferta/staremiasto-kepamieszczanska-2pok-balkon-4p-wyposazone-garaz-winda2025-ID4zOMA,NIE,588,4,2,"ul. Mieszczańska, Wrocław",2025,miejskie,3500,do zamieszkania,36.83,2026-02-10
2026-02-07 23:50,Bulwar Staromiejski- nowoczesny apartament,4500,https://www.otodom.pl/pl/oferta/bulwar-staromiejski-nowoczesny-apartament-ID4xrYl,NIE,1000,1,2,"pl. Jana Pawła II, Wrocław",brak,miejskie,brak,do zamieszkania,50,2026-02-10
2026-02-07 23:50,Do wynajęcia 4-pokojowe na Kowalach ul. Rakowa,6000,https://www.otodom.pl/pl/oferta/do-wynajecia-4-pokojowe-na-kowalach-ul-rakowa-ID4yjyk,NIE,0,1,4,"ul. Rakowa, Wrocław",1985,gazowe,brak,do zamieszkania,103,2026-02-10
2026-02-07 23:50,Karłowice - Pokój do wynajęcia od zaraz !,1250,https://www.otodom.pl/pl/oferta/karlowice-pokoj-do-wynajecia-od-zaraz-ID4yjp3,NIE,1,6,2,"ul. Rowerowa, Wrocław",brak,brak,1250,do zamieszkania,13,2026-02-10
2026-02-07 23:51,Mieszkanie do wynajęcia 42m2 2 pokoje. Wyposażone.,2700,https://www.otodom.pl/hpr/pl/oferta/mieszkanie-do-wynajecia-42m2-2-pokoje-wyposazone-ID4nIN6,NIE,800,1,2,Wrocław,2019,kotłownia,4000,do zamieszkania,42,2026-02-10
2026-02-07 23:51,Apartament | 4pokoje | 112m2 | Oporów | Południe,6000,https://www.otodom.pl/pl/oferta/apartament-4pokoje-112m2-oporow-poludnie-ID4cLgE,NIE,2350,1,4,"ul. Wiejska, Wrocław",2010,miejskie,10000,do zamieszkania,112,2026-02-10
2026-02-07 23:51,✨Loggia✨Pierwsze piętro✨3 pokoje✨,2800,https://www.otodom.pl/pl/oferta/loggiapierwsze-pietro3-pokoje-ID4zU9j,NIE,1000,1,3,Wrocław,brak,miejskie,4000,do zamieszkania,55.58,2026-02-10
2026-02-07 23:51,"2 pokoje 42m2, osobna garderoba, pralko-suszarka, Jagodno",2600,https://www.otodom.pl/pl/oferta/2-pokoje-42m2-osobna-garderoba-pralko-suszarka-jagodno-ID4ngSM,NIE,650,3,2,Wrocław,2023,miejskie,3500,do zamieszkania,42,2026-02-10
2026-02-07 23:51,BAJANA Gądów - 3 pokoje | balkon | PET FRIENDLY,3000,https://www.otodom.pl/pl/oferta/bajana-gadow-3-pokoje-balkon-pet-friendly-ID4zJaz,NIE,1200,0,3,"ul. Jerzego Bajana, Wrocław",brak,miejskie,4500,do zamieszkania,64,2026-02-10
2026-02-07 23:52,Apartament na Krzykach z tarasem | 95 mkw | Wysokie pomieszczenia,4700,https://www.otodom.pl/pl/oferta/apartament-na-krzykach-z-tarasem-95-mkw-wysokie-pomieszczenia-ID4zTZm,NIE,0,1,3,"ul. Motylkowa, Wrocław",2009,miejskie,brak,do zamieszkania,95,2026-02-10
2026-02-07 23:52,3-pokojowe mieszkanie ul. Orawska- pierwszy najem,2999,https://www.otodom.pl/pl/oferta/3-pokojowe-mieszkanie-ul-orawska-pierwszy-najem-ID4z2Sb,NIE,800,2,3,"ul. Orawska, Wrocław",2025,miejskie,brak,do zamieszkania,48.34,2026-02-10
2026-02-07 23:52,"Krzyki 3 pokoje, balkon, parking / Atut / pets friendly",3990,https://www.otodom.pl/pl/oferta/krzyki-3-pokoje-balkon-parking-atut-pets-friendly-ID4zQ90,NIE,0,2,3,"ul. Racławicka, Wrocław",brak,miejskie,0,do zamieszkania,65,2026-02-10
2026-02-07 23:52,Dwupokojowe mieszkanie z dużym ogródkiem,2300,https://www.otodom.pl/pl/oferta/dwupokojowe-mieszkanie-z-duzym-ogrodkiem-ID4zU5g,NIE,800,0,2,"Stanisława Drabika, Wrocław",brak,miejskie,brak,do zamieszkania,43.28,2026-02-10
2026-02-07 23:53,Ulica Magellana ! Pełen Rozkład ! Super Wyposażone Umeblowane Okazja !,2800,https://www.otodom.pl/pl/oferta/ulica-magellana-pelen-rozklad-super-wyposazone-umeblowane-okazja-ID4zTVT,NIE,0,2,2,"ul. Ferdynanda Magellana, Wrocław",brak,miejskie,brak,do zamieszkania,46,2026-02-10
2026-02-07 23:53,"Duże, komfortowe 66 m² | Stare Miasto | Os. Solo 11 | Balkon | Garaż",4500,https://www.otodom.pl/pl/oferta/duze-komfortowe-66-m-stare-miasto-os-solo-11-balkon-garaz-ID4zOEm,NIE,750,1,3,"ul. Ziemowita, Wrocław",2013,miejskie,5000,do zamieszkania,66,2026-02-10
2026-02-07 23:53,Apartament 2 pokoje 14 piętro klimatyzacja Odra Tower Centrum,2800,https://www.otodom.pl/pl/oferta/apartament-2-pokoje-14-pietro-klimatyzacja-odra-tower-centrum-ID3YRPV,NIE,800,10,2,Wrocław,brak,miejskie,3600,do zamieszkania,40,2026-02-10
2026-02-07 23:53,"Przytulna, dobrze wyposażona mikrokawalerka w centrum/Pl. Grunwaldzki.",1700,https://www.otodom.pl/pl/oferta/przytulna-dobrze-wyposazona-mikrokawalerka-w-centrum-pl-grunwaldzki-ID4zTY2,NIE,500,2,1,"wyb. Ludwika Pasteura, Wrocław",2000,brak,2000,do zamieszkania,12,2026-02-10
2026-02-07 23:53,PREMIUM | Pierwszy najem | Kępa Mieszczańska | Wellness & Garaż,4100,https://www.otodom.pl/pl/oferta/premium-pierwszy-najem-kepa-mieszczanska-wellness-garaz-ID4zTXN,NIE,720,4,2,"ul. Mieszczańska, Wrocław",2024,miejskie,brak,do zamieszkania,39,2026-02-10
2026-02-07 23:53,PL/RU/ENG Dwupokojowe|Klima|Parking i siłownia w cenie!,3399,https://www.otodom.pl/pl/oferta/pl-ru-eng-dwupokojowe-klima-parking-i-silownia-w-cenie-ID4zTYb,NIE,770,9,2,"ul. Braniborska, Wrocław",2024,brak,4000,brak,42,2026-02-10
2026-02-07 23:54,"Piękny, nowy apartament, Braniborska 70, 3 pokoje",3800,https://www.otodom.pl/pl/oferta/piekny-nowy-apartament-braniborska-70-3-pokoje-ID4zTVc,NIE,800,4,3,"ul. Braniborska, Wrocław",2025,miejskie,4150,do zamieszkania,52,2026-02-10
2026-02-07 23:54,Do wynajęcia mieszkanie/lokal-Rynek,2200,https://www.otodom.pl/pl/oferta/do-wynajecia-mieszkanie-lokal-rynek-ID4zTWd,NIE,442,1,1,"rynek Rynek, Wrocław",brak,miejskie,6000,to_renovation,35.23,2026-02-10
2026-02-07 23:54,Ulica Magellana ! Pełen Rozkład ! Super Wyposażone Umeblowane Okazja !,2800,https://www.otodom.pl/pl/oferta/ulica-magellana-pelen-rozklad-super-wyposazone-umeblowane-okazja-ID4zTUS,NIE,0,2,2,"ul. Ferdynanda Magellana, Wrocław",brak,brak,brak,do zamieszkania,46,2026-02-10
2026-02-07 23:54,Wynajmę przytulną kawalerkę w centrum Wrocławia,2200,https://www.otodom.pl/pl/oferta/wynajme-przytulna-kawalerke-w-centrum-wroclawia-ID4sIQS,NIE,520,3,1,"ul. Komandorska, Wrocław",brak,miejskie,3000,do zamieszkania,35,2026-02-10
2026-02-07 23:55,Wynajmę 2 pok w pełni umeblowane mieszkanie Kościańska,2800,https://www.otodom.pl/pl/oferta/wynajme-2-pok-w-pelni-umeblowane-mieszkanie-koscianska-ID4zTmw,NIE,800,1,2,"ul. Kościańska, Wrocław",2018,miejskie,3500,do zamieszkania,52,2026-02-10
2026-02-07 23:55,Nowoczesne 3 pokoje z garderobą | Smart Home | Wańkowicza 52 - 3799 zł,3799,https://www.otodom.pl/pl/oferta/nowoczesne-3-pokoje-z-garderoba-smart-home-wankowicza-52-3799-zl-ID4yqtZ,NIE,1000,4,3,"ul. Melchiora Wańkowicza, Wrocław",brak,brak,8000,do zamieszkania,82,2026-02-10
2026-02-07 23:55,2 pokojowy apartament/oddzielna kuchnia/46m2/2 balkony/ul. Braniborska,3000,https://www.otodom.pl/pl/oferta/2-pokojowy-apartament-oddzielna-kuchnia-46m2-2-balkony-ul-braniborska-ID4zTKr,NIE,680,7,2,"ul. Braniborska, Wrocław",2020,miejskie,5000,do zamieszkania,46,2026-02-10
2026-02-07 23:56,Kawalerka | Bezpośrednio | Bez prowizji | Pets Friendly | Jaworska,2190,https://www.otodom.pl/pl/oferta/kawalerka-bezposrednio-bez-prowizji-pets-friendly-jaworska-ID4zJSh,NIE,520,6,1,"ul. Jaworska, Wrocław",brak,miejskie,brak,do zamieszkania,24,2026-02-10
2026-02-07 23:56,Mieszkanie typu loft z miejscem parkingowym,2000,https://www.otodom.pl/pl/oferta/mieszkanie-typu-loft-z-miejscem-parkingowym-ID4kpIx,NIE,0,2,2,"ul. Władysława Zarembowicza, Wrocław",2021,inne,3000,to_completion,32.24,2026-02-10
2026-02-07 23:56,Kawalerka 5 min. od Rynku,2250,https://www.otodom.pl/pl/oferta/kawalerka-5-min-od-rynku-ID4yXQT,NIE,450,3,1,"ul. Dobra, Wrocław",brak,brak,3000,brak,25,2026-02-10
2026-02-07 23:57,4 pokoje | Pełen Rozkład | ul. Oleska | Zakrzów,3000,https://www.otodom.pl/hpr/pl/oferta/4-pokoje-pelen-rozklad-ul-oleska-zakrzow-ID4jnF8,NIE,1200,5,4,Wrocław,brak,miejskie,4200,do zamieszkania,72.2,2026-02-10
2026-02-07 23:57,Wynajmę mieszkanie na Nadodrzu,3500,https://www.otodom.pl/pl/oferta/wynajme-mieszkanie-na-nadodrzu-ID4mZD1,NIE,800,2,2,Wrocław,brak,gazowe,4000,do zamieszkania,56,2026-02-10
2026-02-07 23:57,"3 pokojowe mieszkanie na Oporowie ul. Aleja Piastów, ogród, garaż",3000,https://www.otodom.pl/pl/oferta/3-pokojowe-mieszkanie-na-oporowie-ul-aleja-piastow-ogrod-garaz-ID4zGx9,NIE,720,0,3,Wrocław,2017,miejskie,3000,do zamieszkania,57,2026-02-10
2026-02-07 23:57,Apartament XS Na grobli 36,1900,https://www.otodom.pl/pl/oferta/apartament-xs-na-grobli-36-ID4pDRB,NIE,700,0,1,"ul. Na Grobli, Wrocław",2018,miejskie,3000,do zamieszkania,16.41,2026-02-10
2026-02-07 23:57,2-pokojowe mieszkanie 55 m² | duży balkon | parking | Pilczyce,2800,https://www.otodom.pl/pl/oferta/2-pokojowe-mieszkanie-55-m-duzy-balkon-parking-pilczyce-ID4zAsi,NIE,1000,8,2,"ul. Lotnicza, Wrocław",2016,miejskie,2500,do zamieszkania,55,2026-02-10
2026-02-07 23:58,"Mieszkanie 3-pokojowe, 2 łazienki Muchobór Wielki",3200,https://www.otodom.pl/pl/oferta/mieszkanie-3-pokojowe-2-lazienki-muchobor-wielki-ID4zlS8,NIE,800,3,3,"ul. Marka Hłaski, Wrocław",2007,kotłownia,4200,do zamieszkania,61,2026-02-10
2026-02-07 23:58,nowe mieszkanie Kępa Mieszczańska / komórka lokatorska,3700,https://www.otodom.pl/pl/oferta/nowe-mieszkanie-kepa-mieszczanska-komorka-lokatorska-ID4zTrT,NIE,900,6,2,"ul. Mieszczańska, Wrocław",2024,brak,brak,do zamieszkania,40,2026-02-10
2026-02-07 23:58,Mieszkanie 3-pok. | Garaż | Komórka | Ołtaszyn,4950,https://www.otodom.pl/pl/oferta/mieszkanie-3-pok-garaz-komorka-oltaszyn-ID4sTu1,NIE,1500,2,3,"ul. Ułańska, Wrocław",2016,miejskie,brak,brak,100,2026-02-10
2026-02-07 23:58,Przytulne mieszkanie 34m² naprzeciwko Sky Tower,2500,https://www.otodom.pl/pl/oferta/przytulne-mieszkanie-34m-naprzeciwko-sky-tower-ID4zyjP,NIE,440,3,2,"ul. Powstańców Śląskich, Wrocław",brak,miejskie,2500,do zamieszkania,34,2026-02-10
2026-02-07 23:59,Sródmieście ul. Walecznych mieszkanie 1 pokojowe do wynajecia 34 m2,1900,https://www.otodom.pl/pl/oferta/srodmiescie-ul-walecznych-mieszkanie-1-pokojowe-do-wynajecia-34-m2-ID4zTq4,NIE,0,0,1,"ul. Walecznych, Wrocław",1938,gazowe,brak,do zamieszkania,34,2026-02-10
2026-02-07 23:59,"Krzyki Agrestowa 3 sypialnie, salon, 2x garaż",5250,https://www.otodom.pl/pl/oferta/krzyki-agrestowa-3-sypialnie-salon-2x-garaz-ID4wHmu,NIE,450,1,4,Wrocław,brak,gazowe,6000,do zamieszkania,113.14,2026-02-10
2026-02-07 23:59,Przytulne mieszkanie 40m² w centrum Wrocławia,2000,https://www.otodom.pl/pl/oferta/przytulne-mieszkanie-40m-w-centrum-wroclawia-ID4zLld,NIE,720,3,1,"ul. Paulińska, Wrocław",brak,miejskie,2700,do zamieszkania,40,2026-02-10
2026-02-07 23:59,Światłowód | klimatyzacja | wyspa | jasne | nowoczesne,3050,https://www.otodom.pl/pl/oferta/swiatlowod-klimatyzacja-wyspa-jasne-nowoczesne-ID4zTpW,NIE,750,3,2,Wrocław,2021,brak,4000,do zamieszkania,48,2026-02-10
2026-02-07 23:59,"od 1 marca, MP, 3 pokoje",2600,https://www.otodom.pl/pl/oferta/od-1-marca-mp-3-pokoje-ID4zToq,NIE,900,4,3,"ul. Kłodzka, Wrocław",2017,inne,brak,do zamieszkania,63,2026-02-10
2026-02-08 00:00,Меблированная 2х ком. квартира с 1.02.2026,3200,https://www.otodom.pl/pl/oferta/2-1-02-2026-ID4zTfm,NIE,0,3,2,Wrocław,brak,miejskie,3600,do zamieszkania,40,2026-02-10
2026-02-08 00:00,Studio w Angel City | centrum | Gym | ochrona,2700,https://www.otodom.pl/pl/oferta/studio-w-angel-city-centrum-gym-ochrona-ID4zTiL,NIE,0,4,1,"ul. gen. Romualda Traugutta, Wrocław",2022,miejskie,brak,brak,28.01,2026-02-10
2026-02-08 00:00,"Wrocław, ul. Główna, BEZPOŚREDNIO !",2200,https://www.otodom.pl/pl/oferta/wroclaw-ul-glowna-bezposrednio-ID2hXu5,NIE,750,2,1,"ul. Główna, Wrocław",2008,miejskie,3000,do zamieszkania,45,2026-02-10
2026-02-08 00:00,2 pokojowe mieszkanie w centrum miasta Chrobrego,2250,https://www.otodom.pl/pl/oferta/2-pokojowe-mieszkanie-w-centrum-miasta-chrobrego-ID4zDER,NIE,230,4,2,"ul. Bolesława Chrobrego, Wrocław",brak,brak,3000,brak,33,2026-02-10
2026-02-08 00:00,Apartament 3-pokojowy z tarasem| centrum| od zaraz,4900,https://www.otodom.pl/pl/oferta/apartament-3-pokojowy-z-tarasem-centrum-od-zaraz-ID4zIjT,NIE,500,6,3,"ul. Sokolnicza, Wrocław",2008,miejskie,brak,do zamieszkania,83,2026-02-10
2026-02-08 00:00,Do wynajęcia. Mieszkanie 2-pokojowe. Super lokalizacja. Popowice,2500,https://www.otodom.pl/pl/oferta/do-wynajecia-mieszkanie-2-pokojowe-super-lokalizacja-popowice-ID4zGQm,NIE,500,10,2,"ul. Bobrza, Wrocław",1985,miejskie,3000,do zamieszkania,34,2026-02-10
2026-02-08 00:00,Huby: 3 ładne pokoje z windą,3300,https://www.otodom.pl/pl/oferta/huby-3-ladne-pokoje-z-winda-ID4zTfa,NIE,800,4,3,Wrocław,2013,brak,brak,brak,63,2026-02-10
2026-02-08 00:01,"Krzyki, Gaj, ul. Krynicka 3 niezależne pokoje, 63m2, od zaraz",2900,https://www.otodom.pl/pl/oferta/krzyki-gaj-ul-krynicka-3-niezalezne-pokoje-63m2-od-zaraz-ID4zTdd,NIE,950,2,3,"ul. Krynicka, Wrocław",brak,miejskie,4200,do zamieszkania,63,2026-02-10
2026-02-08 00:01,"2 pok. apartament z garażem, Kępa Mieszczańska, od zaraz",2799,https://www.otodom.pl/pl/oferta/2-pok-apartament-z-garazem-kepa-mieszczanska-od-zaraz-ID4zTcS,NIE,0,6,2,"ul. Mieszczańska, Wrocław",2020,miejskie,4000,do zamieszkania,44,2026-02-10
2026-02-08 00:01,Studio w Angel River | balkon | Spa&Gym,2500,https://www.otodom.pl/pl/oferta/studio-w-angel-river-balkon-spa-gym-ID4zTcx,NIE,0,4,1,"ul. Walońska, Wrocław",2019,brak,brak,do zamieszkania,25.87,2026-02-10
2026-02-08 00:01,"ul. Skarbowców, Krzyki, Klecina - 2 pok. 50m2 parking, od lutego",2299,https://www.otodom.pl/pl/oferta/ul-skarbowcow-krzyki-klecina-2-pok-50m2-parking-od-lutego-ID4zTcp,NIE,625,3,2,"ul. Skarbowców, Wrocław",brak,miejskie,3200,do zamieszkania,50,2026-02-10
2026-02-08 00:01,"Mieszkanie, 92 m², Wrocław",2999,https://www.otodom.pl/pl/oferta/mieszkanie-92-m-wroclaw-ID4zTbW,NIE,1400,3,3,"ul. Klasztorna, Wrocław",brak,miejskie,5000,do zamieszkania,92,2026-02-10
2026-02-08 00:01,"3 pok. 75 m2, ul. Skwierzyńska, ścisłe centrum, od zaraz",2600,https://www.otodom.pl/pl/oferta/3-pok-75-m2-ul-skwierzynska-scisle-centrum-od-zaraz-ID4zTbf,NIE,1600,3,3,"ul. Skwierzyńska, Wrocław",brak,miejskie,4500,do zamieszkania,75,2026-02-10
2026-02-08 00:02,"Grunwaldzka, nowe",2200,https://www.otodom.pl/pl/oferta/grunwaldzka-nowe-ID4zT9r,NIE,500,3,1,"ul. Grunwaldzka, Wrocław",brak,electrical,2700,do zamieszkania,20,2026-02-10
2026-02-08 00:02,Ogród40m2- Parking- Jagodno- 2pok- Autobus - nowe,2800,https://www.otodom.pl/pl/oferta/ogrod40m2-parking-jagodno-2pok-autobus-nowe-ID4z82P,NIE,740,0,2,"ul. Buforowa, Wrocław",2023,miejskie,4500,do zamieszkania,50,2026-02-11
2026-02-08 00:02,"Do wynajęcia 2 pokojowe, bez pośredników",2999,https://www.otodom.pl/pl/oferta/do-wynajecia-2-pokojowe-bez-posrednikow-ID4zGEv,NIE,700,2,2,"ul. Ptasia, Wrocław",2019,miejskie,4000,do zamieszkania,44,2026-02-11
2026-02-08 00:02,Kawalerka na wynajem,2500,https://www.otodom.pl/pl/oferta/kawalerka-na-wynajem-ID4zGEc,NIE,600,2,1,"ul. Na Grobli, Wrocław",2019,miejskie,2500,do zamieszkania,25,2026-02-11
2026-02-08 00:03,"Plac Kromera, przytulne mieszkanie, bezpośrednio, od zaraz",2299,https://www.otodom.pl/pl/oferta/plac-kromera-przytulne-mieszkanie-bezposrednio-od-zaraz-ID4ipmT,NIE,360,1,1,Wrocław,2003,miejskie,2500,do zamieszkania,34,2026-02-11
2026-02-08 00:03,OKAZJA!!! 2 pokoje do wynajęcia - Krzyki/Borek,3400,https://www.otodom.pl/pl/oferta/okazja-2-pokoje-do-wynajecia-krzyki-borek-ID4zNN7,NIE,670,1,2,"ul. Bolesława Ulanowskiego, Wrocław",1930,gazowe,3000,brak,55,2026-02-11
2026-02-08 00:03,"Mieszkanie, 60 m², Wrocław",4150,https://www.otodom.pl/pl/oferta/mieszkanie-60-m-wroclaw-ID4zNWL,NIE,800,1,2,Wrocław,2012,inne,brak,brak,60,2026-02-11
2026-02-08 00:03,Wrocław! ul. Zachodnia! 40m2! 2 pokoje! 5 piętro! Winda!,2400,https://www.otodom.pl/pl/oferta/wroclaw-ul-zachodnia-40m2-2-pokoje-5-pietro-winda-ID4yrmQ,NIE,1000,5,2,"ul. Zachodnia, Wrocław",brak,miejskie,brak,do zamieszkania,40,2026-02-11
2026-02-08 00:03,OKAZJA!!! Krzyki/ Huby,2300,https://www.otodom.pl/pl/oferta/okazja-krzyki-huby-ID4zNQp,NIE,1450,2,2,"ul. Nyska, Wrocław",1960,miejskie,3000,do zamieszkania,50,2026-02-11
2026-02-08 00:04,"Dla pary, Nowy, piękny Apartament,  ul.Jagiełły,",2900,https://www.otodom.pl/pl/oferta/dla-pary-nowy-piekny-apartament-ul-jagielly-ID4zT11,NIE,900,2,2,"ul. Władysława Jagiełły, Wrocław",2019,miejskie,3800,do zamieszkania,38.72,2026-02-11
2026-02-08 00:04,"Mieszkanie 3-pokojowe, garaż, Kępa Mieszczanska",3500,https://www.otodom.pl/pl/oferta/mieszkanie-3-pokojowe-garaz-kepa-mieszczanska-ID4sUm4,NIE,800,2,3,"ul. Romana Dmowskiego, Wrocław",2015,kotłownia,4000,do zamieszkania,57,2026-02-11
2026-02-08 00:05,"2 pokoje, ostatnie piętro, 43,5m2, Maślice stadion",2500,https://www.otodom.pl/pl/oferta/2-pokoje-ostatnie-pietro-43-5m2-maslice-stadion-ID4rtIv,NIE,900,4,2,"ul. Paniowicka, Wrocław",2005,brak,3500,do zamieszkania,43.5,2026-02-11
2026-02-08 00:05,Ładne mieszkanie 2 pokojowe 54m2 Klimatyzacja,3000,https://www.otodom.pl/pl/oferta/ladne-mieszkanie-2-pokojowe-54m2-klimatyzacja-ID4zSXU,NIE,500,4,2,Wrocław,2012,miejskie,3000,do zamieszkania,54,2026-02-11
2026-02-08 00:05,Do wynajęcia mieszkanie Zakładowa,2900,https://www.otodom.pl/pl/oferta/do-wynajecia-mieszkanie-zakladowa-ID4q2OF,NIE,0,5,2,"ul. Zakładowa, Wrocław",brak,brak,brak,brak,38,2026-02-11
2026-02-08 00:05,2 pokojowe | Braniborska | Centrum | Garaż | Balkon | Klima,3500,https://www.otodom.pl/pl/oferta/2-pokojowe-braniborska-centrum-garaz-balkon-klima-ID4zGvG,NIE,500,5,2,"ul. Braniborska, Wrocław",2025,miejskie,4000,do zamieszkania,40,2026-02-11
2026-02-08 00:06,Kawalerka | Wysoki standard | ul. Legnicka 33,2400,https://www.otodom.pl/pl/oferta/kawalerka-wysoki-standard-ul-legnicka-33-ID4zCrE,NIE,475,6,1,"ul. Legnicka, Wrocław",2021,miejskie,brak,do zamieszkania,25,2026-02-11
2026-02-08 00:06,2 pokoje ul Opolska,2200,https://www.otodom.pl/pl/oferta/2-pokoje-ul-opolska-ID4yFQJ,NIE,870,4,2,"ul. Raciborska, Wrocław",2010,miejskie,brak,do zamieszkania,54,2026-02-11
2026-02-08 00:06,"przestronne mieszkanie 71,1 m² ul. Rynek 8 Centrum",4500,https://www.otodom.pl/pl/oferta/przestronne-mieszkanie-71-1-m-ul-rynek-8-centrum-ID4zEIG,NIE,1178,3,3,"rynek Rynek, Wrocław",brak,miejskie,4500,brak,71.1,2026-02-11
2026-02-08 00:06,Mieszkanie KRZYKI Klecina,2500,https://www.otodom.pl/pl/oferta/mieszkanie-krzyki-klecina-ID4eI8P,NIE,700,1,2,Wrocław,brak,miejskie,2500,do zamieszkania,34,2026-02-11
2026-02-08 00:06,Przytulne 2-pokojowe mieszkanie przy Parku Partynice – ul. Cztery P...,2700,https://www.otodom.pl/pl/oferta/przytulne-2-pokojowe-mieszkanie-przy-parku-partynice-ul-cztery-p-ID4zSUy,NIE,0,1,2,"ul. Cztery Podkowy, Wysoka",2009,miejskie,3800,do zamieszkania,50,2026-02-11
2026-02-08 00:07,4-pok. Miedziana Grabiszyn,5600,https://www.otodom.pl/pl/oferta/4-pok-miedziana-grabiszyn-ID4zMLs,NIE,1200,7,4,"ul. Miedziana, Wrocław",brak,miejskie,5600,do zamieszkania,92,2026-02-11
2026-02-08 00:07,"Mieszkanie, 28 m², Wrocław",2100,https://www.otodom.pl/pl/oferta/mieszkanie-28-m-wroclaw-ID4zSTu,NIE,0,3,1,Wrocław,brak,miejskie,brak,do zamieszkania,28,2026-02-11
2026-02-08 00:07,4 POKOJE PRZY UL.KIEMLICZÓW  NIEDALEKO LOTNISKA,4000,https://www.otodom.pl/pl/oferta/4-pokoje-przy-ul-kiemliczow-niedaleko-lotniska-ID4zGqs,NIE,750,1,4,"ul. Kiemliczów, Wrocław",1990,kotłownia,4000,do zamieszkania,73,2026-02-11
2026-02-08 00:08,BEZ PROWIZJI 2 pok. ul. R.Dmowskiego Stare Miasto,2790,https://www.otodom.pl/pl/oferta/bez-prowizji-2-pok-ul-r-dmowskiego-stare-miasto-ID2WHfL,NIE,615,4,2,"ul. Romana Dmowskiego, Wrocław",2016,miejskie,2790,do zamieszkania,40,2026-02-11
2026-02-08 00:08,"Mieszkanie na wynajem, Wrocław, 3 pokoje",2800,https://www.otodom.pl/pl/oferta/mieszkanie-na-wynajem-wroclaw-3-pokoje-ID4zCG9,NIE,800,5,3,"bulw. Dedala, Wrocław",brak,miejskie,4500,do zamieszkania,48,2026-02-11
2026-02-08 00:08,3- pokojowe mieszkanie ul. Rybnicka,2850,https://www.otodom.pl/pl/oferta/3-pokojowe-mieszkanie-ul-rybnicka-ID4zFi5,NIE,600,1,3,"ul. Rybnicka, Wrocław",2020,miejskie,brak,do zamieszkania,46.05,2026-02-11
2026-02-08 00:08,"Komfortowy apartament 150 m², parking, taras ,ogród – Wrocław",3200,https://www.otodom.pl/pl/oferta/komfortowy-apartament-150-m-parking-taras-ogrod-wroclaw-ID4zSQ4,NIE,1300,0,2,"ul. Wykładowa, Wrocław",2010,gazowe,3500,do zamieszkania,150,2026-02-11
2026-02-08 00:08,"Super, 2pok. salon z aneksem, 2 balkone, spizarka",2500,https://www.otodom.pl/pl/oferta/super-2pok-salon-z-aneksem-2-balkone-spizarka-ID4zSR0,NIE,760,1,2,"ul. Strońska, Wrocław",2009,miejskie,3500,do zamieszkania,52,2026-02-11
2026-02-08 00:09,Angel River | Centrum | Balkon | Spa | Siłownia,2299,https://www.otodom.pl/pl/oferta/angel-river-centrum-balkon-spa-silownia-ID4zSKR,NIE,765,4,1,"ul. Walońska, Wrocław",2018,miejskie,3000,do zamieszkania,26,2026-02-11
2026-02-08 00:09,Apartament 73 m² z 2 łazienkami | Centrum,7450,https://www.otodom.pl/pl/oferta/apartament-73-m-z-2-lazienkami-centrum-ID4zSL3,NIE,1700,1,3,Wrocław,2022,miejskie,brak,brak,73,2026-02-11
2026-02-08 00:09,"Jasna, przestrzenna kawalerka Nadodrze, bez prowizji, blisko uczelni",2300,https://www.otodom.pl/pl/oferta/jasna-przestrzenna-kawalerka-nadodrze-bez-prowizji-blisko-uczelni-ID4zGk0,NIE,600,brak,1,"ul. Paulińska, Wrocław",brak,miejskie,2300,do zamieszkania,25,2026-02-11
2026-02-08 00:10,Słoneczne 2 pok mieszkanie po remoncie,3500,https://www.otodom.pl/pl/oferta/sloneczne-2-pok-mieszkanie-po-remoncie-ID4zSGW,NIE,0,2,2,"ul. Kazimierza Jagiellończyka, Wrocław",brak,gazowe,brak,do zamieszkania,58,2026-02-11
2026-02-08 00:10,Komfortowe 2 pokoje z balkonem i garażem – Belvedere Park,3000,https://www.otodom.pl/pl/oferta/komfortowe-2-pokoje-z-balkonem-i-garazem-belvedere-park-ID4zSHt,NIE,600,1,2,"ul. Przyjaźni, Wrocław",2015,brak,brak,do zamieszkania,52.53,2026-02-11
2026-02-08 00:10,Przestronne 3 pok. | Ogród | Taras | Hallera,4300,https://www.otodom.pl/pl/oferta/przestronne-3-pok-ogrod-taras-hallera-ID4zSGX,NIE,0,0,3,"al. gen. Józefa Hallera, Wrocław",2014,miejskie,brak,do zamieszkania,64,2026-02-11
2026-02-08 00:10,3-pok | pełen rozkład | Piwnica | Krzyki,3000,https://www.otodom.pl/pl/oferta/3-pok-pelen-rozklad-piwnica-krzyki-ID4zSGP,NIE,0,1,3,"ul. Hubska, Wrocław",brak,miejskie,brak,do zamieszkania,49,2026-02-11
2026-02-08 00:11,Mieszkanie 3- pokojowe + taras (na parterze) + komórka lok. w cenie,2700,https://www.otodom.pl/pl/oferta/mieszkanie-3-pokojowe-taras-na-parterze-komorka-lok-w-cenie-ID4zonA,NIE,450,0,3,"ul. Drohobycka, Wrocław",2006,gazowe,4500,do zamieszkania,51,2026-02-11
2026-02-08 00:11,komfortowe 3-pokojowe mieszkanie | wysoki standard | Kępa Mieszczańska,4500,https://www.otodom.pl/pl/oferta/komfortowe-3-pokojowe-mieszkanie-wysoki-standard-kepa-mieszczanska-ID4zSFY,NIE,0,5,3,"ul. Mieszczańska, Wrocław",2023,miejskie,5500,do zamieszkania,50.02,2026-02-11
2026-02-08 00:11,Mieszkanie umeblowanie do wynajęcia Wrocław Grabiszyn,2900,https://www.otodom.pl/pl/oferta/mieszkanie-umeblowanie-do-wynajecia-wroclaw-grabiszyn-ID4lV9P,NIE,800,5,2,"pl. Srebrny, Wrocław",brak,miejskie,3700,do zamieszkania,37,2026-02-11
2026-02-08 00:11,Narożne mieszkanie z dużym ogrodem i wyjściem do lasu,5500,https://www.otodom.pl/pl/oferta/narozne-mieszkanie-z-duzym-ogrodem-i-wyjsciem-do-lasu-ID4zSC7,NIE,0,0,4,"ul. Junacka, Wrocław",brak,brak,6500,brak,80,2026-02-11
2026-02-08 00:12,Komforotowe 3-pokojowe mieszkanie | Nowe Żerniki | Klimatyzacja |Ogród,3300,https://www.otodom.pl/pl/oferta/komforotowe-3-pokojowe-mieszkanie-nowe-zerniki-klimatyzacja-ogrod-ID4zSAw,NIE,1100,1,3,"ul. Heinricha Lauterbacha, Wrocław",2020,miejskie,4500,do zamieszkania,61,2026-02-11
2026-02-08 00:12,Osiedle Belvedere Park-apartament z garażem,4500,https://www.otodom.pl/pl/oferta/osiedle-belvedere-park-apartament-z-garazem-ID4zO8p,NIE,0,4,3,"ul. Przyjaźni, Wrocław",2012,brak,brak,do zamieszkania,76,2026-02-11
2026-02-08 00:12,2 pokoje | 52m | ul.Przyjaźni (Krzyki) | bezpośrednio | od zaraz,2950,https://www.otodom.pl/pl/oferta/2-pokoje-52m-ul-przyjazni-krzyki-bezposrednio-od-zaraz-ID3soMg,NIE,600,3,2,"ul. Przyjaźni, Wrocław",2014,miejskie,3500,do zamieszkania,52,2026-02-11
2026-02-08 00:12,Klimatyzacja | Balkon | Parking Podziemny | Wysoki Standard | Internet,2800,https://www.otodom.pl/pl/oferta/klimatyzacja-balkon-parking-podziemny-wysoki-standard-internet-ID4zEcr,NIE,700,1,2,"ul. Dożynkowa, Wrocław",brak,miejskie,4000,do zamieszkania,42,2026-02-11
2026-02-08 00:13,Mieszkanie do wynajecia,2600,https://www.otodom.pl/pl/oferta/mieszkanie-do-wynajecia-ID4zS19,NIE,850,5,1,"ul. Księcia Witolda, Wrocław",2021,miejskie,3500,do zamieszkania,34,2026-02-11
2026-02-08 00:13,Kawalerka przy ul. Pomorskiej,1620,https://www.otodom.pl/pl/oferta/kawalerka-przy-ul-pomorskiej-ID49cak,NIE,480,4,1,"ul. Pomorska, Wrocław",brak,electrical,2500,do zamieszkania,15,2026-02-11
2026-02-08 00:13,Wyjątkowy apartament 5 min. spaceru od Rynku,4200,https://www.otodom.pl/pl/oferta/wyjatkowy-apartament-5-min-spaceru-od-rynku-ID4y3cb,NIE,1230,4,2,"ul. Księcia Witolda, Wrocław",2021,miejskie,6500,do zamieszkania,63,2026-02-11
2026-02-08 00:14,"2 pokoje, nowy blok, od zaraz, blisko lotnisko/ A8",2900,https://www.otodom.pl/pl/oferta/2-pokoje-nowy-blok-od-zaraz-blisko-lotnisko-a8-ID4zKCh,NIE,900,2,2,Wrocław,2024,miejskie,brak,do zamieszkania,36,2026-02-11
2026-02-08 00:14,"BEZPOŚREDNIO 2 pokoje z balkonem, garażem i komórką Centrum Wrocławia",2700,https://www.otodom.pl/pl/oferta/bezposrednio-2-pokoje-z-balkonem-garazem-i-komorka-centrum-wroclawia-ID4ibrz,NIE,690,1,2,"ul. gen. Ignacego Prądzyńskiego, Wrocław",2012,miejskie,3000,do zamieszkania,34,2026-02-11
2026-02-08 00:14,Nowe mieszkanie w CENTRUM! BALKON! WYPOSAŻONE!,3000,https://www.otodom.pl/pl/oferta/nowe-mieszkanie-w-centrum-balkon-wyposazone-ID4yO3h,NIE,600,4,2,"ul. Kazimierza Michalczyka, Wrocław",2025,miejskie,3600,do zamieszkania,40.71,2026-02-11
2026-02-08 00:14,Nowoczesne 2-pokojowe mieszkanie z balkonem na Jagodnie,2550,https://www.otodom.pl/pl/oferta/nowoczesne-2-pokojowe-mieszkanie-z-balkonem-na-jagodnie-ID4u7WB,NIE,600,3,2,Wrocław,2024,miejskie,4000,do zamieszkania,37,2026-02-11
2026-02-08 00:14,Nowoczesne 2 pokoje nad Odrą | Garaż | Ochrona | Słonimskiego,2800,https://www.otodom.pl/pl/oferta/nowoczesne-2-pokoje-nad-odra-garaz-ochrona-slonimskiego-ID4zDKh,NIE,750,4,2,"ul. Antoniego Słonimskiego, Wrocław",2023,miejskie,3500,brak,38,2026-02-11
2026-02-08 00:15,Premium lokal pod kancelarię / notariusza * 65m2 * Różanka /Willa Rosa,5800,https://www.otodom.pl/pl/oferta/premium-lokal-pod-kancelarie-notariusza-65m2-rozanka-willa-rosa-ID4zNCW,NIE,930,0,3,"ul. Młynarska, Wrocław",2021,miejskie,5800,do zamieszkania,65,2026-02-11
2026-02-08 00:15,"Ładne, nowe mieszkanie na Popowicach. Z balkonem i osobną kuchnią.",2500,https://www.otodom.pl/pl/oferta/ladne-nowe-mieszkanie-na-popowicach-z-balkonem-i-osobna-kuchnia-ID4zNxm,NIE,2500,3,1,"ul. Białowieska, Wrocław",2020,miejskie,2500,do zamieszkania,31,2026-02-11
2026-02-08 00:15,3-pok Wrocław - Partynice / Ołtaszyn,4250,https://www.otodom.pl/pl/oferta/3-pok-wroclaw-partynice-oltaszyn-ID4zNuE,NIE,700,2,3,"ul. gen. Stanisława Maczka, Wrocław",2010,miejskie,4000,do zamieszkania,75,2026-02-11
2026-02-08 00:15,3 pok / Biskupin / Balkon,3300,https://www.otodom.pl/pl/oferta/3-pok-biskupin-balkon-ID4zNro,NIE,1000,1,3,Wrocław,1933,brak,3500,do zamieszkania,50,2026-02-11
2026-02-08 00:15,Piękny apartament |Centrum | Rzeka,4400,https://www.otodom.pl/pl/oferta/piekny-apartament-centrum-rzeka-ID4ySNR,NIE,850,1,3,"ul. Mieszczańska, Wrocław",2024,brak,6000,do zamieszkania,55.4,2026-02-11
2026-02-08 00:16,2 pokoje | balkon | świetna lokalizacja,1900,https://www.otodom.pl/pl/oferta/2-pokoje-balkon-swietna-lokalizacja-ID4ztsu,NIE,807,1,2,"ul. Strzegomska, Wrocław",1970,miejskie,2000,do zamieszkania,32.3,2026-02-11
2026-02-08 00:16,Kawalerka - Krzyki - Borek (przy parku),2700,https://www.otodom.pl/pl/oferta/kawalerka-krzyki-borek-przy-parku-ID4z6LH,NIE,800,0,1,Wrocław,brak,gazowe,3000,do zamieszkania,45,2026-02-11
2026-02-08 00:16,Elegancki apartament Panorama Wrocławia LUX 160m2,9950,https://www.otodom.pl/pl/oferta/elegancki-apartament-panorama-wroclawia-lux-160m2-ID4tgSt,NIE,2000,6,5,"ul. św. Antoniego, Wrocław",1996,miejskie,brak,do zamieszkania,160,2026-02-11
2026-02-08 00:16,"30m2, PRUSA, 3min. Grunwaldzki! nowe budownictwo, 2900zł z Internetem!",2300,https://www.otodom.pl/pl/oferta/30m2-prusa-3min-grunwaldzki-nowe-budownictwo-2900zl-z-internetem-ID4zNm1,NIE,450,0,1,"ul. Bolesława Prusa, Wrocław",2006,brak,3000,do zamieszkania,30,2026-02-11
2026-02-08 00:16,"Wrocław Psie Pole – 3 pokoje, ogród, parking",2950,https://www.otodom.pl/pl/oferta/wroclaw-psie-pole-3-pokoje-ogrod-parking-ID4x0UP,NIE,850,1,3,"ul. Gorlicka, Wrocław",brak,gazowe,3800,do zamieszkania,53,2026-02-11
2026-02-08 00:16,"3 pokoje, 68m2, nowe bud. - nad Odrą, Jaracza / Wyszyńskiego!",3300,https://www.otodom.pl/pl/oferta/3-pokoje-68m2-nowe-bud-nad-odra-jaracza-wyszynskiego-ID4zNml,NIE,960,3,3,"ul. Stefana Jaracza, Wrocław",2002,miejskie,4400,do zamieszkania,68,2026-02-11
2026-02-08 00:17,Do wynajęcia kawalerka na Przedmieściu Oławskim,2400,https://www.otodom.pl/pl/oferta/do-wynajecia-kawalerka-na-przedmiesciu-olawskim-ID4yKnf,NIE,550,4,2,"ul. Stanisława Więckowskiego, Wrocław",1992,miejskie,3150,do zamieszkania,30,2026-02-11
2026-02-08 00:17,"Nowe, 1-najem, blisko Business Garden i Magnolia",2100,https://www.otodom.pl/pl/oferta/nowe-1-najem-blisko-business-garden-i-magnolia-ID4zSgg,NIE,500,10,1,"ul. Inowrocławska, Wrocław",brak,miejskie,3000,do zamieszkania,26,2026-02-11
2026-02-08 00:17,"4-pokojowe mieszkanie na Rynku, obok Uniwersytetu",4500,https://www.otodom.pl/pl/oferta/4-pokojowe-mieszkanie-na-rynku-obok-uniwersytetu-ID4ycNo,NIE,1000,4,4,"ul. Szewska, Wrocław",1980,miejskie,6000,do zamieszkania,60,2026-02-11
2026-02-08 00:17,"Super lokalizacja, ul. Grunwaldzka, rozkładowe",2200,https://www.otodom.pl/pl/oferta/super-lokalizacja-ul-grunwaldzka-rozkladowe-ID4zN4Z,NIE,850,3,2,"ul. Grunwaldzka, Wrocław",1992,kotłownia,3000,do zamieszkania,54,2026-02-11
2026-02-08 00:17,Wrocław! Jagodno! ul. Buforowa! 2 pok! Balkon! 38m2!,2400,https://www.otodom.pl/pl/oferta/wroclaw-jagodno-ul-buforowa-2-pok-balkon-38m2-ID4vRAc,NIE,900,2,2,"ul. Buforowa, Wrocław",brak,miejskie,3000,do zamieszkania,38,2026-02-11
2026-02-08 00:18,40m2 - bez prowizji -Wieczysta -blisko UE/centrum,2600,https://www.otodom.pl/pl/oferta/40m2-bez-prowizji-wieczysta-blisko-ue-centrum-ID4zuOQ,NIE,1000,1,2,"ul. Wieczysta, Wrocław",brak,miejskie,3800,do zamieszkania,40,2026-02-11
2026-02-08 00:18,Kawalerka 25m2 Strzegomska/Jaworska blisko Magnolii (PIERWSZY NAJEM),2400,https://www.otodom.pl/pl/oferta/kawalerka-25m2-strzegomska-jaworska-blisko-magnolii-pierwszy-najem-ID4zScP,NIE,500,5,1,Wrocław,1970,miejskie,3000,do zamieszkania,25,2026-02-11
2026-02-08 00:18,"Do wynajęcia wyjątkowy apartament – ul. Bernardyńska 4, Wrocław",4500,https://www.otodom.pl/pl/oferta/do-wynajecia-wyjatkowy-apartament-ul-bernardynska-4-wroclaw-ID4zwBh,NIE,1450,2,2,"ul. Bernardyńska, Wrocław",2025,miejskie,brak,do zamieszkania,50,2026-02-11
2026-02-08 00:18,Mieszkanie 3-pokojowe Psie Pole / Różance / CH Marino/ 3 POKOJE,3200,https://www.otodom.pl/pl/oferta/mieszkanie-3-pokojowe-psie-pole-rozance-ch-marino-3-pokoje-ID4zSaB,NIE,1700,4,3,"ul. Zaułek Rogoziński, Wrocław",brak,miejskie,3200,do zamieszkania,60,2026-02-11
2026-02-08 00:19,Wynajem mieszkania 33m² z balkonem 20m² i parkingiem podziemnym,2000,https://www.otodom.pl/pl/oferta/wynajem-mieszkania-33m-z-balkonem-20m-i-parkingiem-podziemnym-ID4zS3H,NIE,500,2,1,"ul. Podhalańska, Wrocław",2020,kotłownia,2000,do zamieszkania,33,2026-02-11
2026-02-08 00:19,2-pokojowe mieszkanie w Wilii Potokowa,2600,https://www.otodom.pl/pl/oferta/2-pokojowe-mieszkanie-w-wilii-potokowa-ID4pIjZ,NIE,700,1,2,"ul. Potokowa, Wrocław",2010,miejskie,3300,do zamieszkania,40,2026-02-11
2026-02-08 00:19,Kępa Mieszczańska 2 pokoje/garaż/duży balkon,3000,https://www.otodom.pl/pl/oferta/kepa-mieszczanska-2-pokoje-garaz-duzy-balkon-ID4zS4Z,NIE,450,7,2,"ul. Mieszczańska, Wrocław",2020,miejskie,3250,do zamieszkania,39.2,2026-02-11
2026-02-08 00:19,"Wrocław, Fabryczna, Stabłowice, Lubomierska",2500,https://www.otodom.pl/pl/oferta/wroclaw-fabryczna-stablowice-lubomierska-ID4zSak,NIE,800,3,2,"Wrocław, Fabryczna, Stabłowice, Lubmierska, Wrocław",2022,kotłownia,4000,do zamieszkania,32,2026-02-11
2026-02-08 00:19,Bez Prowizji ! Apartament przy Magnolii | 2 pok. | Balkon |Garaż podz,3200,https://www.otodom.pl/pl/oferta/bez-prowizji-apartament-przy-magnolii-2-pok-balkon-garaz-podz-ID3YOpC,NIE,900,1,2,"ul. Małopanewska, Wrocław",2018,miejskie,4500,do zamieszkania,42.6,2026-02-11
2026-02-08 00:20,PL UA RU | Kawalerka | Braniborska | Balkon | Od zaraz,2450,https://www.otodom.pl/pl/oferta/pl-ua-ru-kawalerka-braniborska-balkon-od-zaraz-ID4zS3J,NIE,800,5,1,"ul. Braniborska, Wrocław",brak,miejskie,3000,do zamieszkania,28,2026-02-11
2026-02-08 00:20,Apartament na 44 piętrze w Sky Tower,9500,https://www.otodom.pl/pl/oferta/apartament-na-44-pietrze-w-sky-tower-ID4juXy,NIE,2350,10,3,"ul. Gwiaździsta, Wrocław",brak,brak,9500,brak,106,2026-02-11
2026-02-08 00:20,"T.Kościuszki, Wysoki standard, Pełny rozkład, 2POK",3100,https://www.otodom.pl/pl/oferta/t-kosciuszki-wysoki-standard-pelny-rozklad-2pok-ID4oSPV,NIE,583,3,2,"ul. Tadeusza Kościuszki, Wrocław",brak,miejskie,3000,do zamieszkania,42,2026-02-11
2026-02-08 00:21,"Okolice Magnoli, 15 min do Rynku, Kom. Miejska,",2900,https://www.otodom.pl/pl/oferta/okolice-magnoli-15-min-do-rynku-kom-miejska-ID4zRYW,NIE,740,6,2,"ul. Białowieska, Wrocław",2009,miejskie,brak,brak,53,2026-02-11
2026-02-08 00:21,Patio House! 48m2_2 pok_ ul. Bednarska_balkon!,2800,https://www.otodom.pl/pl/oferta/patio-house-48m2-2-pok-ul-bednarska-balkon-ID4zRXp,NIE,0,1,2,"ul. Bednarska, Wrocław",2016,miejskie,2800,brak,47.91,2026-02-11
2026-02-08 00:21,"Duże, 3 Pokoje, 66m2, Taras, Ogród, Garaż",3500,https://www.otodom.pl/pl/oferta/duze-3-pokoje-66m2-taras-ogrod-garaz-ID4zRVi,NIE,800,0,3,"ul. Kawalerzystów, Wrocław",2010,kotłownia,4000,do zamieszkania,66,2026-02-11
2026-02-08 00:22,2‑pokojowe mieszkanie 48 m² | Oporów | Chachaja | wysoki standard,3300,https://www.otodom.pl/pl/oferta/2pokojowe-mieszkanie-48-m-oporow-chachaja-wysoki-standard-ID4zROj,NIE,750,3,2,"ul. Ibn Siny Awicenny, Wrocław",2025,kotłownia,6600,do zamieszkania,48,2026-02-11
2026-02-08 00:22,Wojszyce | 3 sypialnie | Duży Taras,4500,https://www.otodom.pl/pl/oferta/wojszyce-3-sypialnie-duzy-taras-ID4zROC,NIE,0,1,4,Wrocław,brak,brak,5500,brak,130,2026-02-11
2026-02-08 00:22,"Apartament 89 m² + Taras 75 m², Piętro 4/4 + 2 Garaże, Klima, Jagodno",5900,https://www.otodom.pl/pl/oferta/apartament-89-m-taras-75-m-pietro-4-4-2-garaze-klima-jagodno-ID4zRPs,NIE,1050,4,3,Wrocław,2022,miejskie,10000,do zamieszkania,89.18,2026-02-11
2026-02-08 00:22,"Mieszkanie, 47 m², Wrocław",2200,https://www.otodom.pl/pl/oferta/mieszkanie-47-m-wroclaw-ID4zRQO,NIE,0,3,2,Wrocław,brak,miejskie,brak,do zamieszkania,47,2026-02-11
2026-02-08 00:23,0 %PRO 3-pok od zaraz ogrody Hallera *Klima* Internet w cenie *Balkon*,3600,https://www.otodom.pl/pl/oferta/0-pro-3-pok-od-zaraz-ogrody-hallera-klima-internet-w-cenie-balkon-ID4zRLo,NIE,0,2,3,"al. gen. Józefa Hallera, Wrocław",brak,miejskie,brak,brak,65,2026-02-11
2026-02-08 00:23,"2 pokoje- 45m²| Garaż, komórka, klimatyzacja",2800,https://www.otodom.pl/pl/oferta/2-pokoje-45m-garaz-komorka-klimatyzacja-ID4zRLc,NIE,780,4,2,"ul. Piękna, Wrocław",2015,miejskie,3000,do zamieszkania,45.2,2026-02-11
2026-02-08 00:23,blisko uczelni | 5 min. od Pl. Grunwaldzkiego | K. Olszewskiego,2000,https://www.otodom.pl/pl/oferta/blisko-uczelni-5-min-od-pl-grunwaldzkiego-k-olszewskiego-ID4zFc2,NIE,400,1,1,Wrocław,2016,miejskie,2400,do zamieszkania,25,2026-02-11
2026-02-08 00:23,3-pok ul. Racławicka Planty Racławickie Parking*Klima* od 01.04.2026,5200,https://www.otodom.pl/pl/oferta/3-pok-ul-raclawicka-planty-raclawickie-parkingklima-od-01-04-2026-ID4zRLF,NIE,0,2,3,"ul. Racławicka, Wrocław",brak,miejskie,brak,brak,60,2026-02-11
2026-02-08 00:24,First rent | Kępa Mieszczańska | garage,1950,https://www.otodom.pl/pl/oferta/first-rent-kepa-mieszczanska-garage-ID4zRHK,NIE,500,5,1,"ul. Mieszczańska, Wrocław",2020,miejskie,2600,do zamieszkania,20,2026-02-11
2026-02-08 00:24,2 pok. 50m² osobna kuchnia |Garaż+komórka w cenie!,2650,https://www.otodom.pl/pl/oferta/2-pok-50m-osobna-kuchnia-garaz-komorka-w-cenie-ID4zHV0,NIE,749,2,2,"ul. ks. Czesława Klimasa, Wrocław",2013,miejskie,2650,do zamieszkania,50.2,2026-02-11
2026-02-08 00:24,Super Mieszkanie/Apartament na wynajem,2747,https://www.otodom.pl/pl/oferta/super-mieszkanie-apartament-na-wynajem-ID48B0Q,NIE,780,2,2,"ul. Miodowa, Wrocław",2018,kotłownia,4500,do zamieszkania,51.2,2026-02-11
2026-02-08 00:25,Mieszkanie 33M2 -  na wynajm Kawalerka Walońska Angel River,2800,https://www.otodom.pl/pl/oferta/mieszkanie-33m2-na-wynajm-kawalerka-walonska-angel-river-ID4z2YQ,NIE,599,3,1,"ul. Walońska, Wrocław",2023,miejskie,2700,do zamieszkania,33,2026-02-11
2026-02-08 00:25,Do wynajecie mieszkanie 2 pokojowe Wrocław Psie Pole,2300,https://www.otodom.pl/pl/oferta/do-wynajecie-mieszkanie-2-pokojowe-wroclaw-psie-pole-ID4zPww,NIE,720,5,2,"ul. Litewska, Wrocław",2006,miejskie,4600,do zamieszkania,52,2026-02-11
2026-02-08 00:25,od 01.03.2026 Duża Kawalerka 39 m2 ul. Żeromskiego *Klima* Ołbin,2300,https://www.otodom.pl/pl/oferta/od-01-03-2026-duza-kawalerka-39-m2-ul-zeromskiego-klima-olbin-ID4zRzf,NIE,0,1,1,"ul. Stefana Żeromskiego, Wrocław",brak,miejskie,brak,brak,39,2026-02-11
2026-02-08 00:25,3-pok ul. Róży Wiatrów ARCHICOM *Garaż* Ładne *Klima* od zaraz,4500,https://www.otodom.pl/pl/oferta/3-pok-ul-rozy-wiatrow-archicom-garaz-ladne-klima-od-zaraz-ID4zRyd,NIE,0,4,3,"ul. Róży Wiatrów, Wrocław",brak,miejskie,brak,brak,55,2026-02-11
2026-02-08 00:25,"Atrakcyjne mieszkanie, 3 pokoje, świetna lokalizacja!",2900,https://www.otodom.pl/pl/oferta/atrakcyjne-mieszkanie-3-pokoje-swietna-lokalizacja-ID4hUhC,NIE,1100,4,3,"ul. Inowrocławska, Wrocław",brak,miejskie,3500,do zamieszkania,64,2026-02-11
2026-02-08 00:25,Legnicka/Magnolia/Business Garden/Przedmiejska/ Szczepin,1999,https://www.otodom.pl/pl/oferta/legnicka-magnolia-business-garden-przedmiejska-szczepin-ID47deg,NIE,500,0,1,"ul. Przedmiejska, Wrocław",2020,miejskie,2500,do zamieszkania,29,2026-02-11
2026-02-08 00:25,Dwupokojowe mieszkanie przy ul. Gazowej,2700,https://www.otodom.pl/pl/oferta/dwupokojowe-mieszkanie-przy-ul-gazowej-ID4zRA1,NIE,750,2,2,"ul. Gazowa, Wrocław",2020,miejskie,3000,do zamieszkania,50,2026-02-11
2026-02-08 00:26,Po generalnym remoncie | Oddzielna kuchnia | Balkon | Garaż,3250,https://www.otodom.pl/pl/oferta/po-generalnym-remoncie-oddzielna-kuchnia-balkon-garaz-ID4zMJR,NIE,650,6,2,"ul. Spiżowa, Wrocław",2015,miejskie,brak,do zamieszkania,55,2026-02-11
2026-02-08 00:26,Pets Friendly | Wysokie sufity | Oddzielna kuchnia | Ogród Botaniczny,3280,https://www.otodom.pl/pl/oferta/pets-friendly-wysokie-sufity-oddzielna-kuchnia-ogrod-botaniczny-ID4zMH8,NIE,443,3,2,"ul. kard. Mieczysława Ledóchowskiego, Wrocław",brak,brak,3500,do zamieszkania,48,2026-02-11
2026-02-08 00:26,Luksusowy duży apartament z tarasem - Krzyki,7700,https://www.otodom.pl/pl/oferta/luksusowy-duzy-apartament-z-tarasem-krzyki-ID4lXUG,NIE,1500,5,4,Wrocław,brak,miejskie,brak,do zamieszkania,120,2026-02-11
2026-02-08 00:26,"Nowoczesny apartament z prywatnym tarasem | Angel River, Wrocław",8000,https://www.otodom.pl/pl/oferta/nowoczesny-apartament-z-prywatnym-tarasem-angel-river-wroclaw-ID4yIam,NIE,2000,5,3,"ul. Walońska, Wrocław",2018,miejskie,10000,do zamieszkania,77,2026-02-11
2026-02-08 00:27,"Nowa oferta!, dla 3 osób, osobna kuchnia, Magnoli",3150,https://www.otodom.pl/pl/oferta/nowa-oferta-dla-3-osob-osobna-kuchnia-magnoli-ID4zLRh,NIE,850,5,3,Wrocław,brak,brak,4500,do zamieszkania,48,2026-02-11
2026-02-08 00:27,2-POKOJOWE | PIWNICA | BALKON | WANNA | 3 PRZYSTANKI DO RYNKU,2650,https://www.otodom.pl/pl/oferta/2-pokojowe-piwnica-balkon-wanna-3-przystanki-do-rynku-ID4zM1L,NIE,800,5,2,"ul. Strzegomska, Wrocław",brak,miejskie,3500,do zamieszkania,44,2026-02-11
2026-02-08 00:27,"2-pokoje, 40m² | Jagodno | ul. Kopycińskiego | garaż podz + komorka",2800,https://www.otodom.pl/pl/oferta/2-pokoje-40m-jagodno-ul-kopycinskiego-garaz-podz-komorka-ID4xbgp,NIE,600,1,2,Wrocław,2021,miejskie,4000,do zamieszkania,40.11,2026-02-11
2026-02-08 00:27,2-POKOJOWE | GARAŻ W CENIE | BALKON | TARAS WIDOKOWY,3200,https://www.otodom.pl/pl/oferta/2-pokojowe-garaz-w-cenie-balkon-taras-widokowy-ID4zM3x,NIE,650,5,2,"ul. Braniborska, Wrocław",2022,miejskie,5000,do zamieszkania,38,2026-02-11
2026-02-08 00:27,✅Wysoki Standard✅Balkon✅Klimatyzacja,3500,https://www.otodom.pl/pl/oferta/wysoki-standardbalkonklimatyzacja-ID4zMbi,NIE,900,2,2,Wrocław,2022,miejskie,0,brak,40,2026-02-11
2026-02-08 00:28,PEŁEN ROZKŁAD! Nowsze budownictwo! Balkon! Media miejskie!,2600,https://www.otodom.pl/pl/oferta/pelen-rozklad-nowsze-budownictwo-balkon-media-miejskie-ID4yOvi,NIE,800,3,2,"ul. Gorlicka, Wrocław",2020,miejskie,3400,do zamieszkania,50.8,2026-02-11
2026-02-08 00:28,"Duże m., 3 osobne sypialnie, taras - od lutego",3500,https://www.otodom.pl/pl/oferta/duze-m-3-osobne-sypialnie-taras-od-lutego-ID4maeB,NIE,1242,6,4,"ul. Kurkowa, Wrocław",brak,miejskie,4700,do zamieszkania,72,2026-02-11
2026-02-08 00:28,"Mieszkanie jednopokojowe z oddzielną kuchnią, miejscem parkingowym",1800,https://www.otodom.pl/pl/oferta/mieszkanie-jednopokojowe-z-oddzielna-kuchnia-miejscem-parkingowym-ID4zRnw,NIE,600,1,1,"ul. Rybnicka, Wrocław",brak,inne,2000,do zamieszkania,25,2026-02-11
2026-02-08 00:28,Ścisłe CENTRUM! Pierwszy najem! Pełne wyposażenie! Wysoki standard!,2800,https://www.otodom.pl/pl/oferta/scisle-centrum-pierwszy-najem-pelne-wyposazenie-wysoki-standard-ID4yO40,NIE,900,4,2,"ul. Czysta, Wrocław",2025,miejskie,3700,do zamieszkania,39,2026-02-11
2026-02-08 00:29,REZERWACJA Nowoczesne 2-pokojowe mieszkanie z balkonem,3000,https://www.otodom.pl/pl/oferta/rezerwacja-nowoczesne-2-pokojowe-mieszkanie-z-balkonem-ID4oRO1,NIE,606,10,2,"ul. Chociebuska, Wrocław",2023,miejskie,6000,do zamieszkania,40.5,2026-02-11
2026-02-08 00:29,Kawalerka 35m. PSIE POLE ul. Zatorska (ZAKRZÓW),2600,https://www.otodom.pl/pl/oferta/kawalerka-35m-psie-pole-ul-zatorska-zakrzow-ID4zRae,NIE,550,2,2,Wrocław,2025,brak,3000,do zamieszkania,35,2026-02-11
2026-02-08 00:29,"Mieszkanie do wynajęcia obok Park Zachodni,Po generalnym remoncie,2pok",2800,https://www.otodom.pl/pl/oferta/mieszkanie-do-wynajecia-obok-park-zachodni-po-generalnym-remoncie-2pok-ID4zRgH,NIE,650,7,2,"ul. Kolista, Wrocław",brak,miejskie,4000,do zamieszkania,48,2026-02-11
2026-02-08 00:30,2 pokoje/8 piętro/miejsce postojowe w cenie,3500,https://www.otodom.pl/pl/oferta/2-pokoje-8-pietro-miejsce-postojowe-w-cenie-ID4zAf1,NIE,1000,8,2,"ul. Inowrocławska, Wrocław",2008,miejskie,brak,do zamieszkania,58.5,2026-02-11
2026-02-08 00:30,Klimatyczne mieszkanie z antresolą | Promenady Wro,3200,https://www.otodom.pl/pl/oferta/klimatyczne-mieszkanie-z-antresola-promenady-wro-ID4zeQ7,NIE,700,4,2,"ul. Antoniego Słonimskiego, Wrocław",2023,miejskie,brak,do zamieszkania,39,2026-02-11
2026-02-08 00:30,Do wynajęcia 3 pokoje/ klimatyzacja/ balkon/ Port Popowice,4100,https://www.otodom.pl/pl/oferta/do-wynajecia-3-pokoje-klimatyzacja-balkon-port-popowice-ID4zRIy,NIE,0,4,3,"ul. Białowieska, Wrocław",2019,miejskie,5200,do zamieszkania,55.38,2026-02-11
2026-02-08 00:30,Nowy klimatyzowany apartament 70m2 ul. Braniborska,4200,https://www.otodom.pl/pl/oferta/nowy-klimatyzowany-apartament-70m2-ul-braniborska-ID4zRfo,NIE,950,2,4,"ul. Braniborska, Wrocław",2024,miejskie,brak,do zamieszkania,69.6,2026-02-11
2026-02-08 00:31,3 pokoje z balkonem Stare Miasto/ Tramwaj,2700,https://www.otodom.pl/pl/oferta/3-pokoje-z-balkonem-stare-miasto-tramwaj-ID4zRfb,NIE,900,9,3,"ul. Bolesławiecka, Wrocław",brak,miejskie,3600,do zamieszkania,52,2026-02-11
2026-02-08 00:31,BEZ PROWIZJI - Mieszkanie 2-pokoje / 400M do rynku,2900,https://www.otodom.pl/pl/oferta/bez-prowizji-mieszkanie-2-pokoje-400m-do-rynku-ID43Hiw,NIE,1000,2,2,Wrocław,2017,miejskie,3900,do zamieszkania,41,2026-02-11
2026-02-08 00:31,Apartament typu loft| Stare Miasto| Jodłowa,7000,https://www.otodom.pl/pl/oferta/apartament-typu-loft-stare-miasto-jodlowa-ID4xhK5,NIE,0,7,3,"ul. Jodłowa, Wrocław",brak,brak,brak,do zamieszkania,80,2026-02-11
2026-02-08 00:31,Pl/UA/RU/ 2-pokoje/ CH Ferio Gaj ﻿/ Osobna kuchnia,2800,https://www.otodom.pl/pl/oferta/pl-ua-ru-2-pokoje-ch-ferio-gaj-osobna-kuchnia-ID4zRbP,NIE,550,1,2,"ul. Piławska, Wrocław",brak,brak,3500,do zamieszkania,50,2026-02-11
2026-02-08 00:31,STUDIO z miejscem parkingowym blisko Starego Rynku w Just In Center,2400,https://www.otodom.pl/pl/oferta/studio-z-miejscem-parkingowym-blisko-starego-rynku-w-just-in-center-ID4zRbi,NIE,776,4,1,"ul. Krawiecka, Wrocław",2009,miejskie,3000,do zamieszkania,34.4,2026-02-11
2026-02-08 00:31,Przestronne 3-pokojowe mieszkanie z balkonem,2500,https://www.otodom.pl/pl/oferta/przestronne-3-pokojowe-mieszkanie-z-balkonem-ID4zRaQ,NIE,1200,10,3,"pl. Grunwaldzki, Wrocław",1970,miejskie,3000,do zamieszkania,54,2026-02-11
2026-02-08 00:32,"4 pokojowe mieszkanie+garaż, Ołtaszyn-Zwycięska",4950,https://www.otodom.pl/pl/oferta/4-pokojowe-mieszkanie-garaz-oltaszyn-zwycieska-ID3ERO0,NIE,1300,1,4,"ul. Zwycięska, Wrocław",2010,inne,brak,do zamieszkania,104,2026-02-11
2026-02-08 00:32,Luksusowe_prestige_3_duże_pokoje_sauna_taras_klimatyzacja_garaż,6900,https://www.otodom.pl/pl/oferta/luksusowe-prestige-3-duze-pokoje-sauna-taras-klimatyzacja-garaz-ID4zOhS,NIE,1100,2,3,"ul. Brylantowa, Wrocław",2025,gazowe,15000,do zamieszkania,99,2026-02-11
2026-02-08 00:32,2-pokojowe z balkonem Stabłowice bez prowizji!,2100,https://www.otodom.pl/pl/oferta/2-pokojowe-z-balkonem-stablowice-bez-prowizji-ID4zR72,NIE,450,1,2,"ul. Główna, Wrocław",2009,gazowe,2500,do zamieszkania,41,2026-02-11
2026-02-08 00:32,Krzyki/Oficerska/balkon/dwa pokoje,4150,https://www.otodom.pl/pl/oferta/krzyki-oficerska-balkon-dwa-pokoje-ID4zR6Q,NIE,800,2,2,"ul. Oficerska, Wrocław",2012,miejskie,brak,do zamieszkania,54,2026-02-11
2026-02-08 00:33,"Od 15 lutego, studio 36m2, Legnicka",2450,https://www.otodom.pl/pl/oferta/od-15-lutego-studio-36m2-legnicka-ID4zR4Y,NIE,480,4,2,Wrocław,2019,miejskie,brak,do zamieszkania,36,2026-02-11
2026-02-08 00:33,Przytulna kawalerka po remoncie | Kępa Mieszczańska,1900,https://www.otodom.pl/pl/oferta/przytulna-kawalerka-po-remoncie-kepa-mieszczanska-ID4zR6j,NIE,450,5,1,"ul. Mieszczańska, Wrocław",2020,miejskie,2500,brak,20,2026-02-11
2026-02-08 00:33,Nowoczesne 2-pokojowe mieszkanie z balkonem,3300,https://www.otodom.pl/pl/oferta/nowoczesne-2-pokojowe-mieszkanie-z-balkonem-ID4p1l8,NIE,450,1,2,Wrocław,2023,miejskie,4000,do zamieszkania,36,2026-02-11
2026-02-08 00:34,Kawalerka STUDIO w Centrum Po Remoncie! Niskie opłaty Ul. NYSKA HUBSKA,2250,https://www.otodom.pl/pl/oferta/kawalerka-studio-w-centrum-po-remoncie-niskie-oplaty-ul-nyska-hubska-ID4zR1G,NIE,230,1,1,"ul. Nyska, Wrocław",brak,brak,3000,do zamieszkania,17.5,2026-02-11
2026-02-08 00:34,Mieszkanie 3-pok. | Balkon | Popowice,3500,https://www.otodom.pl/pl/oferta/mieszkanie-3-pok-balkon-popowice-ID4zR23,NIE,0,8,3,"ul. Na Ostatnim Groszu, Wrocław",brak,miejskie,brak,do zamieszkania,54,2026-02-11
2026-02-08 00:34,Słoneczne 2 pok. | Parking | Duży balkon | Pierwsz,2900,https://www.otodom.pl/pl/oferta/sloneczne-2-pok-parking-duzy-balkon-pierwsz-ID4zR27,NIE,0,4,2,"ul. Strachowicka, Wrocław",2025,miejskie,brak,do zamieszkania,42,2026-02-11
2026-02-08 00:34,Kawalerka w centrum,2100,https://www.otodom.pl/pl/oferta/kawalerka-w-centrum-ID4zR2E,NIE,500,0,1,"ul. Stefana Czarnieckiego, Wrocław",1999,brak,2800,brak,34,2026-02-11
2026-02-08 00:35,Kawalerka 29m2 w centrum - ul. Kurkowa,2100,https://www.otodom.pl/pl/oferta/kawalerka-29m2-w-centrum-ul-kurkowa-ID4zQYC,NIE,515,5,1,"ul. Kurkowa, Wrocław",2023,miejskie,brak,do zamieszkania,28.44,2026-02-11
2026-02-08 00:35,PL/RU/ENG Trzypokojowe|57 m2|Od 02.2026,3599,https://www.otodom.pl/pl/oferta/pl-ru-eng-trzypokojowe-57-m2-od-02-2026-ID4zQZ3,NIE,700,5,3,Wrocław,brak,miejskie,5000,do zamieszkania,57,2026-02-11
2026-02-08 00:36,Pierwszy najem studio z balkonem na ulicy Czystej,2400,https://www.otodom.pl/pl/oferta/pierwszy-najem-studio-z-balkonem-na-ulicy-czystej-ID4zQXb,NIE,600,5,1,"ul. Czysta, Wrocław",2025,miejskie,3000,do zamieszkania,25.48,2026-02-11
2026-02-08 00:36,PL/RU/ENG Czteropokojowe - 92 m2|Osobna Kuchnia|2 Łazienki|Centrum,5599,https://www.otodom.pl/pl/oferta/pl-ru-eng-czteropokojowe-92-m2-osobna-kuchnia-2-lazienki-centrum-ID4zQVS,NIE,1200,7,4,"ul. Miedziana, Wrocław",brak,miejskie,5600,brak,92,2026-02-11
2026-02-08 00:36,Przestronne mieszkanie z garażem - 3900 całość,3800,https://www.otodom.pl/pl/oferta/przestronne-mieszkanie-z-garazem-3900-calosc-ID4zQUZ,NIE,0,2,3,"ul. Borowska, Wrocław",2010,miejskie,4500,do zamieszkania,68,2026-02-11
2026-02-08 00:36,UA | ENG | PL |  | BEZ PROWIZJ I КОММИСИЯ 0%,5000,https://www.otodom.pl/pl/oferta/ua-eng-pl-bez-prowizj-i-0-ID4zQSx,NIE,650,3,3,"ul. Maślicka, Wrocław",brak,miejskie,4500,to_completion,58,2026-02-11
2026-02-08 00:36,PL|Eng|Ua Prowizja 0%|Коммисия 0% Okazja,2000,https://www.otodom.pl/pl/oferta/pl-eng-ua-prowizja-0-0-okazja-ID4zQSD,NIE,600,0,2,"ul. Opolska, Wrocław",brak,brak,3000,to_completion,30,2026-02-11
2026-02-08 00:37,Belvedere Park / Narożny duży balkon / Wyposażony,3600,https://www.otodom.pl/pl/oferta/belvedere-park-narozny-duzy-balkon-wyposazony-ID4z8q9,NIE,870,4,3,"ul. Przyjaźni, Wrocław",2008,brak,brak,brak,65.89,2026-02-11
2026-02-08 00:37,2 pokoje | oddzielna kuchnia | 40 m²| Centrum,2650,https://www.otodom.pl/pl/oferta/2-pokoje-oddzielna-kuchnia-40-m-centrum-ID4zQRE,NIE,328,0,2,"al. Jana Matejki, Wrocław",brak,gazowe,2650,do zamieszkania,40,2026-02-11
2026-02-08 00:37,okolice ul. Kościuszki,2600,https://www.otodom.pl/pl/oferta/okolice-ul-kosciuszki-ID4zQQD,NIE,0,0,2,Wrocław,1930,gazowe,2800,do zamieszkania,51,2026-02-11
2026-02-08 00:38,"Zadbane, słoneczne, Śleżna przy Parku. HIT",3399,https://www.otodom.pl/pl/oferta/zadbane-sloneczne-slezna-przy-parku-hit-ID4zQGH,NIE,580,1,2,"ul. Ślężna, Wrocław",2014,miejskie,4000,do zamieszkania,55.04,2026-02-11
2026-02-08 00:38,Mieszkanie 2 pok. Szczepin-Stare Miasto,2700,https://www.otodom.pl/pl/oferta/mieszkanie-2-pok-szczepin-stare-miasto-ID4zQBT,NIE,960,4,2,"ul. Zachodnia, Wrocław",brak,miejskie,3700,do zamieszkania,49,2026-02-11
2026-02-08 00:38,"Salon z aneksem, sypialnia/gabinet, miejsce parkingowe z gniazdem 11kW",2800,https://www.otodom.pl/pl/oferta/salon-z-aneksem-sypialnia-gabinet-miejsce-parkingowe-z-gniazdem-11kw-ID4cADg,NIE,580,7,2,"ul. Rychtalska, Wrocław",2021,miejskie,4000,do zamieszkania,33,2026-02-11
2026-02-08 00:38,Mieszkanie w Centrum,2800,https://www.otodom.pl/pl/oferta/mieszkanie-w-centrum-ID4zQOp,NIE,650,5,2,"wyspa Kępa Mieszczańska, Wrocław",2020,miejskie,3000,brak,37,2026-02-11
2026-02-08 00:38,62m 3pok 4000 PLN Tęczowa STARE MIASTO,4000,https://www.otodom.pl/pl/oferta/62m-3pok-4000-pln-teczowa-stare-miasto-ID4zMUx,NIE,0,3,3,"ul. Tęczowa, Wrocław",2018,miejskie,4000,brak,62,2026-02-11
2026-02-08 00:38,Mieszkanie / 3 pokoje / balkon+piwnica / Szczepin,2800,https://www.otodom.pl/pl/oferta/mieszkanie-3-pokoje-balkon-piwnica-szczepin-ID4zQN3,NIE,800,10,3,"ul. Inowrocławska, Wrocław",1969,miejskie,brak,brak,46,2026-02-11
2026-02-08 00:39,Bezpośrednio wygodna kawalerka Krynicka,2000,https://www.otodom.pl/pl/oferta/bezposrednio-wygodna-kawalerka-krynicka-ID4yrG2,NIE,650,4,1,"ul. Krynicka, Wrocław",1990,miejskie,3000,do zamieszkania,28,2026-02-11
2026-02-08 00:39,3 pokoje | 78 m2 | Wojszyce | Bez prowizji,3600,https://www.otodom.pl/pl/oferta/3-pokoje-78-m2-wojszyce-bez-prowizji-ID4ju7T,NIE,1000,0,3,"ul. Pawia, Wrocław",2001,kotłownia,3600,do zamieszkania,77.8,2026-02-11
2026-02-08 00:39,"Nowe mieszkanie - Młynarska - 3 pokoje, słoneczne",3700,https://www.otodom.pl/pl/oferta/nowe-mieszkanie-mlynarska-3-pokoje-sloneczne-ID4p75N,NIE,800,5,3,"ul. Młynarska, Wrocław",2023,miejskie,5000,do zamieszkania,53,2026-02-11
2026-02-08 00:39,Studio w centrum Wrocławia | rynek,2600,https://www.otodom.pl/pl/oferta/studio-w-centrum-wroclawia-rynek-ID4zBFA,NIE,0,2,1,"ul. Krawiecka, Wrocław",2009,miejskie,brak,brak,38,2026-02-11
2026-02-08 00:39,"Mieszkanie, 25,60 m², Wrocław",2400,https://www.otodom.pl/pl/oferta/mieszkanie-25-60-m-wroclaw-ID4z027,NIE,550,2,1,"ul. Kręta, Wrocław",2021,miejskie,3000,do zamieszkania,25.6,2026-02-11
2026-02-08 00:39,"ul. Długa – 3 os. pokoje, osobna kuchnia, balkon",2200,https://www.otodom.pl/pl/oferta/ul-dluga-3-os-pokoje-osobna-kuchnia-balkon-ID4zQAb,NIE,1000,2,3,Wrocław,1960,miejskie,brak,brak,48,2026-02-11
2026-02-08 00:39,3 pokoje w centrum|parking|doskonała komunikacja,2999,https://www.otodom.pl/pl/oferta/3-pokoje-w-centrum-parking-doskonala-komunikacja-ID4zQwr,NIE,600,3,3,"ul. gen. Jana Henryka Dąbrowskiego, Wrocław",1920,gazowe,0,do zamieszkania,83,2026-02-11
2026-02-08 00:40,Kawalerka w centrum|parking|balkon|bez prowizji,2050,https://www.otodom.pl/pl/oferta/kawalerka-w-centrum-parking-balkon-bez-prowizji-ID4zQuK,NIE,600,3,1,"ul. Legnicka, Wrocław",1980,miejskie,3000,do zamieszkania,27,2026-02-11
2026-02-08 00:40,"Luksusowy, nowoczesny 3 pok apartament przy Rynku.",6500,https://www.otodom.pl/pl/oferta/luksusowy-nowoczesny-3-pok-apartament-przy-rynku-ID4z65N,NIE,1200,3,3,"ul. Księcia Witolda, Wrocław",2020,miejskie,8000,brak,71.5,2026-02-11
2026-02-08 00:40,"Wrocław! ul. Murowana! 50m2! 2 pok! Parking, rowerownia!",2800,https://www.otodom.pl/pl/oferta/wroclaw-ul-murowana-50m2-2-pok-parking-rowerownia-ID4zLdV,NIE,1100,2,2,Wrocław,brak,miejskie,3000,do zamieszkania,49,2026-02-11
2026-02-08 00:40,"Nowe 3-pok. 2 balkony, garaż - Krzyki Jagodno - od zaraz",3300,https://www.otodom.pl/pl/oferta/nowe-3-pok-2-balkony-garaz-krzyki-jagodno-od-zaraz-ID4zL7v,NIE,0,2,3,Wrocław,brak,miejskie,3500,do zamieszkania,56,2026-02-11
2026-02-08 00:40,"3 pokoje, rozkładowe, balkon",2800,https://www.otodom.pl/pl/oferta/3-pokoje-rozkladowe-balkon-ID4zL7k,NIE,1200,1,3,"ul. Rogowska, Wrocław",1985,miejskie,2800,do zamieszkania,68,2026-02-11
2026-02-08 00:41,"Komfortowe, klimatyzacja, garaż, winda, balkon, RIVER POINT!",2900,https://www.otodom.pl/pl/oferta/komfortowe-klimatyzacja-garaz-winda-balkon-river-point-ID4zqZJ,NIE,850,4,2,"ul. Mieszczańska, Wrocław",2018,miejskie,3750,do zamieszkania,38,2026-02-11
2026-02-08 00:41,Mieszkanie 2-pokojowe w okolicy ul. Krzyckiej,2550,https://www.otodom.pl/pl/oferta/mieszkanie-2-pokojowe-w-okolicy-ul-krzyckiej-ID4ziiU,NIE,650,2,2,"ul. Babiego Lata, Wrocław",2016,miejskie,2550,do zamieszkania,40,2026-02-11
2026-02-08 00:41,"2-pok. balkon, garaż - Kępa Mieszczańska- centrum",3000,https://www.otodom.pl/pl/oferta/2-pok-balkon-garaz-kepa-mieszczanska-centrum-ID4zL6N,NIE,900,5,2,"ul. Romana Dmowskiego, Wrocław",brak,miejskie,4000,do zamieszkania,46,2026-02-11
2026-02-08 00:41,Przestronne 4 pokoje | blisko Aquapark| 2 balkony,4000,https://www.otodom.pl/pl/oferta/przestronne-4-pokoje-blisko-aquapark-2-balkony-ID4yeWH,NIE,780,2,4,Wrocław,brak,gazowe,5000,do zamieszkania,82,2026-02-11
2026-02-08 00:41,Pierwszy Najem | Kawalerka z Ogródkiem 46m2 | Teren Zamknięty,2500,https://www.otodom.pl/pl/oferta/pierwszy-najem-kawalerka-z-ogrodkiem-46m2-teren-zamkniety-ID4zKVL,NIE,600,0,1,"ul. Blizanowicka, Wrocław",2024,miejskie,3000,do zamieszkania,30,2026-02-11
2026-02-08 00:41,"Trzypokojowe, ul Lekcyjna, piętro domu, 2800zł+liczniki 80mkw",2800,https://www.otodom.pl/pl/oferta/trzypokojowe-ul-lekcyjna-pietro-domu-2800zl-liczniki-80mkw-ID4zL6P,NIE,1,2,3,"ul. Lekcyjna, Wrocław",1990,gazowe,2800,do zamieszkania,80,2026-02-11
2026-02-08 00:42,3 pokoje OPORÓW - Nowe budownictwo - BEZ PROWIZJI,3500,https://www.otodom.pl/pl/oferta/3-pokoje-oporow-nowe-budownictwo-bez-prowizji-ID4pZjn,NIE,700,2,3,"ul. Jordanowska, Wrocław",2024,miejskie,3500,do zamieszkania,50.35,2026-02-11
2026-02-08 00:42,mieszkanie do wynajęcia,2400,https://www.otodom.pl/pl/oferta/mieszkanie-do-wynajecia-ID4zQmP,NIE,480,0,1,"ul. Drohobycka, Wrocław",brak,gazowe,2500,do zamieszkania,40,2026-02-11
2026-02-08 00:42,Małopanewska ! Piękne mieszkanie! Wysoki standard!,3300,https://www.otodom.pl/pl/oferta/malopanewska-piekne-mieszkanie-wysoki-standard-ID4tGsu,NIE,600,4,2,Wrocław,brak,miejskie,3000,do zamieszkania,54,2026-02-11
2026-02-08 00:42,✨ Kowale ✨ Balkon ✨ Miejsce postojowe,2500,https://www.otodom.pl/pl/oferta/kowale-balkon-miejsce-postojowe-ID4zQlg,NIE,250,1,2,Wrocław,2020,gazowe,3000,do zamieszkania,35,2026-02-11
2026-02-08 00:42,"Klecina, ul Jutrzenki, 3 pokoje",3300,https://www.otodom.pl/pl/oferta/klecina-ul-jutrzenki-3-pokoje-ID4zQnH,NIE,500,4,3,"ul. Jutrzenki, Wrocław",2023,miejskie,3500,do zamieszkania,52,2026-02-11
2026-02-08 00:43,Mieszkanie do wynajęcia,2400,https://www.otodom.pl/pl/oferta/mieszkanie-do-wynajecia-ID4zQg0,NIE,1100,0,2,"ul. Wojrowicka, Wrocław",1933,gazowe,2000,do zamieszkania,42,2026-02-11
2026-02-08 00:43,"Dla singla, dla pary/ parter/ taras/ ul. Wietrzna",2150,https://www.otodom.pl/pl/oferta/dla-singla-dla-pary-parter-taras-ul-wietrzna-ID4oX42,NIE,350,0,1,"ul. Wietrzna, Wrocław",2001,miejskie,2200,do zamieszkania,32.8,2026-02-11
2026-02-08 00:43,✨Klecina ✨Duże pokoje ✨Niezależne wejście ✨,2500,https://www.otodom.pl/pl/oferta/klecina-duze-pokoje-niezalezne-wejscie-ID4zQk4,NIE,0,2,2,Wrocław,1990,gazowe,3500,do zamieszkania,52.4,2026-02-11
2026-02-08 00:43,Kawalerka Kepa Mieszczanska,1800,https://www.otodom.pl/pl/oferta/kawalerka-kepa-mieszczanska-ID4l6DY,NIE,700,2,1,"ul. Romana Dmowskiego, Wrocław",2022,miejskie,3000,do zamieszkania,32,2026-02-11
2026-02-08 00:44,PL/UA Mieszkanie 3 Pokoje | Osobna Kuchnia | Balkon | Od Zaraz,3499,https://www.otodom.pl/pl/oferta/pl-ua-mieszkanie-3-pokoje-osobna-kuchnia-balkon-od-zaraz-ID4zQfU,NIE,1001,1,3,"al. Wiśniowa, Wrocław",brak,miejskie,5000,do zamieszkania,66,2026-02-11
2026-02-08 00:44,PL/UA Pierwszy najem | Negocjacje |Umeblowanie zapewnimy |Pet Friendly,5600,https://www.otodom.pl/pl/oferta/pl-ua-pierwszy-najem-negocjacje-umeblowanie-zapewnimy-pet-friendly-ID4zQfr,NIE,1113,2,4,"ul. Braniborska, Wrocław",brak,miejskie,brak,do zamieszkania,74,2026-02-11
2026-02-08 00:44,Na wynajem*2pokoje*ogródek*pełne wyposażenie,3400,https://www.otodom.pl/pl/oferta/na-wynajem2pokojeogrodekpelne-wyposazenie-ID4zQeX,NIE,602,0,2,"al. gen. Józefa Hallera, Wrocław",2013,brak,5000,brak,37.82,2026-02-11
2026-02-08 00:44,PL/UA Mieszkanie 3 p. | Oddzielna kuchnia | Pets Friendly | Od Zaraz,3300,https://www.otodom.pl/pl/oferta/pl-ua-mieszkanie-3-p-oddzielna-kuchnia-pets-friendly-od-zaraz-ID4zQeI,NIE,460,1,3,"ul. Drohobycka, Wrocław",brak,gazowe,4000,do zamieszkania,74,2026-02-11
2026-02-08 00:44,Mieszkanie 2-pokojowe - Lokum Di Trevi,2900,https://www.otodom.pl/pl/oferta/mieszkanie-2-pokojowe-lokum-di-trevi-ID4zQef,NIE,650,3,2,"ul. Międzyleska, Wrocław",2020,miejskie,2900,do zamieszkania,42,2026-02-11
2026-02-08 00:45,PL|UA|RU| 50 м2| Ogrody Hallera| Osobna kuchnia| GYM w cenie,3000,https://www.otodom.pl/pl/oferta/pl-ua-ru-50-2-ogrody-hallera-osobna-kuchnia-gym-w-cenie-ID4zQbr,NIE,770,2,2,"al. gen. Józefa Hallera, Wrocław",brak,miejskie,brak,do zamieszkania,50,2026-02-11
2026-02-08 00:45,Wynajmę mieszkanie 2pok/Klima/ Vasco da Gamy Olimpia Port,3100,https://www.otodom.pl/pl/oferta/wynajme-mieszkanie-2pok-klima-vasco-da-gamy-olimpia-port-ID4feKI,NIE,630,3,2,Wrocław,2020,miejskie,3200,do zamieszkania,42,2026-02-11
2026-02-08 00:45,"bez prowizji NOWE Suwalska,miejsce postojowe w cenie,rowerownia,balkon",2700,https://www.otodom.pl/pl/oferta/bez-prowizji-nowe-suwalska-miejsce-postojowe-w-cenie-rowerownia-balkon-ID4zx9p,NIE,600,1,2,"ul. Suwalska, Wrocław",2023,miejskie,brak,do zamieszkania,45,2026-02-11
2026-02-08 00:45,PL/RU 2 pok. Apartament | Centrum | Garaż | Wysoki Standard | Od Zaraz,2999,https://www.otodom.pl/pl/oferta/pl-ru-2-pok-apartament-centrum-garaz-wysoki-standard-od-zaraz-ID4zQbQ,NIE,270,1,2,"ul. Tęczowa, Wrocław",brak,miejskie,4000,do zamieszkania,42,2026-02-11
2026-02-08 00:46,PL/UA Mieszkanie 2 p. | Pets Friendly Klima | Balkon | Garaż | Centrum,2700,https://www.otodom.pl/pl/oferta/pl-ua-mieszkanie-2-p-pets-friendly-klima-balkon-garaz-centrum-ID4zQ4g,NIE,1100,10,2,"ul. Inowrocławska, Wrocław",brak,miejskie,3000,do zamieszkania,59,2026-02-11
2026-02-08 00:46,55m2-Taras-Kępa Mieszczańska- Nowe- Przestronne,3600,https://www.otodom.pl/pl/oferta/55m2-taras-kepa-mieszczanska-nowe-przestronne-ID4zzlU,NIE,860,3,2,"ul. Mieszczańska, Wrocław",2020,miejskie,4700,brak,55,2026-02-11
2026-02-08 00:46,"Mieszkanie 3-pokojowe przy parku, Hallera",2700,https://www.otodom.pl/pl/oferta/mieszkanie-3-pokojowe-przy-parku-hallera-ID4zQ3n,NIE,1000,2,3,"al. gen. Józefa Hallera, Wrocław",1936,gazowe,3700,do zamieszkania,70,2026-02-11
2026-02-08 00:46,Stylowe 2 pok. | Centrum | Wysoki standard,2800,https://www.otodom.pl/pl/oferta/stylowe-2-pok-centrum-wysoki-standard-ID4zPZF,NIE,0,0,2,"ul. ks. Konstantego Damrota, Wrocław",brak,gazowe,brak,do zamieszkania,50,2026-02-11
2026-02-08 00:46,"Kawalerka z osobną kuchnią – ul. Okulickiego 19B, Psie Pole",1600,https://www.otodom.pl/pl/oferta/kawalerka-z-osobna-kuchnia-ul-okulickiego-19b-psie-pole-ID4zPZh,NIE,700,0,1,"ul. gen. Leopolda Okulickiego, Wrocław",1980,miejskie,2300,do zamieszkania,24,2026-02-11
2026-02-08 00:47,Dwa pokoje z ogródkiem | Parking| Pierwszy najem,2700,https://www.otodom.pl/pl/oferta/dwa-pokoje-z-ogrodkiem-parking-pierwszy-najem-ID4zPYV,NIE,0,1,2,"Edmunda Kajdasza, Wrocław",2025,miejskie,3000,do zamieszkania,31,2026-02-11
2026-02-08 00:47,"Kawalerka do wynajęcia – 6 min do Wroclavii, świetna lokalizacja",2500,https://www.otodom.pl/pl/oferta/kawalerka-do-wynajecia-6-min-do-wroclavii-swietna-lokalizacja-ID4zPVz,NIE,0,1,1,"ul. Dyrekcyjna, Wrocław",brak,miejskie,2500,do zamieszkania,15,2026-02-11
2026-02-08 00:47,Wynajmę 2 pokojowe mieszkanie ul. Przyjaźni,2400,https://www.otodom.pl/pl/oferta/wynajme-2-pokojowe-mieszkanie-ul-przyjazni-ID4zPWr,NIE,997,3,2,"ul. Przyjaźni, Wrocław",2020,miejskie,3600,do zamieszkania,45,2026-02-11
2026-02-08 00:47,"Wynajmę mieszkanie 2 - pok. Pixel House , ul. Legnicka , Magnolia Park",3000,https://www.otodom.pl/pl/oferta/wynajme-mieszkanie-2-pok-pixel-house-ul-legnicka-magnolia-park-ID4zPUK,NIE,930,5,2,"ul. Białowieska, Wrocław",2017,miejskie,3000,do zamieszkania,48,2026-02-11
2026-02-08 00:48,Awpolis-Garaż-Siłownia-Wysoki Standard,3300,https://www.otodom.pl/pl/oferta/awpolis-garaz-silownia-wysoki-standard-ID4zPUH,NIE,750,3,2,"Władysława Chachaja, Wrocław",2022,brak,6600,do zamieszkania,50,2026-02-11
2026-02-08 00:48,PetsFriendly | Garaż podziemny | Internet | Balkon | OD ZARAZ,2550,https://www.otodom.pl/pl/oferta/petsfriendly-garaz-podziemny-internet-balkon-od-zaraz-ID4zFEj,NIE,1490,3,3,"ul. Pochyła, Wrocław",brak,miejskie,4300,do zamieszkania,56,2026-02-11
2026-02-08 00:49,2 Pokoje|Balkon|Klimatyzacja|Centrum,3000,https://www.otodom.pl/pl/oferta/2-pokoje-balkon-klimatyzacja-centrum-ID4zPOS,NIE,0,3,2,"ul. Nabycińska, Wrocław",brak,brak,4000,brak,37,2026-02-11
2026-02-08 00:49,2 pok. | Taras | Garaż | Klecina,2799,https://www.otodom.pl/pl/oferta/2-pok-taras-garaz-klecina-ID4zPLH,NIE,0,0,2,"ul. Buraczana, Wrocław",brak,miejskie,brak,do zamieszkania,50,2026-02-11
2026-02-08 00:50,Kawalerka | 36 m2 | Parking | Rozkład | Piesza,2600,https://www.otodom.pl/pl/oferta/kawalerka-36-m2-parking-rozklad-piesza-ID4zkqx,NIE,700,4,1,"ul. Piesza, Wrocław",2017,miejskie,3300,brak,36,2026-02-11
2026-02-08 00:50,duże mieszkanie 2-pok. w prestiżowej inwestycji w centrum/bez prowizji,3500,https://www.otodom.pl/pl/oferta/duze-mieszkanie-2-pok-w-prestizowej-inwestycji-w-centrum-bez-prowizji-ID4zCPc,NIE,690,1,2,Wrocław,2011,miejskie,brak,do zamieszkania,59,2026-02-11
2026-02-08 00:50,Mieszkanie 3-pok | Rozkład | Kamieńskiego,3200,https://www.otodom.pl/pl/oferta/mieszkanie-3-pok-rozklad-kamienskiego-ID4zkUP,NIE,1150,3,3,"ul. Henryka Michała Kamieńskiego, Wrocław",1990,miejskie,4850,brak,77,2026-02-11
2026-02-08 00:51,Bez prowizji | Mieszkanie 4pok | Oddzielna kuchnia,3500,https://www.otodom.pl/pl/oferta/bez-prowizji-mieszkanie-4pok-oddzielna-kuchnia-ID4ytS7,NIE,1000,1,4,"ul. Bolesława Chrobrego, Wrocław",1930,miejskie,4500,brak,70,2026-02-11
2026-02-08 00:51,0% | Mieszkanie 2-pok | 39 m2 | Balkon | Piękna,2800,https://www.otodom.pl/pl/oferta/0-mieszkanie-2-pok-39-m2-balkon-piekna-ID4vmbV,NIE,550,3,2,"ul. Piękna, Wrocław",2020,miejskie,3400,brak,39,2026-02-11
2026-02-08 00:51,Nowy Dwór| 2 pokoje | 44 m² | zadbane,2500,https://www.otodom.pl/pl/oferta/nowy-dwor-2-pokoje-44-m-zadbane-ID4yOCx,NIE,800,2,2,"ul. Budziszyńska, Wrocław",brak,miejskie,3500,do zamieszkania,44.1,2026-02-11
2026-02-08 00:51,Przestronne 3-pokojowe mieszkanie z balkonem,3300,https://www.otodom.pl/pl/oferta/przestronne-3-pokojowe-mieszkanie-z-balkonem-ID4qR7s,NIE,1000,3,3,"ul. Partynicka, Wrocław",2004,miejskie,4000,do zamieszkania,65,2026-02-11
2026-02-08 00:51,## 2 pokoje Psie Pole ## ul. Piwnika ponurego##,2000,https://www.otodom.pl/pl/oferta/2-pokoje-psie-pole-ul-piwnika-ponurego-ID4zPHK,NIE,500,0,2,"ul. mjr. Jana Piwnika-Ponurego, Wrocław",1970,gazowe,2000,do zamieszkania,40,2026-02-11
2026-02-08 00:52,PL | UA | RU | Komfortowe 2 pokoje 51 m² | Garaż w cenie | Balkon,2800,https://www.otodom.pl/pl/oferta/pl-ua-ru-komfortowe-2-pokoje-51-m-garaz-w-cenie-balkon-ID4zPF0,NIE,1000,4,2,"ul. Inżynierska, Wrocław",2010,miejskie,4000,do zamieszkania,51,2026-02-11
2026-02-08 00:52,"Bulwar Staromiejski, Apartament Loft z antresolą, czas umowy min. 1m-c",3700,https://www.otodom.pl/pl/oferta/bulwar-staromiejski-apartament-loft-z-antresola-czas-umowy-min-1m-c-ID4zPEc,NIE,600,0,1,"pl. Jana Pawła II, Wrocław",brak,miejskie,3700,do zamieszkania,40,2026-02-11
2026-02-08 00:52,Przytulne mieszkanie 3 pokoje z balkonem Przyjaźni,3500,https://www.otodom.pl/pl/oferta/przytulne-mieszkanie-3-pokoje-z-balkonem-przyjazni-ID4zEKe,NIE,1025,3,3,"ul. Przyjaźni, Wrocław",2019,miejskie,6000,do zamieszkania,76.17,2026-02-11
2026-02-08 00:53,Nowy apartament w Centrum Wrocławia ATAL City Square - Pet friendly!,1999,https://www.otodom.pl/pl/oferta/nowy-apartament-w-centrum-wroclawia-atal-city-square-pet-friendly-ID4zFPC,NIE,600,1,1,Wrocław,2024,miejskie,2599,do zamieszkania,20,2026-02-11
2026-02-08 00:53,Studio 27 m2 na Krzykach - ul. Śliczna!,2100,https://www.otodom.pl/pl/oferta/studio-27-m2-na-krzykach-ul-sliczna-ID4zPvv,NIE,399,4,1,"ul. Śliczna, Wrocław",brak,miejskie,brak,do zamieszkania,27,2026-02-11
2026-02-08 00:53,2 pokoje*Balkon*Garaż*Winda,3200,https://www.otodom.pl/pl/oferta/2-pokojebalkongarazwinda-ID4zd4h,NIE,900,4,2,"ul. gen. Kazimierza Pułaskiego, Wrocław",2024,miejskie,brak,do zamieszkania,41,2026-02-11
2026-02-08 00:53,Apartament | 78m2 | Park szczytnicki,3500,https://www.otodom.pl/pl/oferta/apartament-78m2-park-szczytnicki-ID4y06u,NIE,1000,1,2,"ul. Witelona, Wrocław",1913,gazowe,brak,do zamieszkania,78,2026-02-11
2026-02-08 00:53,"Dmowskiego 61, 2 pokoje , garaż, zmywarka, TV",2800,https://www.otodom.pl/pl/oferta/dmowskiego-61-2-pokoje-garaz-zmywarka-tv-ID4zPAi,NIE,750,2,2,"ul. Romana Dmowskiego, Wrocław",2023,miejskie,3850,brak,41,2026-02-11
2026-02-08 00:54,Okazja! Super mieszkanie na Krzykach (klimatyzacja),3000,https://www.otodom.pl/pl/oferta/okazja-super-mieszkanie-na-krzykach-klimatyzacja-ID4r6zw,NIE,800,3,2,"ul. Konduktorska, Wrocław",2014,miejskie,3600,brak,49,2026-02-11
2026-02-08 00:54,"mieszkanie 2 pokojowe z oddzielną kuchnią, Litewska, balkon",2500,https://www.otodom.pl/pl/oferta/mieszkanie-2-pokojowe-z-oddzielna-kuchnia-litewska-balkon-ID4zPrZ,NIE,600,5,2,"ul. Litewska, Wrocław",2008,miejskie,2500,do zamieszkania,49,2026-02-11
2026-02-08 00:54,Mieszkanie 3-pokojowe Grabiszyńska/Stalowa,2200,https://www.otodom.pl/pl/oferta/mieszkanie-3-pokojowe-grabiszynska-stalowa-ID4c3od,NIE,959,2,3,"ul. Grabiszyńska, Wrocław",brak,miejskie,3000,do zamieszkania,46,2026-02-11
2026-02-08 00:54,"Do wynajęcia Wrocław Centrum ul. Haukego-Bosaka PL,UA,RU",3000,https://www.otodom.pl/pl/oferta/do-wynajecia-wroclaw-centrum-ul-haukego-bosaka-pl-ua-ru-ID4zKCi,NIE,670,3,1,"ul. gen. Józefa Haukego-Bosaka, Wrocław",2023,brak,4000,brak,38.6,2026-02-11
2026-02-08 00:54,Od Zaraz | Pierwszy Najem | Port Popowice | Balkon | Parking |Od Zaraz,2900,https://www.otodom.pl/pl/oferta/od-zaraz-pierwszy-najem-port-popowice-balkon-parking-od-zaraz-ID4zKvZ,NIE,750,1,2,"ul. Białowieska, Wrocław",brak,miejskie,4000,do zamieszkania,38,2026-02-11
2026-02-08 00:55,541829,4500,https://www.otodom.pl/pl/oferta/541829-ID4zdXq,NIE,850,1,3,"ul. gen. Władysława Sikorskiego, Wrocław",brak,miejskie,5000,do zamieszkania,65,2026-02-11
2026-02-08 00:55,Stare Miasto 2 Pokoje 45m2 ul. Sikorskiego Atal Towers,2990,https://www.otodom.pl/pl/oferta/stare-miasto-2-pokoje-45m2-ul-sikorskiego-atal-towers-ID4zKu5,NIE,843,5,2,"ul. gen. Władysława Sikorskiego, Wrocław",2018,miejskie,6000,do zamieszkania,45,2026-02-11
2026-02-08 00:55,"2 / 3 pokoje, 87m2, 3min. do Rynku / ŁOKIETKA / DUBOIS",2900,https://www.otodom.pl/pl/oferta/2-3-pokoje-87m2-3min-do-rynku-lokietka-dubois-ID4z4NP,NIE,500,1,3,"ul. Władysława Łokietka, Wrocław",1920,gazowe,3300,do zamieszkania,87,2026-02-11
2026-02-08 00:55,2 pokoje | 45 m² | ul. Bydgoska – Plac Kromera | Świetna lokalizacja,2500,https://www.otodom.pl/pl/oferta/2-pokoje-45-m-ul-bydgoska-plac-kromera-swietna-lokalizacja-ID4zKrD,NIE,200,1,2,"ul. Bydgoska, Wrocław",brak,gazowe,3000,do zamieszkania,45,2026-02-11
2026-02-08 00:55,"2pok. Kępa / Dmowskiego / Odra - 3min. do Rynku, 2023, 3500zł całość!",2800,https://www.otodom.pl/pl/oferta/2pok-kepa-dmowskiego-odra-3min-do-rynku-2023-3500zl-calosc-ID4zKsW,NIE,600,3,2,"ul. Romana Dmowskiego, Wrocław",2023,miejskie,3500,do zamieszkania,35,2026-02-11
2026-02-08 00:55,Mieszkanie 3-pok | Taras | Parking | Olimpia Port,3200,https://www.otodom.pl/pl/oferta/mieszkanie-3-pok-taras-parking-olimpia-port-ID4zK07,NIE,1000,1,3,"ul. Ferdynanda Magellana, Wrocław",2016,miejskie,4200,brak,55,2026-02-11
2026-02-08 00:56,"Panoramiczny, 3 pokojowy apartament w centrum",12000,https://www.otodom.pl/pl/oferta/panoramiczny-3-pokojowy-apartament-w-centrum-ID4zPmX,NIE,2000,1,3,Wrocław,brak,inne,brak,brak,104,2026-02-11
2026-02-08 00:57,2 Pokoje | Balkon | Słoneczny Ołtaszyn,2900,https://www.otodom.pl/pl/oferta/2-pokoje-balkon-sloneczny-oltaszyn-ID4zHrM,NIE,600,2,2,Wrocław,2015,inne,4000,do zamieszkania,35,2026-02-11
2026-02-08 00:57,"Wynajmę 2-pokojowe mieszkanie w świetnej lokalizacji, przy samej rzece",3000,https://www.otodom.pl/pl/oferta/wynajme-2-pokojowe-mieszkanie-w-swietnej-lokalizacji-przy-samej-rzece-ID4zPkg,NIE,650,7,2,"ul. Na Polance, Wrocław",brak,miejskie,4000,brak,44,2026-02-11
2026-02-08 00:57,Mieszkanie 3-pokojowe w super lokalizacji z garażem podziemnym,3900,https://www.otodom.pl/pl/oferta/mieszkanie-3-pokojowe-w-super-lokalizacji-z-garazem-podziemnym-ID4zxFn,NIE,1050,2,3,"ul. Stefana Jaracza, Wrocław",1997,kotłownia,3900,do zamieszkania,67,2026-02-11
2026-02-08 00:57,Jasne mieszkanie 2 pokoje w centrum Wrocławia,3200,https://www.otodom.pl/pl/oferta/jasne-mieszkanie-2-pokoje-w-centrum-wroclawia-ID4mspx,NIE,640,0,2,"ul. Iwana Pawłowa, Wrocław",1960,miejskie,3840,do zamieszkania,54,2026-02-11
2026-02-08 00:57,Apartament z tarasem w centrum miasta,14000,https://www.otodom.pl/pl/oferta/apartament-z-tarasem-w-centrum-miasta-ID4zPlL,NIE,2000,1,4,"ul. Księcia Witolda, Wrocław",brak,inne,brak,brak,133,2026-02-11
2026-02-08 00:58,"4 pokoje z Tarasem, klimatyzacja, Belveder",7000,https://www.otodom.pl/pl/oferta/4-pokoje-z-tarasem-klimatyzacja-belveder-ID4zPfi,NIE,1500,8,4,"ul. Przyjaźni, Wrocław",2014,miejskie,8500,brak,120,2026-02-11
2026-02-08 00:58,"Rózanka, 2 pokoje, Stara Odra, Nowe budownictwo",3000,https://www.otodom.pl/pl/oferta/rozanka-2-pokoje-stara-odra-nowe-budownictwo-ID4zPfe,NIE,950,4,2,"ul. Na Polance, Wrocław",2017,miejskie,brak,brak,48,2026-02-11
2026-02-08 00:58,Kawalerka z balkonem i miejscem w garażu podziemnym,2600,https://www.otodom.pl/pl/oferta/kawalerka-z-balkonem-i-miejscem-w-garazu-podziemnym-ID4zPi6,NIE,400,3,2,"ul. Buforowa, Wrocław",2008,miejskie,3000,do zamieszkania,38,2026-02-11
2026-02-08 00:58,Przytulne 2-pokojowe mieszkanie z balkonem,2500,https://www.otodom.pl/pl/oferta/przytulne-2-pokojowe-mieszkanie-z-balkonem-ID4zPic,NIE,800,1,2,"ul. Seweryna Udzieli, Wrocław",1999,miejskie,2500,do zamieszkania,53,2026-02-11
2026-02-08 00:58,"Centrum, ul. Dmowskiego 3 pokoje, Amsterdam",4000,https://www.otodom.pl/pl/oferta/centrum-ul-dmowskiego-3-pokoje-amsterdam-ID4zPht,NIE,0,2,3,"ul. Romana Dmowskiego, Wrocław",2016,miejskie,brak,brak,63,2026-02-11
2026-02-08 00:59,"Ovo, Podwale, 2 pokoje, od Zaz!",3500,https://www.otodom.pl/pl/oferta/ovo-podwale-2-pokoje-od-zaz-ID4zPff,NIE,1000,6,2,"ul. Podwale, Wrocław",2016,miejskie,brak,brak,62,2026-02-11
2026-02-08 00:59,"Ovo, Podwale, 4 pokoje, od Zeraz!",10000,https://www.otodom.pl/pl/oferta/ovo-podwale-4-pokoje-od-zeraz-ID4zPfh,NIE,0,6,4,"ul. Podwale, Wrocław",2016,miejskie,brak,brak,123,2026-02-11
2026-02-08 00:59,"Ovo, Podwale, 2 pokoje, od Zaraz!",3500,https://www.otodom.pl/pl/oferta/ovo-podwale-2-pokoje-od-zaraz-ID4zPfg,NIE,1175,4,2,"ul. Podwale, Wrocław",2016,miejskie,brak,brak,60,2026-02-11
2026-02-08 00:59,|Rynek|Stare Miasto|3 osobne pokoje|Studenci|,3500,https://www.otodom.pl/pl/oferta/rynek-stare-miasto-3-osobne-pokoje-studenci-ID4zPfb,NIE,0,4,3,"rynek Rynek, Wrocław",1920,miejskie,4300,brak,49,2026-02-11
2026-02-08 00:59,"Spiżowa, Centrum, 2 pokoje, od Zaraz",2500,https://www.otodom.pl/pl/oferta/spizowa-centrum-2-pokoje-od-zaraz-ID4zPfd,NIE,650,1,2,"ul. Spiżowa, Wrocław",1960,miejskie,3300,brak,40,2026-02-11
2026-02-08 01:00,Piękna kawalerka / Łąkowa / Centrum / Bezpośrednio,2450,https://www.otodom.pl/pl/oferta/piekna-kawalerka-lakowa-centrum-bezposrednio-ID4zLZQ,NIE,500,3,1,"ul. Łąkowa, Wrocław",brak,electrical,3950,do zamieszkania,30,2026-02-11
2026-02-08 01:00,Kawalerka przy rynku / Psie Budy / Bezpośrednio,2400,https://www.otodom.pl/pl/oferta/kawalerka-przy-rynku-psie-budy-bezposrednio-ID4zH2z,NIE,550,2,1,"ul. Psie Budy, Wrocław",brak,miejskie,2950,do zamieszkania,23,2026-02-11
2026-02-08 01:00,Luksusowa kawalerka do wynajęcia ul. Tęczowa 95 m8,2300,https://www.otodom.pl/pl/oferta/luksusowa-kawalerka-do-wynajecia-ul-teczowa-95-m8-ID46VOI,NIE,500,0,1,Wrocław,2018,miejskie,2300,do zamieszkania,28,2026-02-11
2026-02-08 01:00,Mieszkanie 2 pokoje z aneksem i tarasem,2600,https://www.otodom.pl/pl/oferta/mieszkanie-2-pokoje-z-aneksem-i-tarasem-ID4uB6J,NIE,750,1,2,"ul. Wilanowska, Wrocław",2010,kotłownia,3600,do zamieszkania,47,2026-02-11
2026-02-08 01:00,Wynajmij klimatyczne 2-pokojowe mieszkanie!,3000,https://www.otodom.pl/pl/oferta/wynajmij-klimatyczne-2-pokojowe-mieszkanie-ID4zPeX,NIE,650,1,2,"ul. Wiejska, Wrocław",brak,miejskie,3800,do zamieszkania,58,2026-02-11
2026-02-08 01:00,3 pokoje | 46 m² | Zielińskiego | balkon | klimatyzacja | bezpośrednio,2700,https://www.otodom.pl/pl/oferta/3-pokoje-46-m-zielinskiego-balkon-klimatyzacja-bezposrednio-ID4zPb5,NIE,770,1,3,"ul. Tadeusza Zielińskiego, Wrocław",brak,miejskie,4500,do zamieszkania,46,2026-02-11
2026-02-08 01:00,Mieszkanie 2-pokojowe z oddzielną kuchnią,2300,https://www.otodom.pl/pl/oferta/mieszkanie-2-pokojowe-z-oddzielna-kuchnia-ID4zPef,NIE,950,2,2,"ul. Szałwiowa, Wrocław",2018,kotłownia,4600,do zamieszkania,49,2026-02-11
2026-02-08 01:01,2 pokoje / Obornicka / Taras / Parking / Bez prowizji,2600,https://www.otodom.pl/pl/oferta/2-pokoje-obornicka-taras-parking-bez-prowizji-ID4zNNs,NIE,600,0,2,"ul. Obornicka, Wrocław",brak,miejskie,3200,do zamieszkania,34,2026-02-11
2026-02-08 01:01,"Dwupoziomowe mieszkanie, 5 pokoi, balkon, ogródek, miejsce postojowe",4700,https://www.otodom.pl/pl/oferta/dwupoziomowe-mieszkanie-5-pokoi-balkon-ogrodek-miejsce-postojowe-ID45oNp,NIE,0,1,5,Wrocław,2020,gazowe,4700,do zamieszkania,130,2026-02-11
2026-02-08 01:01,Mieszkanie po remoncie I Miejsce postojowe w cenie,2700,https://www.otodom.pl/pl/oferta/mieszkanie-po-remoncie-i-miejsce-postojowe-w-cenie-ID4yUgh,NIE,705,3,2,"ul. Pakosławska, Wrocław",2017,miejskie,2700,do zamieszkania,37.09,2026-02-11
2026-02-08 01:02,2 pokoje | Lokum Vena | Nowoczesna inwestycja,3400,https://www.otodom.pl/pl/oferta/2-pokoje-lokum-vena-nowoczesna-inwestycja-ID4zxek,NIE,620,6,2,Wrocław,2019,miejskie,4000,do zamieszkania,51.42,2026-02-11
2026-02-08 01:02,Styl loftowy | Taras | Stare Miasto,3800,https://www.otodom.pl/pl/oferta/styl-loftowy-taras-stare-miasto-ID4yscV,NIE,900,1,2,Wrocław,1895,miejskie,3800,do zamieszkania,57.4,2026-02-11
2026-02-08 01:02,Wynajem mieszkania 3-pokojowego 1 piętro ul. Łączności Wrocław 53m2,3100,https://www.otodom.pl/pl/oferta/wynajem-mieszkania-3-pokojowego-1-pietro-ul-lacznosci-wroclaw-53m2-ID4zP7Q,NIE,800,1,3,"ul. Łączności, Wrocław",1976,miejskie,4000,do zamieszkania,53,2026-02-11
2026-02-08 01:02,Osiedle Di Trevi|miejsce postojowe|blisko tramwaj,3800,https://www.otodom.pl/pl/oferta/osiedle-di-trevi-miejsce-postojowe-blisko-tramwaj-ID4zP7r,NIE,950,3,3,Wrocław,brak,inne,brak,do zamieszkania,66,2026-02-11
2026-02-08 01:02,Promenady Wrocławskie.Skandynawskie.Sprzątanie w cenie.,2900,https://www.otodom.pl/pl/oferta/promenady-wroclawskie-skandynawskie-sprzatanie-w-cenie-ID3myH5,NIE,600,2,2,Wrocław,2017,miejskie,5000,do zamieszkania,40,2026-02-11
2026-02-08 01:02,3 pokoje | Zielone Krzyki | Prywatne osiedle,5190,https://www.otodom.pl/pl/oferta/3-pokoje-zielone-krzyki-prywatne-osiedle-ID4y8ZH,NIE,1100,1,3,"ul. Turniejowa, Wrocław",2020,gazowe,5190,do zamieszkania,69.38,2026-02-11
2026-02-08 01:03,"2 pokojowe mieszkanie, al. Wiśniowa 85 - Brak Prowizji, od 01.03.2026",2700,https://www.otodom.pl/pl/oferta/2-pokojowe-mieszkanie-al-wisniowa-85-brak-prowizji-od-01-03-2026-ID4zP0W,NIE,850,4,2,"al. Wiśniowa, Wrocław",2015,miejskie,4000,do zamieszkania,40,2026-02-11
2026-02-08 01:03,2 pokoje | 43 m² + 25 m² TARAS | parking za szlabanem | zwierzęta OK,3500,https://www.otodom.pl/pl/oferta/2-pokoje-43-m-25-m-taras-parking-za-szlabanem-zwierzeta-ok-ID4zP2f,NIE,575,8,2,"ul. Lotnicza, Wrocław",2016,miejskie,5000,do zamieszkania,43,2026-02-11
2026-02-08 01:03,Nowy Apartament 27m2 we Wrocławiu 16 piętro z Panoramą na Miasto,3990,https://www.otodom.pl/pl/oferta/nowy-apartament-27m2-we-wroclawiu-16-pietro-z-panorama-na-miasto-ID4xFFW,NIE,580,10,1,"ul. gen. Władysława Sikorskiego, Wrocław",2024,miejskie,5000,do zamieszkania,27.01,2026-02-11
2026-02-08 01:03,"Wrocław/Zabrodzie komfortowe, nowe 2-pokojowe",2600,https://www.otodom.pl/pl/oferta/wroclaw-zabrodzie-komfortowe-nowe-2-pokojowe-ID4zKMl,NIE,560,1,2,"ul. Zabrodzka, Wrocław",2025,miejskie,3000,do zamieszkania,37,2026-02-11
2026-02-08 01:04,"Prusa, umeblowane, wyposażone, osobna kuchnia",3000,https://www.otodom.pl/pl/oferta/prusa-umeblowane-wyposazone-osobna-kuchnia-ID4zK39,NIE,0,0,2,"ul. Bolesława Prusa, Wrocław",1990,miejskie,brak,do zamieszkania,46,2026-02-11
2026-02-08 01:05,Biskupin 2 pokojowe również zwierzęta,2800,https://www.otodom.pl/pl/oferta/biskupin-2-pokojowe-rowniez-zwierzeta-ID4zJjE,NIE,700,0,2,Wrocław,1950,gazowe,brak,do zamieszkania,43,2026-02-11
2026-02-08 01:05,Dwupokojowe mieszkanie z balkonem i windą,2500,https://www.otodom.pl/pl/oferta/dwupokojowe-mieszkanie-z-balkonem-i-winda-ID4yEPR,NIE,800,7,2,"ul. Kruszwicka, Wrocław",2000,miejskie,2500,do zamieszkania,51,2026-02-11
2026-02-08 01:05,"2 pok. mieszkanie w nowym budynku, centrum miasta",3000,https://www.otodom.pl/pl/oferta/2-pok-mieszkanie-w-nowym-budynku-centrum-miasta-ID4z3Kh,NIE,0,1,2,"ul. Długa, Wrocław",2024,brak,3500,do zamieszkania,42,2026-02-11
2026-02-08 01:05,Studio na ul. Mieszczańskiej - WYNAJEM NA MIESIĄCE,2600,https://www.otodom.pl/pl/oferta/studio-na-ul-mieszczanskiej-wynajem-na-miesiace-ID4zOYy,NIE,600,3,1,"ul. Mieszczańska, Wrocław",2019,miejskie,3500,do zamieszkania,26,2026-02-11
2026-02-08 01:05,"ZŁOTA PODKOWA  3 pokoje dwupoziomowe garaż, winda, KLIMATYZACJA",3400,https://www.otodom.pl/pl/oferta/zlota-podkowa-3-pokoje-dwupoziomowe-garaz-winda-klimatyzacja-ID4zJrf,NIE,400,4,3,"ul. Zwycięska, Wrocław",2007,kotłownia,brak,do zamieszkania,70,2026-02-11
2026-02-08 01:06,"W pobliżu Sky Tower i Zus, rozkładowe, osobna kuchnia,umeblowane.",3000,https://www.otodom.pl/pl/oferta/w-poblizu-sky-tower-i-zus-rozkladowe-osobna-kuchnia-umeblowane-ID4zOSW,NIE,960,9,3,"ul. Krucza, Wrocław",brak,miejskie,4200,do zamieszkania,56,2026-02-11
2026-02-08 01:06,"Wrocław, Fabryczna, Muchobór Wielki, Kunickiego",3800,https://www.otodom.pl/pl/oferta/wroclaw-fabryczna-muchobor-wielki-kunickiego-ID4zmM5,NIE,0,1,3,"Wrocław, Fabryczna, Muchobór Wielki, Kunickiego, Wrocław",brak,kotłownia,5000,brak,59.5,2026-02-11
2026-02-08 01:06,Wynajmę piękne mieszkanie niedrogo,4000,https://www.otodom.pl/pl/oferta/wynajme-piekne-mieszkanie-niedrogo-ID4zOWW,NIE,1200,3,4,"ul. Kłodzka, Wrocław",2002,kotłownia,brak,do zamieszkania,80,2026-02-11
2026-02-08 01:06,"Centrum, Lofty Platinum, Wysoki Standard",6000,https://www.otodom.pl/pl/oferta/centrum-lofty-platinum-wysoki-standard-ID4zOXx,NIE,1600,5,4,Wrocław,2012,miejskie,brak,do zamieszkania,104,2026-02-11
2026-02-08 01:06,Mieszkanie Brochów,2450,https://www.otodom.pl/pl/oferta/mieszkanie-brochow-ID4tXbC,NIE,1250,2,3,Wrocław,brak,gazowe,3000,do zamieszkania,60,2026-02-11
2026-02-08 01:07,BERNARDYŃSKA 4 - apartament do wynajęcia,4400,https://www.otodom.pl/pl/oferta/bernardynska-4-apartament-do-wynajecia-ID4zGtq,NIE,1327,5,2,"ul. Bernardyńska, Wrocław",2025,miejskie,brak,do zamieszkania,50,2026-02-11
2026-02-08 01:07,Mieszkanie 2-pokojowe w Śródmieściu Wrocławia,2700,https://www.otodom.pl/pl/oferta/mieszkanie-2-pokojowe-w-srodmiesciu-wroclawia-ID4zORm,NIE,850,5,2,"ul. Kręta, Wrocław",brak,gazowe,3000,do zamieszkania,47,2026-02-11
2026-02-08 01:07,Komfortowe 2 pok. 39m2 w centrum z klimatyzacją,2800,https://www.otodom.pl/pl/oferta/komfortowe-2-pok-39m2-w-centrum-z-klimatyzacja-ID4tPLn,NIE,750,2,2,Wrocław,1956,miejskie,4000,do zamieszkania,39,2026-02-11
2026-02-08 01:07,"The studio appartment, kawalerka Port Popowice",2700,https://www.otodom.pl/pl/oferta/the-studio-appartment-kawalerka-port-popowice-ID4j7uw,NIE,400,3,1,Wrocław,2023,miejskie,3000,do zamieszkania,30,2026-02-11
2026-02-08 01:08,"Mieszkanie, 56 m², Wrocław",3100,https://www.otodom.pl/pl/oferta/mieszkanie-56-m-wroclaw-ID4zOF3,NIE,0,3,3,"ul. Zatorska, Wrocław",2014,miejskie,brak,do zamieszkania,56,2026-02-11
2026-02-08 01:08,ul. Babiego Lata_3pokoje_balkon_m.post._01.02,3100,https://www.otodom.pl/pl/oferta/ul-babiego-lata-3pokoje-balkon-m-post-01-02-ID4zJGN,NIE,720,4,3,"ul. Babiego Lata, Wrocław",2016,miejskie,4000,do zamieszkania,61.58,2026-02-11
2026-02-08 01:09,3 pokoje Wrocław ul. Długa | pełen rozkład | balkon | parter,2700,https://www.otodom.pl/pl/oferta/3-pokoje-wroclaw-ul-dluga-pelen-rozklad-balkon-parter-ID4zOBZ,NIE,1100,0,3,"ul. Długa, Wrocław",1970,miejskie,2700,brak,50,2026-02-11
2026-02-08 01:09,Duże 4 pok mieszkanie z ogrodem na Oporowie bez Czynszu !!! PL/UA/ENG,3900,https://www.otodom.pl/pl/oferta/duze-4-pok-mieszkanie-z-ogrodem-na-oporowie-bez-czynszu-pl-ua-eng-ID4zEFl,NIE,0,1,4,"ul. Jordanowska, Wrocław",brak,gazowe,3900,do zamieszkania,100,2026-02-11
2026-02-08 01:10,Kawaleka,1600,https://www.otodom.pl/pl/oferta/kawaleka-ID4xlIS,NIE,667,0,1,"ul. Adama Jerzego Czartoryskiego, Wrocław",2022,miejskie,2300,do zamieszkania,19,2026-02-11
2026-02-08 01:10,"4 oddzielne pokoje, Stare Miasto, 84m2, balkon",3400,https://www.otodom.pl/pl/oferta/4-oddzielne-pokoje-stare-miasto-84m2-balkon-ID4zOt6,NIE,1570,3,4,"ul. św. Antoniego, Wrocław",1992,miejskie,3400,do zamieszkania,84,2026-02-11
2026-02-08 01:10,"3 oddzielne pokoje, 65m2, ul. Mosiężna",2800,https://www.otodom.pl/pl/oferta/3-oddzielne-pokoje-65m2-ul-mosiezna-ID4zOsP,NIE,800,2,3,"ul. Mosiężna, Wrocław",2012,miejskie,2800,do zamieszkania,65,2026-02-11
2026-02-08 01:11,Rozkładowe 2 pok mieszkanie obok Plac Grunwaldzki,2800,https://www.otodom.pl/pl/oferta/rozkladowe-2-pok-mieszkanie-obok-plac-grunwaldzki-ID4zOiJ,NIE,0,2,2,"ul. Mikołaja Reja, Wrocław",2010,miejskie,brak,do zamieszkania,50,2026-02-11
2026-02-08 01:11,Dostępne od zaraz|przyjazne dla zwierząt|90m2 ogró,3500,https://www.otodom.pl/pl/oferta/dostepne-od-zaraz-przyjazne-dla-zwierzat-90m2-ogro-ID4zOpP,NIE,800,0,3,Wrocław,2020,inne,5000,do zamieszkania,55,2026-02-11
2026-02-08 01:11,Mieszkanie z Ogrodem o wysokim standardzie,3200,https://www.otodom.pl/pl/oferta/mieszkanie-z-ogrodem-o-wysokim-standardzie-ID4daYp,NIE,600,0,2,Wrocław,2017,kotłownia,2000,do zamieszkania,45,2026-02-11
2026-02-08 01:11,"Płac Grunwaldzki, 4 pokoje, wysoki standard",6000,https://www.otodom.pl/pl/oferta/plac-grunwaldzki-4-pokoje-wysoki-standard-ID4zOo0,NIE,1300,4,4,Wrocław,2023,miejskie,brak,brak,90,2026-02-11
2026-02-08 01:12,"2 pok, osobna kuchnia, 2 balkony, komórka, Krzyki, Skarbowców, Wrocław",3000,https://www.otodom.pl/pl/oferta/2-pok-osobna-kuchnia-2-balkony-komorka-krzyki-skarbowcow-wroclaw-ID4zO8c,NIE,750,5,2,"ul. Skarbowców, Wrocław",2008,miejskie,4000,do zamieszkania,52,2026-02-11
2026-02-08 01:12,PL/UA Rozkładowe Mieszkanie 2 p. | Pets Friendly | Balkon | Piwnica,2799,https://www.otodom.pl/pl/oferta/pl-ua-rozkladowe-mieszkanie-2-p-pets-friendly-balkon-piwnica-ID4zO8r,NIE,801,3,2,Wrocław,brak,miejskie,brak,do zamieszkania,49,2026-02-11
2026-02-08 01:12,Mieszkanie - Kozia,2600,https://www.otodom.pl/pl/oferta/mieszkanie-kozia-ID4zO5Z,NIE,330,0,2,"ul. Kozia, Wrocław",2005,gazowe,3000,do zamieszkania,51,2026-02-11
2026-02-08 01:12,"Nowy Dwór Budziszńska blisko WSB, WSH, Dsw, Nokia, IBM, Capgemini",2900,https://www.otodom.pl/pl/oferta/nowy-dwor-budzisznska-blisko-wsb-wsh-dsw-nokia-ibm-capgemini-ID4zO4x,NIE,780,9,2,"ul. Budziszyńska, Wrocław",1982,miejskie,5000,do zamieszkania,52,2026-02-11
2026-02-08 01:13,"Piękny apartament Biskupin, Antoniego Wiwulskiego.",3000,https://www.otodom.pl/pl/oferta/piekny-apartament-biskupin-antoniego-wiwulskiego-ID4425a,NIE,500,1,2,Wrocław,brak,miejskie,3000,do zamieszkania,42,2026-02-11
2026-02-08 01:13,Centrum/Zyndrama/2 Bathrooms/Pets friendly,3499,https://www.otodom.pl/pl/oferta/centrum-zyndrama-2-bathrooms-pets-friendly-ID4zNWy,NIE,1450,2,2,"ul. Księcia Witolda, Wrocław",brak,brak,7000,brak,62,2026-02-11
2026-02-08 01:13,Nowoczesna kawalerka w inwestycji Nowa Manufaktura,2700,https://www.otodom.pl/pl/oferta/nowoczesna-kawalerka-w-inwestycji-nowa-manufaktura-ID4zNVy,NIE,400,0,1,"pl. Tadeusza Kościuszki, Wrocław",2022,brak,0,brak,31.42,2026-02-11
2026-02-08 01:13,Mieszkanie 3-pok | pełny rozkład | ul. Nowodworska,2700,https://www.otodom.pl/pl/oferta/mieszkanie-3-pok-pelny-rozklad-ul-nowodworska-ID4zNYe,NIE,0,5,3,"ul. Nowodworska, Wrocław",brak,miejskie,brak,do zamieszkania,65,2026-02-11
2026-02-08 01:13,"Przestronne, dwupokojowe mieszkanie, Krzyki,",2500,https://www.otodom.pl/pl/oferta/przestronne-dwupokojowe-mieszkanie-krzyki-ID4qovJ,NIE,500,3,2,"ul. Motylkowa, Wrocław",brak,miejskie,brak,do zamieszkania,50,2026-02-11
2026-02-08 01:14,Wynajem| 3 pok.| 64m2| Leśnica| ul. Dolnobrzeska|,3100,https://www.otodom.pl/pl/oferta/wynajem-3-pok-64m2-lesnica-ul-dolnobrzeska-ID4zNPf,NIE,775,2,3,Wrocław,brak,miejskie,3875,do zamieszkania,64,2026-02-11
2026-02-08 01:14,"blisko centrum, balkon, MP, Świstackiego",2800,https://www.otodom.pl/pl/oferta/blisko-centrum-balkon-mp-swistackiego-ID4zNOS,NIE,620,6,2,"ul. Stacha Świstackiego, Wrocław",2015,inne,brak,do zamieszkania,50,2026-02-11
2026-02-08 01:14,Wrocław-Krzyki-Kamienna-3 pokoje blisko Sky Tower,2500,https://www.otodom.pl/pl/oferta/wroclaw-krzyki-kamienna-3-pokoje-blisko-sky-tower-ID4z1kr,NIE,0,10,3,"ul. Kamienna, Wrocław",1980,miejskie,2500,do zamieszkania,50,2026-02-11
2026-02-08 01:14,"Apartament 97 m2, taras - Stare Miasto, UL.Czysta",7000,https://www.otodom.pl/pl/oferta/apartament-97-m2-taras-stare-miasto-ul-czysta-ID43TYH,NIE,1200,6,3,"ul. Czysta, Wrocław",brak,miejskie,brak,do zamieszkania,97,2026-02-11
2026-02-08 01:14,Kawalerka - Trzebnicka/ do wynajęcia,2500,https://www.otodom.pl/pl/oferta/kawalerka-trzebnicka-do-wynajecia-ID4zNQE,NIE,0,4,1,"ul. Trzebnicka, Wrocław",1910,brak,brak,brak,37.4,2026-02-11
2026-02-08 01:15,3600 zł za wszystko | Piwnica | Loggia | Od zaraz  | 3 pokojowe,2600,https://www.otodom.pl/pl/oferta/3600-zl-za-wszystko-piwnica-loggia-od-zaraz-3-pokojowe-ID4zIE3,NIE,850,9,3,"ul. Ścinawska, Wrocław",brak,miejskie,3500,do zamieszkania,50,2026-02-11
2026-02-08 01:15,"Mieszkanie ul. Aleja Piastów, ogródek, garaż",3000,https://www.otodom.pl/pl/oferta/mieszkanie-ul-aleja-piastow-ogrodek-garaz-ID4zICP,NIE,720,0,3,Wrocław,2017,miejskie,3000,do zamieszkania,57,2026-02-11
2026-02-08 01:15,3 pok 4200 zł całość | Dog Friendly | Garaż | Balkon | Fashion Outlet,3099,https://www.otodom.pl/pl/oferta/3-pok-4200-zl-calosc-dog-friendly-garaz-balkon-fashion-outlet-ID4zICy,NIE,950,1,3,"ul. Graniczna, Wrocław",brak,miejskie,3500,do zamieszkania,56,2026-02-11
2026-02-08 01:15,Piwnica | Garderoba | Parking | Internet i Telewizja w cenie,2799,https://www.otodom.pl/pl/oferta/piwnica-garderoba-parking-internet-i-telewizja-w-cenie-ID4zIBf,NIE,899,0,2,"ul. Komandorska, Wrocław",brak,miejskie,2999,do zamieszkania,50,2026-02-11
2026-02-08 01:15,Luksusowy apartament w OVO Hilton,4000,https://www.otodom.pl/pl/oferta/luksusowy-apartament-w-ovo-hilton-ID46V25,NIE,1000,6,2,"ul. Podwale, Wrocław",2016,inne,5000,do zamieszkania,48,2026-02-11
2026-02-08 01:15,Wynajmij przy Grunwaldzkim - tu zaczyna się Twoje wygodne życie!,2600,https://www.otodom.pl/pl/oferta/wynajmij-przy-grunwaldzkim-tu-zaczyna-sie-twoje-wygodne-zycie-ID4zHSY,NIE,360,1,1,"pl. Grunwaldzki, Wrocław",1980,miejskie,2600,do zamieszkania,30,2026-02-11
2026-02-08 01:16,"Przestronna kawalerka z balkonem i piwnicą, w pobliży park,sklepy.",2100,https://www.otodom.pl/pl/oferta/przestronna-kawalerka-z-balkonem-i-piwnica-w-poblizy-park-sklepy-ID4zNEF,NIE,451,4,1,"ul. Poranna, Wrocław",brak,miejskie,2800,do zamieszkania,33,2026-02-11
2026-02-08 01:16,Duże Rozkładowe 2-pokojowe balkon komórka garaż,2600,https://www.otodom.pl/pl/oferta/duze-rozkladowe-2-pokojowe-balkon-komorka-garaz-ID4zNFh,NIE,800,3,2,"ul. Buforowa, Wrocław",2019,miejskie,3500,do zamieszkania,55,2026-02-11
2026-02-08 01:17,"Przy Parku Południowym,duży balkon,osobna kuchnia, winda,umeblowane.",2200,https://www.otodom.pl/pl/oferta/przy-parku-poludniowym-duzy-balkon-osobna-kuchnia-winda-umeblowane-ID4zNDV,NIE,800,0,2,"ul. Powstańców Śląskich, Wrocław",brak,miejskie,3300,do zamieszkania,40,2026-02-11
2026-02-08 01:17,"2 poziomowe,3 pokoje, garderoba, zmywarka, garaż w cenie!",3400,https://www.otodom.pl/pl/oferta/2-poziomowe-3-pokoje-garderoba-zmywarka-garaz-w-cenie-ID4zNDJ,NIE,900,2,3,"ul. Pawia, Wrocław",brak,miejskie,brak,do zamieszkania,85,2026-02-11
2026-02-08 01:17,Wygodnie mieszkanie z dobrym dojazdem,2800,https://www.otodom.pl/pl/oferta/wygodnie-mieszkanie-z-dobrym-dojazdem-ID4zNDe,NIE,950,4,2,"ul. Racławicka, Wrocław",2025,miejskie,3000,do zamieszkania,40,2026-02-11
2026-02-08 01:17,"Śliczna, wygodna kawalerka w doskonałej lokalizacji Nadodrze Wocław",2300,https://www.otodom.pl/pl/oferta/sliczna-wygodna-kawalerka-w-doskonalej-lokalizacji-nadodrze-woclaw-ID4zNCr,NIE,500,2,1,"ul. Kręta, Wrocław",2023,miejskie,brak,do zamieszkania,32,2026-02-11
2026-02-08 01:17,KOMFORTOWY APARTAMENT - UL. POCHYŁA / STARE MIASTO,3200,https://www.otodom.pl/pl/oferta/komfortowy-apartament-ul-pochyla-stare-miasto-ID4zNBR,NIE,1200,0,2,"ul. Pochyła, Wrocław",2010,miejskie,4500,do zamieszkania,54,2026-02-11
2026-02-08 01:18,Piękne M3 - blisko autobus i tramwaj - ul. Krzycka,3200,https://www.otodom.pl/pl/oferta/piekne-m3-blisko-autobus-i-tramwaj-ul-krzycka-ID4zNA8,NIE,800,2,3,"ul. Krzycka, Wrocław",brak,gazowe,3200,do zamieszkania,61,2026-02-11
2026-02-08 01:18,Kawalerka 36m2 | balkon | miejsce postojowe | Skarbowców,2680,https://www.otodom.pl/pl/oferta/kawalerka-36m2-balkon-miejsce-postojowe-skarbowcow-ID4zNAR,NIE,420,2,2,Wrocław,2022,miejskie,3500,do zamieszkania,36,2026-02-11
2026-02-08 01:18,Mieszkanie na wynajem Wysoki standard,3500,https://www.otodom.pl/pl/oferta/mieszkanie-na-wynajem-wysoki-standard-ID4z30e,NIE,380,5,2,"ul. Białowieska, Wrocław",2018,miejskie,4000,do zamieszkania,46,2026-02-11
2026-02-08 01:18,3 Pokoje 52m² | Olimpia Port,3750,https://www.otodom.pl/pl/oferta/3-pokoje-52m-olimpia-port-ID4zNAJ,NIE,750,3,3,"Marco Polo, Wrocław",brak,kotłownia,brak,brak,52,2026-02-11
2026-02-08 01:19,kawalerka dla singla w pobliżu ul. Krzyckiej,2000,https://www.otodom.pl/pl/oferta/kawalerka-dla-singla-w-poblizu-ul-krzyckiej-ID4zNz7,NIE,500,0,1,"ul. Upalna, Wrocław",2000,miejskie,2500,do zamieszkania,19,2026-02-11
2026-02-08 01:19,-= Olbrachtowska Wroclaw 50m2 =-,2999,https://www.otodom.pl/pl/oferta/olbrachtowska-wroclaw-50m2-ID4r6Jp,NIE,650,2,2,"ul. Olbrachtowska, Wrocław",2012,gazowe,3000,do zamieszkania,50,2026-02-11
2026-02-08 01:19,"Wynajem mieszkania 3 pokoje, taras + miejsce postojowe ul. ARBUZOWA",3000,https://www.otodom.pl/pl/oferta/wynajem-mieszkania-3-pokoje-taras-miejsce-postojowe-ul-arbuzowa-ID4zNxq,NIE,900,0,3,"ul. Arbuzowa, Wrocław",2020,miejskie,4000,do zamieszkania,49.75,2026-02-11
2026-02-08 01:19,3-pokojowe 63 m² | KĘPA MIESZCZAŃSKA | parking w cenie,4600,https://www.otodom.pl/pl/oferta/3-pokojowe-63-m-kepa-mieszczanska-parking-w-cenie-ID4zNwe,NIE,0,0,3,"ul. Mieszczańska, Wrocław",brak,miejskie,5950,do zamieszkania,63,2026-02-11
2026-02-08 01:19,"kawalerka na Gaju, duży balkon, osobna kuchnia, duża szafa wnękowa",2500,https://www.otodom.pl/pl/oferta/kawalerka-na-gaju-duzy-balkon-osobna-kuchnia-duza-szafa-wnekowa-ID4zNr0,NIE,500,1,1,"ul. Kłodzka, Wrocław",brak,miejskie,brak,do zamieszkania,30,2026-02-11
2026-02-08 01:19,PL| |UA|RU| Cieszyńska | 2-pok| Taras 26 m2,3000,https://www.otodom.pl/pl/oferta/pl-ua-ru-cieszynska-2-pok-taras-26-m2-ID4zNpr,NIE,600,0,2,Wrocław,brak,miejskie,5000,do zamieszkania,46,2026-02-11
2026-02-08 01:20,"2-pokoje, nowy budynek, parking, Centrum poblizu Odry",3200,https://www.otodom.pl/pl/oferta/2-pokoje-nowy-budynek-parking-centrum-poblizu-odry-ID4zNa4,NIE,1000,2,2,"ul. Romana Dmowskiego, Wrocław",2014,miejskie,4000,do zamieszkania,51,2026-02-11
2026-02-08 01:20,2 Pokoje W Centrum | Gym&Spa | Mp w cenie,3400,https://www.otodom.pl/pl/oferta/2-pokoje-w-centrum-gym-spa-mp-w-cenie-ID4z2rO,NIE,0,4,2,"ul. gen. Romualda Traugutta, Wrocław",2022,miejskie,brak,do zamieszkania,46.68,2026-02-11
2026-02-08 01:20,Ogrody Hallera/ 2 separate rooms/GYM/Pets friendly,3200,https://www.otodom.pl/pl/oferta/ogrody-hallera-2-separate-rooms-gym-pets-friendly-ID4zNi8,NIE,800,3,2,"al. gen. Józefa Hallera, Wrocław",brak,brak,4000,do zamieszkania,50,2026-02-11
2026-02-08 01:20,Wynajmę 2- pokojowe mieszkanie przy ul. Kłodnickiej,2700,https://www.otodom.pl/pl/oferta/wynajme-2-pokojowe-mieszkanie-przy-ul-klodnickiej-ID4zNbE,NIE,0,5,2,"ul. Kłodnicka, Wrocław",1980,miejskie,3500,do zamieszkania,36,2026-02-11
2026-02-08 01:21,"Piękne, przestronne mieszkanie Dostępne Od Zaraz",3000,https://www.otodom.pl/pl/oferta/piekne-przestronne-mieszkanie-dostepne-od-zaraz-ID4zN5E,NIE,750,0,2,"ul. Sąsiedzka, Wrocław",1997,miejskie,3000,brak,48.64,2026-02-11
2026-02-08 01:21,Piłsudsudskiego_63 m2_3 POK_od Marca,2900,https://www.otodom.pl/pl/oferta/pilsudsudskiego-63-m2-3-pok-od-marca-ID4zN5o,NIE,1030,1,3,"ul. marsz. Józefa Piłsudskiego, Wrocław",1958,miejskie,brak,do zamieszkania,62.87,2026-02-11
2026-02-08 01:21,Nowoczesne mieszkanie 2-pokojowe z parkingem Kępa Mieszczańska,3200,https://www.otodom.pl/pl/oferta/nowoczesne-mieszkanie-2-pokojowe-z-parkingem-kepa-mieszczanska-ID4zN1S,NIE,1000,2,2,"ul. Romana Dmowskiego, Wrocław",2014,miejskie,4000,do zamieszkania,51,2026-02-11
2026-02-08 01:21,"Stare Miasto, Szczepin, Kruszwicka, po remoncie",2500,https://www.otodom.pl/pl/oferta/stare-miasto-szczepin-kruszwicka-po-remoncie-ID4zhw3,NIE,800,2,2,"ul. Kruszwicka, Wrocław",1988,miejskie,3300,do zamieszkania,40.05,2026-02-11
2026-02-08 01:21,Wynajem mieszkanie Białowieska 2 pokoje/klimatyzacja,3300,https://www.otodom.pl/pl/oferta/wynajem-mieszkanie-bialowieska-2-pokoje-klimatyzacja-ID4zMV4,NIE,1500,0,3,"ul. Piękna, Wrocław",2015,miejskie,6000,do zamieszkania,65,2026-02-11
2026-02-08 01:21,Studio w Angel City * Balkon * Spa&Gym *,3000,https://www.otodom.pl/pl/oferta/studio-w-angel-city-balkon-spa-gym-ID4zE5P,NIE,900,3,1,"ul. Walońska, Wrocław",2022,miejskie,brak,brak,36,2026-02-11
2026-02-08 01:22,⭐️Przestronne 3 pok | Taras | Oddzielna kuchnia⭐️,2800,https://www.otodom.pl/pl/oferta/przestronne-3-pok-taras-oddzielna-kuchnia-ID4zMPp,NIE,1100,1,3,"ul. gen. Stanisława Maczka, Wrocław",2007,kotłownia,4000,do zamieszkania,73.71,2026-02-11
2026-02-08 08:36,Opolska kawalerka z balkonem i m. postojowym,2000,https://www.otodom.pl/pl/oferta/opolska-kawalerka-z-balkonem-i-m-postojowym-ID4zUNb,NIE,500,4,1,"ul. Opolska, Wrocław",2011,miejskie,2500,do zamieszkania,30,2026-02-11
2026-02-08 08:36,"Сдам 2 pok mieszkanie Centrum , Wrocław",2500,https://www.otodom.pl/pl/oferta/2-pok-mieszkanie-centrum-wroclaw-ID4zUFi,NIE,500,4,2,"pl. Orląt Lwowskich, Wrocław",1975,brak,2500,do zamieszkania,35,2026-02-11
2026-02-08 08:37,Wysoki standard-Garaż-Klimatyzacja-2Balkony,3100,https://www.otodom.pl/pl/oferta/wysoki-standard-garaz-klimatyzacja-2balkony-ID4zRb3,NIE,1130,1,3,"ul. Ołtaszyńska, Wrocław",2007,miejskie,5000,do zamieszkania,63.5,2026-02-11
2026-02-08 08:37,"Apartament 55 m² w centrum Wrocławia | Balkon, parking, klimatyzacja",3600,https://www.otodom.pl/pl/oferta/apartament-55-m-w-centrum-wroclawia-balkon-parking-klimatyzacja-ID42mOj,NIE,1050,2,2,"ul. Krawiecka, Wrocław",2009,miejskie,5000,do zamieszkania,55,2026-02-11
2026-02-08 08:37,Nowoczesne 70 m² po remoncie | 1. piętro | Nowe AGD,3750,https://www.otodom.pl/pl/oferta/nowoczesne-70-m-po-remoncie-1-pietro-nowe-agd-ID4A0Fv,NIE,1000,1,3,"ul. Motylkowa, Wysoka",2006,miejskie,7000,do zamieszkania,70,2026-02-11
2026-02-08 08:38,PL | UA | RU Komfortowe 3 pokoje | osobna kuchnia | od zaraz,3600,https://www.otodom.pl/pl/oferta/pl-ua-ru-komfortowe-3-pokoje-osobna-kuchnia-od-zaraz-ID4A0D3,NIE,1000,0,3,"ul. Pawia, Wrocław",brak,kotłownia,3600,do zamieszkania,78,2026-02-11
2026-02-08 08:38,Ciche mieszkanie przy wzgórzu Gajowym,3400,https://www.otodom.pl/pl/oferta/ciche-mieszkanie-przy-wzgorzu-gajowym-ID4zx4j,NIE,500,0,2,"ul. Wambierzycka, Wrocław",brak,miejskie,3900,do zamieszkania,43,2026-02-11
2026-02-08 08:38,Wykończone mieszkanie 48m2 z garażem i klimatyzacją ul. Blizanowicka,3100,https://www.otodom.pl/pl/oferta/wykonczone-mieszkanie-48m2-z-garazem-i-klimatyzacja-ul-blizanowicka-ID4A0BZ,NIE,760,2,2,"ul. Blizanowicka, Wrocław",2025,miejskie,4500,do zamieszkania,48,2026-02-11
2026-02-08 08:38,"2 pokoje 37,3 m² + balkon | Awipolis, Oporów",3315,https://www.otodom.pl/pl/oferta/2-pokoje-37-3-m-balkon-awipolis-oporow-ID4A0C1,NIE,400,3,2,"ul. Władysława Chachaja, Wrocław",2025,miejskie,4000,do zamieszkania,37.3,2026-02-11
2026-02-08 08:38,2 oddzielne pokoje/ balkon/ Ferio Gaj,2400,https://www.otodom.pl/pl/oferta/2-oddzielne-pokoje-balkon-ferio-gaj-ID4zS3M,NIE,799,2,2,Wrocław,2005,brak,brak,brak,45,2026-02-11
2026-02-08 08:39,"3 pokojowe, Powstańców Śląskich, parking pod blokiem",2950,https://www.otodom.pl/pl/oferta/3-pokojowe-powstancow-slaskich-parking-pod-blokiem-ID4z6vH,NIE,900,7,3,"ul. Powstańców Śląskich, Wrocław",brak,miejskie,4500,do zamieszkania,60,2026-02-11
2026-02-08 08:39,Klimatyzowane mieszkanie 2 pok. z osobą kuchnią - Kamieńskiego Wrocław,3200,https://www.otodom.pl/pl/oferta/klimatyzowane-mieszkanie-2-pok-z-osoba-kuchnia-kamienskiego-wroclaw-ID4A0Bk,NIE,730,2,2,"ul. Henryka Michała Kamieńskiego, Wrocław",2012,miejskie,3200,do zamieszkania,50,2026-02-11
2026-02-08 08:39,"Zatorska, 2 pokoje, kuchnia, duży taras, parking",2600,https://www.otodom.pl/pl/oferta/zatorska-2-pokoje-kuchnia-duzy-taras-parking-ID4bHs8,NIE,750,0,2,"ul. Zatorska, Wrocław",2011,brak,3500,do zamieszkania,50,2026-02-11
2026-02-08 08:39,Nowoczesne 2-pokojowe mieszkanie z tarasem,3300,https://www.otodom.pl/pl/oferta/nowoczesne-2-pokojowe-mieszkanie-z-tarasem-ID4xR8g,NIE,970,0,2,"ul. Złotnicka, Wrocław",2021,brak,5000,do zamieszkania,49,2026-02-11
2026-02-08 08:39,"Mieszkanie, 22 m², Wrocław",2300,https://www.otodom.pl/pl/oferta/mieszkanie-22-m-wroclaw-ID4A0AS,NIE,550,0,1,"pl. bp. Nankiera, Wrocław",brak,miejskie,2300,do zamieszkania,22,2026-02-11
2026-02-08 08:39,"Mieszkanie przy Dworcu Głównym, osobna kuchnia",2500,https://www.otodom.pl/pl/oferta/mieszkanie-przy-dworcu-glownym-osobna-kuchnia-ID4hFmK,NIE,800,3,1,Wrocław,1959,miejskie,2500,do zamieszkania,37,2026-02-11
2026-02-08 08:40,2 pokoje | Pierwszy najem |Pet-friendly | Nowe budownictwo 2025,2700,https://www.otodom.pl/pl/oferta/2-pokoje-pierwszy-najem-pet-friendly-nowe-budownictwo-2025-ID4A0Ak,NIE,0,3,2,"ul. Władysława Reymonta, Wrocław",brak,brak,3500,brak,43,2026-02-11
2026-02-08 08:40,"Bezpośrednio apartament 2 pok. z klimatyzacją, PixelHouse",3000,https://www.otodom.pl/pl/oferta/bezposrednio-apartament-2-pok-z-klimatyzacja-pixelhouse-ID3ZgTy,NIE,700,8,2,Wrocław,2017,miejskie,5000,do zamieszkania,46,2026-02-11
2026-02-08 08:40,"Przytulne mieszkanie w nowym budynku, wysoki standard",1800,https://www.otodom.pl/pl/oferta/przytulne-mieszkanie-w-nowym-budynku-wysoki-standard-ID4z4xU,NIE,200,brak,1,Wrocław,brak,brak,brak,brak,24,2026-02-11
2026-02-08 08:41,W pełni wyposażone 2 pokoje z garderobą,2600,https://www.otodom.pl/pl/oferta/w-pelni-wyposazone-2-pokoje-z-garderoba-ID4zRGn,NIE,900,1,2,Wrocław,2009,miejskie,3000,do zamieszkania,48.5,2026-02-11
2026-02-08 08:41,APARTAMENT  W  CENTRUM NAD ORDĄ- 2 pokoje + Miejsce parkingowe w cenie,3300,https://www.otodom.pl/pl/oferta/apartament-w-centrum-nad-orda-2-pokoje-miejsce-parkingowe-w-cenie-ID4A0y6,NIE,600,2,2,"ul. Kazimierza Michalczyka, Wrocław",2025,miejskie,4000,do zamieszkania,42,2026-02-11
2026-02-08 08:41,"Wynajmę bezpośrednio od zaraz, 2 pok., taras, ogródek, garaż, komórka",3150,https://www.otodom.pl/pl/oferta/wynajme-bezposrednio-od-zaraz-2-pok-taras-ogrodek-garaz-komorka-ID4zS1W,NIE,700,0,2,"ul. ks. Czesława Klimasa, Wrocław",2012,brak,4200,brak,45.1,2026-02-11
2026-02-08 08:43,OŁTASZYN – Wygodne mieszkanie,2700,https://www.otodom.pl/pl/oferta/oltaszyn-wygodne-mieszkanie-ID4zOcD,NIE,560,0,3,"ul. Rubinowa, Wrocław",1984,brak,3000,do zamieszkania,36,2026-02-11
2026-02-08 08:43,2 Pok. 41m2|Magnolia |Popowice |Fabryczna |Wrocław,2500,https://www.otodom.pl/pl/oferta/2-pok-41m2-magnolia-popowice-fabryczna-wroclaw-ID4zUhe,NIE,900,4,2,"ul. Niedźwiedzia, Wrocław",brak,miejskie,brak,do zamieszkania,41,2026-02-11
2026-02-08 08:43,"Piękne,wysoki standardard,2 pok,aneks,balkon,winda",2800,https://www.otodom.pl/pl/oferta/piekne-wysoki-standardard-2-pok-aneks-balkon-winda-ID4zPql,NIE,650,4,2,Wrocław,brak,brak,3000,do zamieszkania,37,2026-02-11
2026-02-08 08:43,Piękne M3 - blisko autobus i tramwaj - ul. Krzycka,3200,https://www.otodom.pl/pl/oferta/piekne-m3-blisko-autobus-i-tramwaj-ul-krzycka-ID4A0u1,NIE,800,2,3,"ul. Krzycka, Wrocław",brak,gazowe,3200,do zamieszkania,61,2026-02-11
2026-02-08 08:43,Rymarska 2 pokoje/piwnica/garaż,2800,https://www.otodom.pl/pl/oferta/rymarska-2-pokoje-piwnica-garaz-ID4A0tD,NIE,840,0,2,"ul. Rymarska, Wrocław",2001,miejskie,3150,do zamieszkania,61,2026-02-11
2026-02-08 08:44,3-pokoje - Braniborska 60/10 - bez prowizji,3656,https://www.otodom.pl/pl/oferta/3-pokoje-braniborska-60-10-bez-prowizji-ID4zZwH,NIE,418,1,3,Wrocław,2024,miejskie,brak,do zamieszkania,46.38,2026-02-11
2026-02-08 08:44,"Park Kleciński - 2 pokoje, garaż, klimatyzacja, wysoki standard",3000,https://www.otodom.pl/pl/oferta/park-klecinski-2-pokoje-garaz-klimatyzacja-wysoki-standard-ID4A0t7,NIE,700,3,2,"ul. Międzygórska, Wrocław",2015,miejskie,3700,do zamieszkania,43,2026-02-11
2026-02-08 08:44,Bez prowizji | Dmowskiego | 2 pokoje | parking,2900,https://www.otodom.pl/pl/oferta/bez-prowizji-dmowskiego-2-pokoje-parking-ID4zndz,NIE,900,4,2,"ul. Romana Dmowskiego, Wrocław",2022,miejskie,4000,do zamieszkania,46,2026-02-11
2026-02-08 08:44,3 pokoje | Sikorskiego | parking | klimatyzacja,3999,https://www.otodom.pl/pl/oferta/3-pokoje-sikorskiego-parking-klimatyzacja-ID4u8if,NIE,1000,4,3,"ul. gen. Władysława Sikorskiego, Wrocław",2024,miejskie,4500,do zamieszkania,60.16,2026-02-11
2026-02-08 08:45,"2 pokoje, balkon, garaż, komórka, ul. Wańkowicza, blisko AOW, Factoria",2900,https://www.otodom.pl/pl/oferta/2-pokoje-balkon-garaz-komorka-ul-wankowicza-blisko-aow-factoria-ID4A0hy,NIE,580,2,2,"ul. Melchiora Wańkowicza, Wrocław",brak,brak,3800,do zamieszkania,39,2026-02-11
2026-02-08 08:45,Kawalerka świeżo po remoncie | Nadodrze | Rynek,2250,https://www.otodom.pl/pl/oferta/kawalerka-swiezo-po-remoncie-nadodrze-rynek-ID4zWHI,NIE,250,0,1,"ul. Kaszubska, Wrocław",brak,miejskie,2900,do zamieszkania,27,2026-02-11
2026-02-08 08:45,Ekskluzywne 3 pokojowe | 74 m² | Krzyki–Partynice |,5700,https://www.otodom.pl/pl/oferta/ekskluzywne-3-pokojowe-74-m-krzykipartynice-ID4A0qj,NIE,1260,3,3,"ul. Krzycka, Wrocław",2013,miejskie,7000,do zamieszkania,74.2,2026-02-11
2026-02-08 08:46,2-pokojowe | Balkon |Olimpia Port | Siłownia |Pet-friendly,2800,https://www.otodom.pl/pl/oferta/2-pokojowe-balkon-olimpia-port-silownia-pet-friendly-ID4zUnz,NIE,0,2,2,"Ameriga Vespucciego, Wrocław",brak,brak,brak,brak,37,2026-02-11
2026-02-08 08:46,Mieszkanie 50m2 Olimpia Port - Swojczyce,3000,https://www.otodom.pl/pl/oferta/mieszkanie-50m2-olimpia-port-swojczyce-ID3o8rS,NIE,1000,1,2,"ul. Ferdynanda Magellana, Wrocław",2017,inne,4250,do zamieszkania,50,2026-02-11
2026-02-08 08:46,Świetna lokalizacja | funkcjonalny układ | klimatyzacja – Pets frie...,2800,https://www.otodom.pl/pl/oferta/swietna-lokalizacja-funkcjonalny-uklad-klimatyzacja-pets-frie-ID4A0pL,NIE,0,2,2,"ul. Legnicka, Wrocław",1956,miejskie,4000,do zamieszkania,39,2026-02-11
2026-02-08 08:46,Ulica Magellana ! Pełen Rozkład ! Super Wyposażone Umeblowane Okazja !,2800,https://www.otodom.pl/pl/oferta/ulica-magellana-pelen-rozklad-super-wyposazone-umeblowane-okazja-ID4zUh4,NIE,0,2,2,Wrocław,brak,miejskie,brak,do zamieszkania,50,2026-02-11
2026-02-08 08:46,Luksusowy apartament z ogromnym tarasem przy Rynku,13100,https://www.otodom.pl/pl/oferta/luksusowy-apartament-z-ogromnym-tarasem-przy-rynku-ID4yB1F,NIE,0,5,4,"ul. Kurzy Targ, Wrocław",brak,brak,brak,brak,170,2026-02-11
2026-02-08 08:46,od zaraz | Olimpia Port | Ostatnie piętro | Klima | Garaż | 0%,3290,https://www.otodom.pl/pl/oferta/od-zaraz-olimpia-port-ostatnie-pietro-klima-garaz-0-ID4zV4X,NIE,700,3,2,"ul. Marca Polo, Wrocław",2021,kotłownia,4000,brak,47.67,2026-02-11
2026-02-08 08:47,3 pokoje | Zakładowa Promenady Wrocławskie | bezpośrednio,3600,https://www.otodom.pl/pl/oferta/3-pokoje-zakladowa-promenady-wroclawskie-bezposrednio-ID4A0oW,NIE,0,1,3,Wrocław,2020,miejskie,5000,do zamieszkania,51.06,2026-02-11
2026-02-08 08:47,PL | UA | RU | Komfortowe 2 pokoje z balkonem i klimatyzacją | Pets OK,2800,https://www.otodom.pl/pl/oferta/pl-ua-ru-komfortowe-2-pokoje-z-balkonem-i-klimatyzacja-pets-ok-ID4A0o6,NIE,400,2,2,"ul. Zagrodnicza, Wrocław",brak,gazowe,2900,do zamieszkania,55,2026-02-11
2026-02-08 08:48,LOKUM DI TREVI - MIĘDZYLESKA - KOMFORTOWE Z BALKONEM,2700,https://www.otodom.pl/pl/oferta/lokum-di-trevi-miedzyleska-komfortowe-z-balkonem-ID4zIaR,NIE,800,2,2,"ul. Międzyleska, Wrocław",2015,miejskie,3500,do zamieszkania,45.4,2026-02-11
2026-02-08 08:48,dwupoziomowe | klima | garaż | 96 m2 | Rezydencja Bartoszowice,5000,https://www.otodom.pl/pl/oferta/dwupoziomowe-klima-garaz-96-m2-rezydencja-bartoszowice-ID4zNS1,NIE,1250,3,4,"ul. Partyzantów, Wrocław",brak,kotłownia,13300,do zamieszkania,96,2026-02-11
2026-02-08 08:48,Karłowice - 3 pokojowe mieszkanie do wynajęcia,3500,https://www.otodom.pl/pl/oferta/karlowice-3-pokojowe-mieszkanie-do-wynajecia-ID4zMUZ,NIE,1020,7,3,"ul. Rowerowa, Wrocław",brak,brak,5000,do zamieszkania,65,2026-02-11
2026-02-08 08:48,Kawalerka 32 m² | Balkon | Klimatyzacja | Pierwszy najem,2800,https://www.otodom.pl/pl/oferta/kawalerka-32-m-balkon-klimatyzacja-pierwszy-najem-ID4zFJa,NIE,400,brak,1,"ul. Braniborska, Wrocław",brak,miejskie,3000,brak,32,2026-02-11
2026-02-08 08:48,"WROCŁAW CENTRUM, OVO, PODWALE, 2 ROOMS, Rent PLN 3,000, fees PLN 1,200",3000,https://www.otodom.pl/pl/oferta/wroclaw-centrum-ovo-podwale-2-rooms-rent-pln-3-000-fees-pln-1-200-ID4zByC,NIE,985,4,2,"ul. Podwale, Wrocław",2016,miejskie,3500,do zamieszkania,43,2026-02-11
2026-02-08 08:48,Brak tytułu,0,https://www.otodom.pl/pl/oferta/nowe-mieszkania-na-wynajem-w-centrum-wroclawia-sprawdz-nasza-oferte-ID4yvKA,NIE,0,brak,brak,"ul. Kolejowa, Wrocław",brak,brak,brak,brak,85,2026-02-11
2026-02-08 08:49,"Kzryki, Gaj, Ul. Żegiestowska, 2-Pok.,39m2,Ip.",2950,https://www.otodom.pl/pl/oferta/kzryki-gaj-ul-zegiestowska-2-pok-39m2-ip-ID4zKKV,NIE,650,1,2,"ul. Żegiestowska, Wrocław",2023,brak,4000,do zamieszkania,39,2026-02-11
2026-02-08 08:49,STABŁOWICE - MIESZKANIE 2 pokoje z ogródkiem,2900,https://www.otodom.pl/pl/oferta/stablowice-mieszkanie-2-pokoje-z-ogrodkiem-ID4cTJv,NIE,950,0,2,Wrocław,2021,miejskie,3500,do zamieszkania,47.13,2026-02-11
2026-02-08 08:49,Studio premium z aneksem |odnowiona kamienica XIX w. | bez prowizji,2950,https://www.otodom.pl/pl/oferta/studio-premium-z-aneksem-odnowiona-kamienica-xix-w-bez-prowizji-ID4zOq4,NIE,690,4,1,"ul. Komandorska, Wrocław",1897,gazowe,4000,do zamieszkania,26,2026-02-11
2026-02-08 08:49,Nowoczesne 2-pokojowe mieszkanie z balkonem,2850,https://www.otodom.pl/pl/oferta/nowoczesne-2-pokojowe-mieszkanie-z-balkonem-ID49Cvk,NIE,680,8,2,"ul. Antoniego Słonimskiego, Wrocław",2019,miejskie,5000,do zamieszkania,39,2026-02-11
2026-02-08 08:50,2-pokoje Apartamentowiec 45m2 8min od rynku ul. Dmowskiego,2900,https://www.otodom.pl/pl/oferta/2-pokoje-apartamentowiec-45m2-8min-od-rynku-ul-dmowskiego-ID4w2QY,NIE,600,3,2,Wrocław,2016,miejskie,3000,do zamieszkania,45.5,2026-02-11
2026-02-08 08:50,Wynajmę Kawalerkę na ul. Hłaski,2100,https://www.otodom.pl/pl/oferta/wynajme-kawalerke-na-ul-hlaski-ID4lord,NIE,500,1,1,Wrocław,2005,kotłownia,4000,do zamieszkania,34.5,2026-02-11
2026-02-08 08:50,"2-pokojowe mieszkanie, Ołbin, Jaracza.Bez prowizji",2300,https://www.otodom.pl/pl/oferta/2-pokojowe-mieszkanie-olbin-jaracza-bez-prowizji-ID4ba6Z,NIE,305,3,2,Wrocław,brak,brak,3000,brak,33,2026-02-11
2026-02-08 08:50,"Piękne mieszkanie 60 m, 3 pok. ""Akacjowy Zakątek""",3650,https://www.otodom.pl/pl/oferta/piekne-mieszkanie-60-m-3-pok-akacjowy-zakatek-ID44Rx7,NIE,450,0,3,"ul. Ubocze, Wrocław",2016,gazowe,5000,do zamieszkania,60,2026-02-11
2026-02-08 08:50,Dwupoziomowe mieszkanie | 4 pokoje | 2 tarasy | Centrum | Bezpośrednio,4680,https://www.otodom.pl/pl/oferta/dwupoziomowe-mieszkanie-4-pokoje-2-tarasy-centrum-bezposrednio-ID4zVNa,NIE,752,4,4,"ul. gen. Jana Henryka Dąbrowskiego, Wrocław",2017,miejskie,5850,do zamieszkania,75.26,2026-02-11
2026-02-08 08:50,Kawalerka z oddzielną kuchnią i balkonem | Okolice PKP | BEZ PROWIZJI,2370,https://www.otodom.pl/pl/oferta/kawalerka-z-oddzielna-kuchnia-i-balkonem-okolice-pkp-bez-prowizji-ID4zVM3,NIE,331,3,1,"ul. gen. Jana Henryka Dąbrowskiego, Wrocław",2017,miejskie,2963,do zamieszkania,33.12,2026-02-11
2026-02-08 08:51,Dwupoziomowe | 3 pok z balkonem | okolice PKP | bezpośrednio,3400,https://www.otodom.pl/pl/oferta/dwupoziomowe-3-pok-z-balkonem-okolice-pkp-bezposrednio-ID4zNXL,NIE,634,4,3,"ul. gen. Jana Henryka Dąbrowskiego, Wrocław",2017,miejskie,4080,do zamieszkania,63.45,2026-02-11
2026-02-08 08:51,Okazja. Dwupokojowe ul. Traugutta 50 m2 Czynsz w cenie wynajmu,3200,https://www.otodom.pl/pl/oferta/okazja-dwupokojowe-ul-traugutta-50-m2-czynsz-w-cenie-wynajmu-ID35gSc,NIE,0,5,2,"ul. gen. Romualda Traugutta, Wrocław",brak,miejskie,3200,do zamieszkania,50,2026-02-11
2026-02-08 08:51,Nowoczesny apartament w centrum !,9900,https://www.otodom.pl/pl/oferta/nowoczesny-apartament-w-centrum-ID4xWgI,NIE,1600,3,3,"ul. Księcia Witolda, Wrocław",2019,miejskie,14000,do zamieszkania,90,2026-02-11
2026-02-08 08:51,"TĘCZOWA, 2 pokoje + osobna kuchnia, 45 m2, garaż, dostępne od zaraz",3250,https://www.otodom.pl/pl/oferta/teczowa-2-pokoje-osobna-kuchnia-45-m2-garaz-dostepne-od-zaraz-ID4zW42,NIE,792,7,2,"ul. Tęczowa, Wrocław",2019,miejskie,4000,do zamieszkania,45,2026-02-11
2026-02-08 08:51,Mieszkanie 2-pokojowe z tarasem w Sercu Miasta,3200,https://www.otodom.pl/pl/oferta/mieszkanie-2-pokojowe-z-tarasem-w-sercu-miasta-ID4zp48,NIE,1300,1,2,"ul. Łaciarska, Wrocław",brak,brak,5000,brak,55,2026-02-11
2026-02-08 08:52,Przytulne 2 pokojowe mieszkanie,1900,https://www.otodom.pl/pl/oferta/przytulne-2-pokojowe-mieszkanie-ID4zUxo,NIE,850,4,2,"ul. Dworcowa, Wrocław",brak,miejskie,3200,do zamieszkania,36,2026-02-11
2026-02-08 08:52,"BEZ PROWIZJI Komfortowe, z tarasem (79.98m2) i komórką lokatorską",2600,https://www.otodom.pl/pl/oferta/bez-prowizji-komfortowe-z-tarasem-79-98m2-i-komorka-lokatorska-ID4zecl,NIE,1330,0,2,"ul. Artura Młodnickiego, Wrocław",2001,miejskie,4430,do zamieszkania,48.7,2026-02-11
2026-02-08 08:52,2- Pokoje/ Rozkład/Balkon,2500,https://www.otodom.pl/pl/oferta/2-pokoje-rozklad-balkon-ID4yPCx,NIE,900,3,2,"ul. Gorlicka, Wrocław",2010,miejskie,3400,do zamieszkania,50,2026-02-11
2026-02-08 08:52,4-pokojowy  Apartament obok Ogrodu Botanicznego,6000,https://www.otodom.pl/pl/oferta/4-pokojowy-apartament-obok-ogrodu-botanicznego-ID4zdMt,NIE,1500,2,4,"ul. Henryka Sienkiewicza, Wrocław",2019,miejskie,7500,do zamieszkania,75,2026-02-11
2026-02-08 08:52,Mieszkanie 2-pokojowe + garaż i komórka w cenie,2500,https://www.otodom.pl/pl/oferta/mieszkanie-2-pokojowe-garaz-i-komorka-w-cenie-ID4zdEX,NIE,810,2,2,"ul. Zatorska, Wrocław",2011,kotłownia,3000,do zamieszkania,49,2026-02-11
2026-02-08 08:52,"Сдам! 2 pok mieszkanie Krzyki , Wrocław",2600,https://www.otodom.pl/pl/oferta/2-pok-mieszkanie-krzyki-wroclaw-ID4zUb9,NIE,700,2,2,"Krzysztofa Komedy, Wrocław",2022,miejskie,3500,do zamieszkania,50,2026-02-11
2026-02-08 08:53,Rynek - ul. Ruska - 2-pokojowe z balkonem,2500,https://www.otodom.pl/pl/oferta/rynek-ul-ruska-2-pokojowe-z-balkonem-ID4A0ji,NIE,820,3,2,"ul. Ruska, Wrocław",brak,miejskie,brak,do zamieszkania,51,2026-02-11
2026-02-08 08:53,3 pokoje/osobna kuchnia/64m2/balkon/ul. Sienkiewicza,3000,https://www.otodom.pl/pl/oferta/3-pokoje-osobna-kuchnia-64m2-balkon-ul-sienkiewicza-ID4zTIu,NIE,1000,4,3,"ul. Henryka Sienkiewicza, Wrocław",brak,miejskie,4500,do zamieszkania,64,2026-02-11
2026-02-08 08:53,Kawalerka na Brochowie os. Parkowe,2300,https://www.otodom.pl/pl/oferta/kawalerka-na-brochowie-os-parkowe-ID4A0iY,NIE,400,0,1,"ul. Semaforowa, Wrocław",2008,gazowe,3000,do zamieszkania,39,2026-02-11
2026-02-08 08:53,Apartament 3p. Jesionowa Innova 17piętro garderoba,4800,https://www.otodom.pl/pl/oferta/apartament-3p-jesionowa-innova-17pietro-garderoba-ID44olh,NIE,1150,10,3,Wrocław,2019,miejskie,5950,do zamieszkania,70,2026-02-11
2026-02-08 08:54,"Mieszkanie, 39 m², Wrocław",2800,https://www.otodom.pl/pl/oferta/mieszkanie-39-m-wroclaw-ID4A0hg,NIE,0,2,2,Wrocław,brak,inne,brak,do zamieszkania,39,2026-02-11
2026-02-08 08:54,"Angel-2 pok,balkon, klimatyzacja, komórka lok-1.03",3300,https://www.otodom.pl/pl/oferta/angel-2-pok-balkon-klimatyzacja-komorka-lok-1-03-ID4A0fy,NIE,782,3,2,"ul. Walońska, Wrocław",2012,miejskie,3500,do zamieszkania,45.45,2026-02-11
2026-02-08 08:55,Wrocław Stare-Miasto 2 pokojowe tuż przy Rynku,3100,https://www.otodom.pl/pl/oferta/wroclaw-stare-miasto-2-pokojowe-tuz-przy-rynku-ID4jlRn,NIE,800,0,2,Wrocław,1960,miejskie,4000,do zamieszkania,50,2026-02-11
2026-02-08 08:55,"Mieszkanie 2 pokojowe (50m2), wynajem, blisko Centrum",3400,https://www.otodom.pl/pl/oferta/mieszkanie-2-pokojowe-50m2-wynajem-blisko-centrum-ID4ucfW,NIE,742,7,2,"ul. Rychtalska, Wrocław",2020,miejskie,4000,do zamieszkania,50,2026-02-11
2026-02-08 08:55,2 pokoje/35m2/Wysoki standard/Nowe budownictwo,2399,https://www.otodom.pl/pl/oferta/2-pokoje-35m2-wysoki-standard-nowe-budownictwo-ID4A0f3,NIE,600,2,2,Wrocław,2024,miejskie,brak,do zamieszkania,35,2026-02-11
2026-02-08 08:55,Kawalerka bezp. od Właściciela 1800zl Nadodrz,2450,https://www.otodom.pl/pl/oferta/kawalerka-bezp-od-wlasciciela-1800zl-nadodrz-ID48zRl,NIE,2000,0,1,"ul. Kazimierza Jagiellończyka, Wrocław",1930,miejskie,2000,do zamieszkania,25,2026-02-11
2026-02-08 08:55,"Mieszkanie 70m2, 3 pokoje,  Poświętne-Kamieńskiego, winda, opcja garaż",3800,https://www.otodom.pl/pl/oferta/mieszkanie-70m2-3-pokoje-poswietne-kamienskiego-winda-opcja-garaz-ID4zRiD,NIE,630,4,3,"ul. Henryka Michała Kamieńskiego, Wrocław",2010,miejskie,5000,do zamieszkania,70,2026-02-11
2026-02-08 08:55,"3 pokoje po remoncie | Centrum Wrocławia | ul. Gwarna | 58,6 m²",4000,https://www.otodom.pl/pl/oferta/3-pokoje-po-remoncie-centrum-wroclawia-ul-gwarna-58-6-m-ID4A0cD,NIE,750,1,3,"ul. Gwarna, Wrocław",1985,miejskie,5000,do zamieszkania,58.6,2026-02-11
2026-02-08 08:56,"Mieszkanie dla seniorów (1 lub 2 osoby), wynajem długoterminowy",2900,https://www.otodom.pl/pl/oferta/mieszkanie-dla-seniorow-1-lub-2-osoby-wynajem-dlugoterminowy-ID4A0c5,NIE,620,5,2,Wrocław,2012,miejskie,2900,do zamieszkania,43.2,2026-02-11
2026-02-08 08:56,Angel City | 2 MP | Siłownia | Spa | Przy rzece,3999,https://www.otodom.pl/pl/oferta/angel-city-2-mp-silownia-spa-przy-rzece-ID4A0c4,NIE,1300,1,2,"ul. Walońska, Wrocław",2022,miejskie,6000,do zamieszkania,57,2026-02-11
2026-02-08 08:56,Do wynajęcia mieszkanie 2-pokojowe – Krzyki,2500,https://www.otodom.pl/pl/oferta/do-wynajecia-mieszkanie-2-pokojowe-krzyki-ID4A09L,NIE,650,1,2,"ul. Gajowicka, Wrocław",brak,brak,4000,brak,40,2026-02-11
2026-02-08 08:56,2 pokoje z aneksem/40m2/balkon/ciepłe/blisko do centrum/ul. Spiżowa,2400,https://www.otodom.pl/pl/oferta/2-pokoje-z-aneksem-40m2-balkon-cieple-blisko-do-centrum-ul-spizowa-ID4zh0M,NIE,800,1,2,"ul. Spiżowa, Wrocław",brak,miejskie,3600,do zamieszkania,40.5,2026-02-11
2026-02-08 08:57,2 Pokoje na Przedmieściu Oławskim | Osobny Garaż,2800,https://www.otodom.pl/pl/oferta/2-pokoje-na-przedmiesciu-olawskim-osobny-garaz-ID4zPVd,NIE,0,3,2,"ul. Szybka, Wrocław",brak,miejskie,brak,do zamieszkania,44,2026-02-11
2026-02-08 08:57,Cicha i przytulna Kawalerka Nowe Osiedle,2000,https://www.otodom.pl/pl/oferta/cicha-i-przytulna-kawalerka-nowe-osiedle-ID4mVqp,NIE,350,2,1,"ul. Perkusyjna, Wrocław",2012,gazowe,2000,do zamieszkania,27,2026-02-11
2026-02-08 08:57,"Do wynajęcia jasna kawalerka na Jagodnie, ul. Drabika",2099,https://www.otodom.pl/pl/oferta/do-wynajecia-jasna-kawalerka-na-jagodnie-ul-drabika-ID4zz2l,NIE,500,3,1,Wrocław,brak,miejskie,2600,brak,25,2026-02-11
2026-02-08 08:57,"Nowe 2-pokojowe mieszkanie 45 m² — Wrocław, Popowice",3300,https://www.otodom.pl/pl/oferta/nowe-2-pokojowe-mieszkanie-45-m-wroclaw-popowice-ID4zz1H,NIE,700,10,2,"ul. Białowieska, Wrocław",2024,miejskie,4000,do zamieszkania,45,2026-02-11
2026-02-08 08:57,Ołtaszyn- przestronne mieszkanie do wynajęcia,3500,https://www.otodom.pl/pl/oferta/oltaszyn-przestronne-mieszkanie-do-wynajecia-ID4dkAk,NIE,850,2,3,"ul. Brylantowa, Wrocław",2015,gazowe,10000,do zamieszkania,68,2026-02-11
2026-02-08 08:58,Konfortowe 2-pokojowe mieszkanie do wynajęcia,3820,https://www.otodom.pl/pl/oferta/konfortowe-2-pokojowe-mieszkanie-do-wynajecia-ID4A06O,NIE,820,3,2,Wrocław,2022,miejskie,3820,do zamieszkania,45,2026-02-11
2026-02-08 08:58,Przestronne 3 pok.70 m² |Antresola |Garaż w cenie!,3250,https://www.otodom.pl/pl/oferta/przestronne-3-pok-70-m-antresola-garaz-w-cenie-ID4A06P,NIE,914,2,3,"ul. Ołtaszyńska, Wrocław",2008,miejskie,4000,do zamieszkania,70,2026-02-11
2026-02-08 08:58,nowy apartament os. Małe Wilczyce Wrocław,5500,https://www.otodom.pl/pl/oferta/nowy-apartament-os-male-wilczyce-wroclaw-ID4k1Rn,NIE,900,1,5,Wrocław,2023,gazowe,5500,do zamieszkania,104,2026-02-11
2026-02-08 08:58,2 Pokoje/Planty Racławickie/wysoki standard,2900,https://www.otodom.pl/pl/oferta/2-pokoje-planty-raclawickie-wysoki-standard-ID4A05F,NIE,600,1,2,"Wichrowa, Wrocław",2022,miejskie,3500,brak,45,2026-02-11
2026-02-08 08:58,3-POKOJOWY KLIMATYZOWANY APARTAMENT W PRESTIŻOWEJ INWESTYCJI QUORUM,4300,https://www.otodom.pl/pl/oferta/3-pokojowy-klimatyzowany-apartament-w-prestizowej-inwestycji-quorum-ID4A05y,NIE,1000,4,3,"ul. gen. Władysława Sikorskiego, Wrocław",2024,miejskie,brak,do zamieszkania,60,2026-02-11
2026-02-08 08:58,Nowoczesne studio na Pilczycach,2200,https://www.otodom.pl/pl/oferta/nowoczesne-studio-na-pilczycach-ID4A059,NIE,380,6,1,"ul. Lotnicza, Wrocław",1981,miejskie,2800,do zamieszkania,22,2026-02-11
2026-02-08 08:59,Exclusive Apartment in Villa,22000,https://www.otodom.pl/pl/oferta/exclusive-apartment-in-villa-ID4vBvY,NIE,0,0,5,"ul. Kazimierza Bartla, Wrocław",2022,miejskie,0,do zamieszkania,125,2026-02-11
2026-02-08 08:59,Mieszkanie Z Antresolą - Strachowice - Lotnisko,2200,https://www.otodom.pl/pl/oferta/mieszkanie-z-antresola-strachowice-lotnisko-ID4yvvE,NIE,800,2,1,"ul. Władysława Zarembowicza, Wrocław",2022,brak,3000,brak,32,2026-02-11
2026-02-08 08:59,Mieszkanie 2-pok I Centrum I  ul. Braniborska,2900,https://www.otodom.pl/pl/oferta/mieszkanie-2-pok-i-centrum-i-ul-braniborska-ID4zCN6,NIE,800,1,2,"ul. Braniborska, Wrocław",brak,brak,4300,brak,35,2026-02-11
2026-02-08 08:59,"Nowowiejska, bezpośrednio, ogrzew. miejskie, od zaraz, osobna kuchnia",2100,https://www.otodom.pl/pl/oferta/nowowiejska-bezposrednio-ogrzew-miejskie-od-zaraz-osobna-kuchnia-ID4n3Ll,NIE,801,3,1,"ul. Nowowiejska, Wrocław",brak,miejskie,2000,do zamieszkania,32,2026-02-11
2026-02-08 09:00,Przestronne 3 pok| PetsFriendly | Bez prowizji | Promenady Wrocławskie,3290,https://www.otodom.pl/pl/oferta/przestronne-3-pok-petsfriendly-bez-prowizji-promenady-wroclawskie-ID4zV7r,NIE,820,1,3,"ul. Zakładowa, Wrocław",2020,miejskie,brak,do zamieszkania,51.61,2026-02-11
2026-02-08 09:00,"Stylowe 60m2 przy Rynku, balkon, 2 pokoje i kuchnia, wolne od zaraz",3200,https://www.otodom.pl/pl/oferta/stylowe-60m2-przy-rynku-balkon-2-pokoje-i-kuchnia-wolne-od-zaraz-ID4z6Qk,NIE,600,1,2,"ul. Szybka, Wrocław",2014,miejskie,5000,do zamieszkania,60,2026-02-11
2026-02-08 09:00,2 pokoje | PetsFriendly | Balkon | Przy Odrze | Kleczków | Od zaraz!,2690,https://www.otodom.pl/pl/oferta/2-pokoje-petsfriendly-balkon-przy-odrze-kleczkow-od-zaraz-ID4zZZY,NIE,700,6,1,"ul. Zakładowa, Wrocław",brak,miejskie,brak,do zamieszkania,38.96,2026-02-11
2026-02-08 09:01,2 pokoje - balkon/klima/internet/garaż -ZWYCIĘSKA 3- BEZ PROWIZJI!,2900,https://www.otodom.pl/pl/oferta/2-pokoje-balkon-klima-internet-garaz-zwycieska-3-bez-prowizji-ID4zSui,NIE,845,3,2,"ul. Zwycięska, Wrocław",2024,brak,4545,do zamieszkania,39,2026-02-11
2026-02-08 09:01,Mieszkanie dwupokojowe - klima/balkon/garaż - Zwycięska 3 BEZ PROWIZJI,2900,https://www.otodom.pl/pl/oferta/mieszkanie-dwupokojowe-klima-balkon-garaz-zwycieska-3-bez-prowizji-ID4zT8L,NIE,945,4,2,"ul. Zwycięska, Wrocław",2024,brak,4545,do zamieszkania,38,2026-02-11
2026-02-08 09:01,Studio obok Galerii Dominikańskiej - budynek OVO,2250,https://www.otodom.pl/pl/oferta/studio-obok-galerii-dominikanskiej-budynek-ovo-ID4zTfo,NIE,750,4,1,"ul. Podwale, Wrocław",brak,brak,3500,do zamieszkania,27,2026-02-11
2026-02-08 09:01,MAGNOLIA - ul. Legnicka 60c - kawalerka 16 m2,2120,https://www.otodom.pl/pl/oferta/magnolia-ul-legnicka-60c-kawalerka-16-m2-ID4zVUM,NIE,630,2,1,"ul. Legnicka, Wrocław",2022,miejskie,3250,do zamieszkania,16.3,2026-02-11
2026-02-08 09:01,Magnolia - kawalerka - PETS FRIENDLY,2280,https://www.otodom.pl/pl/oferta/magnolia-kawalerka-pets-friendly-ID4zVVd,NIE,580,2,1,"ul. Legnicka, Wrocław",2023,miejskie,3360,do zamieszkania,18,2026-02-11
2026-02-08 09:01,BLISKO CENTRUM! Nowoczesne 2-pokojowe mieszkanie - ul. Na Grobli,2900,https://www.otodom.pl/pl/oferta/blisko-centrum-nowoczesne-2-pokojowe-mieszkanie-ul-na-grobli-ID4zY9h,NIE,900,1,2,"ul. Na Grobli, Wrocław",brak,miejskie,4550,brak,45,2026-02-11
2026-02-08 09:01,BLISKO CENTRUM - kawalerka przy ul. Na Grobli,2175,https://www.otodom.pl/pl/oferta/blisko-centrum-kawalerka-przy-ul-na-grobli-ID4zY9z,NIE,770,1,1,"ul. Na Grobli, Wrocław",brak,miejskie,3445,do zamieszkania,25,2026-02-11
2026-02-08 09:02,2 pokoje - balkon/klima/internet/garaż -ZWYCIĘSKA 3- BEZ PROWIZJI!,3100,https://www.otodom.pl/pl/oferta/2-pokoje-balkon-klima-internet-garaz-zwycieska-3-bez-prowizji-ID4zYxF,NIE,930,1,2,"ul. Zwycięska, Wrocław",2024,brak,4780,do zamieszkania,48,2026-02-11
2026-02-08 09:02,Apartament 3-pokojowy na Kępie Mieszczańskiej| PetFriendly| od 16.02,4000,https://www.otodom.pl/pl/oferta/apartament-3-pokojowy-na-kepie-mieszczanskiej-petfriendly-od-16-02-ID4zOqv,NIE,814,5,3,"ul. Romana Dmowskiego, Wrocław",2019,miejskie,brak,do zamieszkania,55,2026-02-11
2026-02-08 09:02,"Do wynajęcia | 58 m² | 3 pok. | Ołtaszyn, ul. Łubinowa | klimatyzacja",3500,https://www.otodom.pl/pl/oferta/do-wynajecia-58-m-3-pok-oltaszyn-ul-lubinowa-klimatyzacja-ID4zZYn,NIE,550,2,3,"ul. Łubinowa, Wrocław",2008,miejskie,brak,do zamieszkania,58,2026-02-11
2026-02-08 09:02,Nowoczesne 3-pokojowe mieszkanie | 52 m²,4200,https://www.otodom.pl/pl/oferta/nowoczesne-3-pokojowe-mieszkanie-52-m-ID4vcw5,NIE,850,3,3,"ul. Jedności Narodowej, Wrocław",2023,miejskie,5000,do zamieszkania,52,2026-02-11
2026-02-08 09:02,"3-pok. mieszkanie po g.remoncie – Wrocław, Księże Małe, ul. Katowicka",2600,https://www.otodom.pl/pl/oferta/3-pok-mieszkanie-po-g-remoncie-wroclaw-ksieze-male-ul-katowicka-ID4zZX7,NIE,802,1,3,"ul. Katowicka, Wrocław",1940,miejskie,2600,do zamieszkania,47.63,2026-02-11
2026-02-08 09:03,"Ciche przy Legnickiej osobna kuchnia 2 pokojowe, obok CH Magnolia",2800,https://www.otodom.pl/pl/oferta/ciche-przy-legnickiej-osobna-kuchnia-2-pokojowe-obok-ch-magnolia-ID4zNzp,NIE,850,6,2,"ul. Legnicka, Wrocław",2020,miejskie,brak,do zamieszkania,53,2026-02-11
2026-02-08 09:03,"Hłaski - cicha okolica, balkon",2200,https://www.otodom.pl/pl/oferta/hlaski-cicha-okolica-balkon-ID4zZX4,NIE,0,3,1,"ul. Marka Hłaski, Wrocław",2005,miejskie,brak,do zamieszkania,32,2026-02-11
2026-02-08 09:03,"~ Studio wysoki standard w top lokalizacji – WiFi, Ochrona, Komfort!",2000,https://www.otodom.pl/pl/oferta/studio-wysoki-standard-w-top-lokalizacji-wifi-ochrona-komfort-ID4zS21,NIE,220,5,1,"ul. gen. Romualda Traugutta, Wrocław",2022,electrical,brak,do zamieszkania,16,2026-02-11
2026-02-08 09:03,No commission | 1-bedroom with dressing room,3500,https://www.otodom.pl/pl/oferta/no-commission-1-bedroom-with-dressing-room-ID4yLEO,NIE,1300,6,2,Wrocław,2024,miejskie,4800,do zamieszkania,51.55,2026-02-11
2026-02-08 09:03,Komfortowe 3-pokoje z balkonem! | Szczepin,3580,https://www.otodom.pl/pl/oferta/komfortowe-3-pokoje-z-balkonem-szczepin-ID4yLFR,NIE,1420,3,3,Wrocław,2024,miejskie,5000,do zamieszkania,56.85,2026-02-11
2026-02-08 09:04,kawalera z osobną kuchnią,3000,https://www.otodom.pl/pl/oferta/kawalera-z-osobna-kuchnia-ID4zZVK,NIE,700,0,1,Wrocław,2000,kotłownia,3000,do zamieszkania,45,2026-02-11
2026-02-08 09:04,34m2 | apartam| balkon | niski czynsz | klima,2400,https://www.otodom.pl/pl/oferta/34m2-apartam-balkon-niski-czynsz-klima-ID4zZV7,NIE,500,5,1,"ul. Brzoskwiniowa, Wrocław",2020,inne,3000,do zamieszkania,34,2026-02-11
2026-02-08 09:04,Ulica Magellana ! Pełen Rozkład ! Super Wyposażone Umeblowane Okazja !,2800,https://www.otodom.pl/pl/oferta/ulica-magellana-pelen-rozklad-super-wyposazone-umeblowane-okazja-ID4zZWF,NIE,0,2,2,"ul. Ferdynanda Magellana, Wrocław",brak,miejskie,brak,do zamieszkania,50,2026-02-11
2026-02-08 09:04,"Apartament w ścisłym CENTRUM miasta, PIERWSZY NAJEM, ul. Krawiecka",2300,https://www.otodom.pl/pl/oferta/apartament-w-scislym-centrum-miasta-pierwszy-najem-ul-krawiecka-ID4zZTu,NIE,750,4,1,"ul. Krawiecka, Wrocław",2014,miejskie,3000,do zamieszkania,35,2026-02-11
2026-02-08 09:04,"Pachnące nowością 2 pokoje z balkonem, ciche",2400,https://www.otodom.pl/pl/oferta/pachnace-nowoscia-2-pokoje-z-balkonem-ciche-ID4zZW9,NIE,750,3,2,"ul. Zatorska, Wrocław",2024,miejskie,3400,do zamieszkania,36.89,2026-02-11
2026-02-08 09:04,"3 pokoje+ antresola, oddzielna kuchnia, Ołtaszyn",3300,https://www.otodom.pl/pl/oferta/3-pokoje-antresola-oddzielna-kuchnia-oltaszyn-ID4mwEl,NIE,1300,3,3,"ul. Ołtaszyńska, Wrocław",2010,miejskie,5000,do zamieszkania,85,2026-02-11
2026-02-08 09:05,Wygodne 2 pokoje i oddzielna kuchnia.,2200,https://www.otodom.pl/pl/oferta/wygodne-2-pokoje-i-oddzielna-kuchnia-ID4p7yp,NIE,900,2,2,"ul. Kozia, Wrocław",brak,miejskie,3200,do zamieszkania,54.33,2026-02-11
2026-02-08 09:05,"Wygodna kawalerka, ul. Sołtysowicka/Koszarowa",1800,https://www.otodom.pl/pl/oferta/wygodna-kawalerka-ul-soltysowicka-koszarowa-ID4rOyV,NIE,700,3,1,Wrocław,2023,miejskie,2500,do zamieszkania,20,2026-02-11
2026-02-08 09:05,✅4pok✅2xParking✅Balkon✅Cisza✅Spokój✅2łazienki✅,5600,https://www.otodom.pl/pl/oferta/4pok2xparkingbalkonciszaspokoj2lazienki-ID4zZSZ,NIE,1490,1,4,"ul. Wiejska, Wrocław",2015,miejskie,6900,do zamieszkania,101,2026-02-11
2026-02-08 09:06,Kawalerka w Centrum 5 minut do Rynku !! BEZ PROWIZJI !! ul. Dobra,2400,https://www.otodom.pl/pl/oferta/kawalerka-w-centrum-5-minut-do-rynku-bez-prowizji-ul-dobra-ID4zZZ1,NIE,500,2,1,"ul. Dobra, Wrocław",brak,gazowe,3300,brak,25,2026-02-11
2026-02-08 09:07,"Popowice,  2 pokoje z osobną kuchnią i balkonem",2500,https://www.otodom.pl/pl/oferta/popowice-2-pokoje-z-osobna-kuchnia-i-balkonem-ID4zPFp,NIE,860,0,2,"ul. Popowicka, Wrocław",1976,miejskie,brak,do zamieszkania,42,2026-02-11
2026-02-08 09:07,Semaforowa - 2 pokoje z balkonem i m. postojowym,2500,https://www.otodom.pl/pl/oferta/semaforowa-2-pokoje-z-balkonem-i-m-postojowym-ID4zSrZ,NIE,770,2,2,"ul. Semaforowa, Wrocław",2014,miejskie,2500,do zamieszkania,52.4,2026-02-11
2026-02-08 09:07,3 pok I klimatyzacja I piwnica I balkony I ul. Przyjaźni I krzyki,3400,https://www.otodom.pl/pl/oferta/3-pok-i-klimatyzacja-i-piwnica-i-balkony-i-ul-przyjazni-i-krzyki-ID4zGRv,NIE,950,3,3,"ul. Przyjaźni, Wrocław",1970,miejskie,6500,do zamieszkania,73,2026-02-11
2026-02-08 09:08,Krzyki ul.Boczna - rozkładowe 2 pokoje z balkonem,2800,https://www.otodom.pl/pl/oferta/krzyki-ul-boczna-rozkladowe-2-pokoje-z-balkonem-ID4zVcA,NIE,700,2,2,"ul. Boczna, Wrocław",brak,gazowe,2800,do zamieszkania,55.4,2026-02-11
2026-02-08 09:08,Ołbin Św. Wincentego - 2 pokoje w Kamienicy,2500,https://www.otodom.pl/pl/oferta/olbin-sw-wincentego-2-pokoje-w-kamienicy-ID4zXEL,NIE,620,3,2,"ul. św. Wincentego, Wrocław",1900,gazowe,2500,do zamieszkania,54,2026-02-11
2026-02-08 09:08,Jagodno - 2 pokoje z oddzielna kuchnią i balkonem,2650,https://www.otodom.pl/pl/oferta/jagodno-2-pokoje-z-oddzielna-kuchnia-i-balkonem-ID4zZOZ,NIE,600,3,2,"ul. Igora Strawińskiego, Wrocław",2014,miejskie,2650,do zamieszkania,42.86,2026-02-11
2026-02-08 09:08,3-pokojowe - Dostępne od zaraz - Pets Friendly - Bez prowizji,3600,https://www.otodom.pl/pl/oferta/3-pokojowe-dostepne-od-zaraz-pets-friendly-bez-prowizji-ID4zZOo,NIE,400,1,2,"ul. Eugeniusza Horbaczewskiego, Wrocław",2024,miejskie,brak,brak,36.5,2026-02-12
2026-02-08 09:08,"Blisko Rynku, wysoki standard, 2 pokoje, garaż - Księcia Witolda",3500,https://www.otodom.pl/pl/oferta/blisko-rynku-wysoki-standard-2-pokoje-garaz-ksiecia-witolda-ID4zEu5,NIE,950,3,2,"ul. Księcia Witolda, Wrocław",2021,miejskie,7200,do zamieszkania,36,2026-02-12
2026-02-08 09:09,Wyjątkowy Luksusowy 2-pokojowy apartament 55m2 w Rezydencji Piasek,4000,https://www.otodom.pl/pl/oferta/wyjatkowy-luksusowy-2-pokojowy-apartament-55m2-w-rezydencji-piasek-ID4zk7Y,NIE,950,1,2,"ul. Staromłyńska, Wrocław",2021,miejskie,5000,do zamieszkania,55,2026-02-12
2026-02-08 09:09,PL/UA Rozkładowe Mieszkanie 70 m | Pets Friendly | Garderoba | Garaż,3350,https://www.otodom.pl/pl/oferta/pl-ua-rozkladowe-mieszkanie-70-m-pets-friendly-garderoba-garaz-ID4zZNQ,NIE,1053,2,3,"ul. gen. Kazimierza Pułaskiego, Wrocław",brak,miejskie,3350,do zamieszkania,70,2026-02-12
2026-02-08 09:09,"Jana Pawła II, PIERWSZY NAJEM, 40 m2, 2 pokoje, klima, garaż, LOFT!",3800,https://www.otodom.pl/pl/oferta/jana-pawla-ii-pierwszy-najem-40-m2-2-pokoje-klima-garaz-loft-ID4zJgB,NIE,800,2,2,"pl. Jana Pawła II, Wrocław",2025,miejskie,4600,do zamieszkania,40,2026-02-12
2026-02-08 09:09,"2 pokoje z osobną kuchnią - ul. Bajana, 50m2",2600,https://www.otodom.pl/pl/oferta/2-pokoje-z-osobna-kuchnia-ul-bajana-50m2-ID4zZL5,NIE,850,3,2,"ul. Jerzego Bajana, Wrocław",2014,miejskie,brak,do zamieszkania,49.6,2026-02-12
2026-02-08 09:09,"Olimpia Port/  Vespucciego/ 3 pokoje, balkon, garaż, zieleń",3600,https://www.otodom.pl/pl/oferta/olimpia-port-vespucciego-3-pokoje-balkon-garaz-zielen-ID4zGo7,NIE,800,3,3,Wrocław,brak,miejskie,3600,do zamieszkania,54.86,2026-02-12
2026-02-08 09:10,"Mieszkanie na wynajem, Wrocław, 1 pokój",2400,https://www.otodom.pl/pl/oferta/mieszkanie-na-wynajem-wroclaw-1-pokoj-ID4zZKu,NIE,0,3,1,Wrocław,2020,inne,brak,do zamieszkania,31,2026-02-12
2026-02-08 09:10,3-pokojowe - Dostępne od zaraz - Pets Friendly - Bez prowizji,3600,https://www.otodom.pl/pl/oferta/3-pokojowe-dostepne-od-zaraz-pets-friendly-bez-prowizji-ID4zR87,NIE,540,4,3,"ul. Eugeniusza Horbaczewskiego, Wrocław",brak,miejskie,brak,do zamieszkania,49,2026-02-12
2026-02-08 09:11,Nowoczesny apartament w centrum ul.Księcia Witolda,2790,https://www.otodom.pl/pl/oferta/nowoczesny-apartament-w-centrum-ul-ksiecia-witolda-ID4zRWQ,NIE,690,3,1,"ul. Księcia Witolda, Wrocław",2021,miejskie,3500,do zamieszkania,34,2026-02-12
2026-02-08 09:11,"Karłowice,3pokoje+kuchnia,dwustronne,67m2,balkon,klima,2007,AGD+meble!",2900,https://www.otodom.pl/pl/oferta/karlowice-3pokoje-kuchnia-dwustronne-67m2-balkon-klima-2007-agd-meble-ID4zZIO,NIE,1100,2,3,"ul. Ignacego Chrzanowskiego, Wrocław",2007,miejskie,3000,do zamieszkania,67.01,2026-02-12
2026-02-08 09:11,Apartament Justin Center / 2 pokoje/ m. postojowe w garażu podziemnym,2700,https://www.otodom.pl/pl/oferta/apartament-justin-center-2-pokoje-m-postojowe-w-garazu-podziemnym-ID4zZID,NIE,1465,5,2,"ul. Krawiecka, Wrocław",2009,miejskie,4500,do zamieszkania,61.1,2026-02-12
2026-02-08 09:11,Jasne | Rozkładowe | Loggia | Osobna kuchnia,2799,https://www.otodom.pl/pl/oferta/jasne-rozkladowe-loggia-osobna-kuchnia-ID4zZHp,NIE,800,10,3,"ul. Inowrocławska, Wrocław",brak,brak,3000,brak,46,2026-02-12
2026-02-08 09:11,Dwupoziomowe | Garaż | Klimatyzacja | Duży taras,4999,https://www.otodom.pl/pl/oferta/dwupoziomowe-garaz-klimatyzacja-duzy-taras-ID4zZHk,NIE,2200,2,5,"ul. Motylkowa, Wrocław",2010,brak,12000,do zamieszkania,124.5,2026-02-12
2026-02-08 09:11,Kępa Mieszczańska-Garaż-Balkon,3200,https://www.otodom.pl/pl/oferta/kepa-mieszczanska-garaz-balkon-ID4zZHn,NIE,400,5,2,"wyspa Kępa Mieszczańska, Wrocław",brak,miejskie,4000,do zamieszkania,40,2026-02-12
2026-02-08 09:12,Jasne |Przytulne | Otwarta przestrzeń,1999,https://www.otodom.pl/pl/oferta/jasne-przytulne-otwarta-przestrzen-ID4zZHi,NIE,500,2,1,"ul. Wilkszyńska, Wrocław",brak,brak,2000,brak,60,2026-02-12
2026-02-08 09:12,Przestronne i jasne | 3 pokoje | Plac Grunwaldzki,3490,https://www.otodom.pl/pl/oferta/przestronne-i-jasne-3-pokoje-plac-grunwaldzki-ID4zZHl,NIE,800,3,3,"ul. Mikołaja Sępa-Szarzyńskiego, Wrocław",brak,miejskie,3500,brak,70,2026-02-12
2026-02-08 09:12,Luksusowy loft w sercu Wrocławia – 3 pokoje | 65m²,5499,https://www.otodom.pl/pl/oferta/luksusowy-loft-w-sercu-wroclawia-3-pokoje-65m-ID4zZHm,NIE,1000,2,3,"pl. Jana Pawła II, Wrocław",2019,brak,15000,brak,65,2026-02-12
2026-02-08 09:12,Bez prowizji! 2-pokojowe mieszkanie z garderobą,3500,https://www.otodom.pl/pl/oferta/bez-prowizji-2-pokojowe-mieszkanie-z-garderoba-ID4yLF1,NIE,1300,2,2,Wrocław,2024,miejskie,4800,do zamieszkania,51.55,2026-02-12
2026-02-08 09:13,Bez prowizji! Przestronne 3 pokoje tuż nad Odrą,3620,https://www.otodom.pl/pl/oferta/bez-prowizji-przestronne-3-pokoje-tuz-nad-odra-ID4yLD9,NIE,1380,1,3,Wrocław,2024,miejskie,5000,do zamieszkania,55.3,2026-02-12
2026-02-08 09:13,"Przy rynku, balkon, klimatyzacja,47,70m2",2800,https://www.otodom.pl/pl/oferta/przy-rynku-balkon-klimatyzacja-47-70m2-ID4zZF9,NIE,1600,5,1,"ul. Oławska, Wrocław",brak,brak,brak,do zamieszkania,47.7,2026-02-12
2026-02-08 09:13,kawalerka 18 m2 | MAGNOLIA | ul. Legnicka 60c,2280,https://www.otodom.pl/pl/oferta/kawalerka-18-m2-magnolia-ul-legnicka-60c-ID4zN0U,NIE,650,4,1,"ul. Legnicka, Wrocław",2022,miejskie,3430,do zamieszkania,18.7,2026-02-12
2026-02-08 09:13,2 Pokoje | Bez Prowizji | Pets Friendly | Grabiszyńska,2590,https://www.otodom.pl/pl/oferta/2-pokoje-bez-prowizji-pets-friendly-grabiszynska-ID4zVy8,NIE,700,6,2,"ul. Grabiszyńska, Wrocław",2025,miejskie,brak,brak,34,2026-02-12
2026-02-08 09:14,Komfortowe 3 pokoje z balkonem i klimatyzacją,3200,https://www.otodom.pl/pl/oferta/komfortowe-3-pokoje-z-balkonem-i-klimatyzacja-ID4zxof,NIE,560,1,3,"ul. Lekcyjna, Wrocław",2010,gazowe,3200,do zamieszkania,64.23,2026-02-12
2026-02-08 09:14,Kawalerka | Ogród | Parking | Winda | Borowska,1950,https://www.otodom.pl/pl/oferta/kawalerka-ogrod-parking-winda-borowska-ID4zMzD,NIE,820,0,1,"ul. gen. Stefana Grota-Roweckiego, Wrocław",2019,miejskie,2900,brak,31,2026-02-12
2026-02-08 09:14,Mieszkanie 3 pokojowe 70 m2 z ogrodem| Grabiszyn,4000,https://www.otodom.pl/pl/oferta/mieszkanie-3-pokojowe-70-m2-z-ogrodem-grabiszyn-ID4zZyl,NIE,0,0,3,"ul. Blacharska, Wrocław",2010,miejskie,8000,brak,69,2026-02-12
2026-02-08 09:14,"Duża kawalerka – centrum miasta, tuż przy rzece",2500,https://www.otodom.pl/pl/oferta/duza-kawalerka-centrum-miasta-tuz-przy-rzece-ID4zZyk,NIE,545,3,1,Wrocław,brak,miejskie,4000,brak,30,2026-02-12
2026-02-08 09:15,~Przestronna kawalerka premium w sercu miasta/ Cowork&Wifi included,2850,https://www.otodom.pl/pl/oferta/przestronna-kawalerka-premium-w-sercu-miasta-cowork-wifi-included-ID4zZkb,NIE,220,4,1,"ul. gen. Romualda Traugutta, Wrocław",2022,electrical,brak,do zamieszkania,28.79,2026-02-12
2026-02-08 09:15,"Mieszkanie, 58 m², Wrocław",3200,https://www.otodom.pl/pl/oferta/mieszkanie-58-m-wroclaw-ID4zZxL,NIE,685,1,3,"ul. Henryka Michała Kamieńskiego, Wrocław",brak,miejskie,4000,do zamieszkania,58,2026-02-12
2026-02-08 09:15,Nowoczesne trzypokojowe mieszkanie - OLIMPIA PORT!,6000,https://www.otodom.pl/pl/oferta/nowoczesne-trzypokojowe-mieszkanie-olimpia-port-ID4zZxt,NIE,756,0,3,"ul. Ferdynanda Magellana, Wrocław",2018,miejskie,10000,do zamieszkania,85.55,2026-02-12
2026-02-08 09:15,Nowe mieszkanie 2 pok. 45m² | Port Popowice,3100,https://www.otodom.pl/pl/oferta/nowe-mieszkanie-2-pok-45m-port-popowice-ID4zNdW,NIE,670,1,2,"ul. Białowieska, Wrocław",2025,miejskie,3350,do zamieszkania,45.07,2026-02-12
2026-02-08 09:15,Wrocław Nowy Apartament mieszkanie FV Parking,2499,https://www.otodom.pl/pl/oferta/wroclaw-nowy-apartament-mieszkanie-fv-parking-ID4rOre,NIE,620,3,1,Wrocław,2024,miejskie,3000,do zamieszkania,21,2026-02-12
2026-02-08 09:16,"nowoczesne 3 pokojowe mieszkanie, duży ogród, garaż",5100,https://www.otodom.pl/pl/oferta/nowoczesne-3-pokojowe-mieszkanie-duzy-ogrod-garaz-ID4zZvM,NIE,5100,0,3,"ul. Kawalerzystów, Wrocław",2009,miejskie,5500,do zamieszkania,71,2026-02-12
2026-02-08 09:16,Mieszkanie po remoncie w pełni umeblowane Sycowska,2800,https://www.otodom.pl/pl/oferta/mieszkanie-po-remoncie-w-pelni-umeblowane-sycowska-ID4zyIB,NIE,650,1,2,Wrocław,1980,brak,0,brak,46.8,2026-02-12
2026-02-08 09:16,2-pok | Borek | Al. Wiśniowa | od marca,2699,https://www.otodom.pl/pl/oferta/2-pok-borek-al-wisniowa-od-marca-ID4zZve,NIE,820,4,2,Wrocław,2015,miejskie,4000,do zamieszkania,41,2026-02-12
2026-02-08 09:17,Kawalerka | Pets Friendly | Bezpośrednio | Od zaraz,2200,https://www.otodom.pl/pl/oferta/kawalerka-pets-friendly-bezposrednio-od-zaraz-ID4zMRx,NIE,790,0,1,Wrocław,brak,miejskie,brak,do zamieszkania,31.44,2026-02-12
2026-02-08 09:17,2-pok. z balkonem | Garaż | ul. Vespucciego,2500,https://www.otodom.pl/pl/oferta/2-pok-z-balkonem-garaz-ul-vespucciego-ID4zZux,NIE,665,3,2,Wrocław,2023,miejskie,4000,do zamieszkania,42,2026-02-12
2026-02-08 09:17,okolice Legnickiej/ 3 pokoje/ balkon/od zaraz,2500,https://www.otodom.pl/pl/oferta/okolice-legnickiej-3-pokoje-balkon-od-zaraz-ID4zQ9r,NIE,690,4,3,"ul. Niedźwiedzia, Wrocław",1975,gazowe,brak,to_renovation,50,2026-02-12
2026-02-08 09:18,River Point | centrum | piękne i komfortowe 3 pokoje | od zaraz.,3699,https://www.otodom.pl/pl/oferta/river-point-centrum-piekne-i-komfortowe-3-pokoje-od-zaraz-ID4zbo9,NIE,990,3,3,"ul. Mieszczańska, Wrocław",2024,miejskie,brak,do zamieszkania,53,2026-02-12
2026-02-08 09:18,Wynajmę mieszkanie Bulwar Pl Jana Pawła,3680,https://www.otodom.pl/pl/oferta/wynajme-mieszkanie-bulwar-pl-jana-pawla-ID4w9Xp,NIE,620,1,2,"Bulwar Staromiejski, Wrocław",brak,miejskie,brak,do zamieszkania,45,2026-02-12
2026-02-08 09:18,Mieszkanie na Zatorskiej po Generalnym remoncie,3000,https://www.otodom.pl/pl/oferta/mieszkanie-na-zatorskiej-po-generalnym-remoncie-ID4tl8K,NIE,730,2,2,"ul. Zatorska, Wrocław",2014,miejskie,5000,do zamieszkania,53,2026-02-12
2026-02-08 09:18,"Jasna kawalerka z windą, 34 m² – przy Sky Tower",2150,https://www.otodom.pl/pl/oferta/jasna-kawalerka-z-winda-34-m-przy-sky-tower-ID4zTWQ,NIE,600,9,1,"ul. Drukarska, Wrocław",brak,brak,3000,brak,34,2026-02-12
2026-02-08 09:19,Apartament na Zwycięskiej,4590,https://www.otodom.pl/pl/oferta/apartament-na-zwycieskiej-ID4zTSV,NIE,0,2,3,"Zwycięska Ołtaszyn, Wrocław",2010,miejskie,5000,brak,76,2026-02-12
2026-02-08 09:19,Atal Towers,4000,https://www.otodom.pl/pl/oferta/atal-towers-ID4zTSR,NIE,0,10,2,"ul. gen. Władysława Sikorskiego, Wrocław",2019,miejskie,5000,do zamieszkania,48,2026-02-12
2026-02-08 09:19,"przestronne mieszkanie z balkonem, piękna okolica",4200,https://www.otodom.pl/pl/oferta/przestronne-mieszkanie-z-balkonem-piekna-okolica-ID4zTRI,NIE,2200,1,3,"al. Lipowa, Wrocław",brak,brak,9400,brak,105,2026-02-12
2026-02-08 09:19,Apartament 3-pokojowy w centrum Wrocławia | Przy Placu Jana Pawła,4000,https://www.otodom.pl/pl/oferta/apartament-3-pokojowy-w-centrum-wroclawia-przy-placu-jana-pawla-ID4zTPC,NIE,1000,4,3,"ul. Legnicka, Wrocław",2012,miejskie,5000,brak,64,2026-02-12
2026-02-08 09:19,Mieszkanie 4-pok | Taras | Garaż | T. Kutrzeby,4200,https://www.otodom.pl/pl/oferta/mieszkanie-4-pok-taras-garaz-t-kutrzeby-ID4zdck,NIE,1300,0,4,"ul. gen. Tadeusza Kutrzeby, Wrocław",2000,miejskie,5750,do zamieszkania,85,2026-02-12
2026-02-08 09:20,2-pokojowe mieszkanie | KURKOWA 14 | 0 % prowizji,3100,https://www.otodom.pl/pl/oferta/2-pokojowe-mieszkanie-kurkowa-14-0-prowizji-ID4zTLo,NIE,1015,5,2,"ul. Kurkowa, Wrocław",2015,brak,5000,do zamieszkania,46,2026-02-12
2026-02-08 09:20,Szczepin /blisko Komunikacji/ Miejsce postojowe,3000,https://www.otodom.pl/pl/oferta/szczepin-blisko-komunikacji-miejsce-postojowe-ID4zTMx,NIE,600,3,2,"ul. Długa, Wrocław",2022,miejskie,0,do zamieszkania,38,2026-02-12
2026-02-08 09:20,"2 pokoje, 56,39m2, dwustronne z balkonem, Grabiszyn, ul. Grabiszyńska",3000,https://www.otodom.pl/pl/oferta/2-pokoje-56-39m2-dwustronne-z-balkonem-grabiszyn-ul-grabiszynska-ID4zvGh,NIE,930,4,2,"ul. Kolejowa, Wrocław",brak,miejskie,3000,do zamieszkania,56.39,2026-02-12
2026-02-08 09:20,Mieszkanie 3-pok | 55 m2 | Rozkład | Legnicka,3000,https://www.otodom.pl/pl/oferta/mieszkanie-3-pok-55-m2-rozklad-legnicka-ID4zd4o,NIE,1000,1,3,"ul. Legnicka, Wrocław",1980,miejskie,4000,brak,55,2026-02-12
2026-02-08 09:20,Taras 25 m² | Klimatyzacja | Garaż | Od zaraz | Braniborska,3500,https://www.otodom.pl/pl/oferta/taras-25-m-klimatyzacja-garaz-od-zaraz-braniborska-ID4zTHt,NIE,450,4,2,"ul. Braniborska, Wrocław",2023,miejskie,5000,do zamieszkania,50,2026-02-12
2026-02-08 09:21,"2 pok.,Corte Verona, Grabiszyn ul. Grabiszyńska | taras | klima| garaż",3000,https://www.otodom.pl/pl/oferta/2-pok-corte-verona-grabiszyn-ul-grabiszynska-taras-klima-garaz-ID4zTwX,NIE,940,5,2,"ul. Inżynierska, Wrocław",2010,miejskie,3000,do zamieszkania,46.86,2026-02-12
2026-02-08 09:21,"Mieszkanie, 52 m², Wrocław",2300,https://www.otodom.pl/pl/oferta/mieszkanie-52-m-wroclaw-ID4zT5k,NIE,1100,1,2,"ul. Paniowicka, Wrocław",2007,miejskie,4000,do zamieszkania,52,2026-02-12
2026-02-08 09:21,Krzyki - 2 pokojowe do wynajęcia od 1.03.2026,1800,https://www.otodom.pl/pl/oferta/krzyki-2-pokojowe-do-wynajecia-od-1-03-2026-ID4xISs,NIE,500,0,2,"ul. Lwowska, Wrocław",brak,brak,2000,do zamieszkania,43,2026-02-12
2026-02-08 09:22,Mieszkanie  do wynajęcia od zaraz WYSOKI STANDARD- Poświętne,3200,https://www.otodom.pl/pl/oferta/mieszkanie-do-wynajecia-od-zaraz-wysoki-standard-poswietne-ID4zJVV,NIE,700,1,2,"ul. Adama Jerzego Czartoryskiego, Wrocław",2024,brak,4400,brak,50,2026-02-12
2026-02-08 09:22,Nowe 2 pokoje - Legnicka 33 - wys. standard GARAŻ,3000,https://www.otodom.pl/pl/oferta/nowe-2-pokoje-legnicka-33-wys-standard-garaz-ID4j5iq,NIE,500,9,2,Wrocław,2021,miejskie,3000,do zamieszkania,35,2026-02-12
2026-02-08 09:22,Grabiszyńska / Zaporoska - wolne od 1 marca,2000,https://www.otodom.pl/pl/oferta/grabiszynska-zaporoska-wolne-od-1-marca-ID4zZpo,NIE,0,1,2,"Grabiszyńska / Zaporoska - wolne od 1 marca, Wrocław",1980,brak,2800,brak,34,2026-02-12
2026-02-08 09:22,Wynajem 2-pokojowego mieszkania - bezpośrednio od Właściciela!,3300,https://www.otodom.pl/pl/oferta/wynajem-2-pokojowego-mieszkania-bezposrednio-od-wlasciciela-ID4zZoy,NIE,600,1,2,"ul. Kazimierza Jagiellończyka, Wrocław",1980,gazowe,3900,do zamieszkania,42,2026-02-12
2026-02-08 09:23,Jasne 3-pok. mieszkanie | duży balkon | szlaban | kameralne osiedle,3100,https://www.otodom.pl/pl/oferta/jasne-3-pok-mieszkanie-duzy-balkon-szlaban-kameralne-osiedle-ID4zRpC,NIE,800,2,3,"ul. Jutrzenki, Wrocław",2016,miejskie,5000,do zamieszkania,53,2026-02-12
2026-02-08 09:23,3-pokojowe mieszkanie z balkonem i 2 miejscami postojowymi,3500,https://www.otodom.pl/pl/oferta/3-pokojowe-mieszkanie-z-balkonem-i-2-miejscami-postojowymi-ID4zZnk,NIE,950,6,3,"ul. Zatorska, Wrocław",2012,gazowe,3500,do zamieszkania,67,2026-02-12
2026-02-08 09:23,"3 pokoje, duży balkon, koło pl. Grunwaldzkiego",2500,https://www.otodom.pl/pl/oferta/3-pokoje-duzy-balkon-kolo-pl-grunwaldzkiego-ID4zZms,NIE,0,1,3,Wrocław,1980,miejskie,brak,do zamieszkania,45,2026-02-12
2026-02-08 09:23,Nowe Miasto Różanka | 2 pokoje | 39 m² | 2 tarasy,2800,https://www.otodom.pl/pl/oferta/nowe-miasto-rozanka-2-pokoje-39-m-2-tarasy-ID4zZkT,NIE,750,0,2,Wrocław,2024,miejskie,3000,do zamieszkania,39,2026-02-12
2026-02-08 09:24,Promenady Wrocławskie|Osobna sypialnia|Komórka lok,2650,https://www.otodom.pl/pl/oferta/promenady-wroclawskie-osobna-sypialnia-komorka-lok-ID4zZjU,NIE,410,3,1,"ul. Zakładowa, Wrocław",2016,miejskie,3200,do zamieszkania,28.33,2026-02-12
2026-02-08 09:24,Mieszkanie 3-pokojowe 68m² PO ODŚWIEŻENIU z GARAŻEM i KOMÓRKĄ!,3600,https://www.otodom.pl/pl/oferta/mieszkanie-3-pokojowe-68m-po-odswiezeniu-z-garazem-i-komorka-ID4zZjE,NIE,430,1,3,"ul. Jurija Gagarina, Wrocław",2008,gazowe,3600,do zamieszkania,68,2026-02-12
2026-02-08 09:24,2 pokoje/39m2/Centrum/Balkon/Mp,2499,https://www.otodom.pl/pl/oferta/2-pokoje-39m2-centrum-balkon-mp-ID4zZj9,NIE,560,1,2,Wrocław,2018,miejskie,3000,do zamieszkania,39,2026-02-12
2026-02-08 09:24,Komfortowe 3-pokojowe mieszkanie z balkonem,3500,https://www.otodom.pl/pl/oferta/komfortowe-3-pokojowe-mieszkanie-z-balkonem-ID4qREE,NIE,1000,3,3,"ul. Krzycka, Wrocław",2007,kotłownia,3500,do zamieszkania,65,2026-02-12
2026-02-08 09:24,"3 pokoje, 2 miejsca garażowe, Promenady Wrocławskie",4600,https://www.otodom.pl/pl/oferta/3-pokoje-2-miejsca-garazowe-promenady-wroclawskie-ID4zZi2,NIE,900,10,3,"ul. Zakładowa, Wrocław",2020,brak,5000,do zamieszkania,63,2026-02-12
2026-02-08 09:25,Kawalerka po remoncie | I Najem,1900,https://www.otodom.pl/pl/oferta/kawalerka-po-remoncie-i-najem-ID4zLqw,NIE,319,5,1,"ul. Jastrzębia, Wrocław",1990,miejskie,brak,do zamieszkania,20,2026-02-12
2026-02-08 09:25,Kawalerka świeżo po remoncie | I Najem,1900,https://www.otodom.pl/pl/oferta/kawalerka-swiezo-po-remoncie-i-najem-ID4zIaN,NIE,319,5,1,Wrocław,1990,miejskie,2500,do zamieszkania,20,2026-02-12
2026-02-08 09:25,"Mieszkanie 2. Pokojowe, 54m2, 2 piętro, ul. Piękna",3000,https://www.otodom.pl/pl/oferta/mieszkanie-2-pokojowe-54m2-2-pietro-ul-piekna-ID49md9,NIE,0,2,2,"ul. Piękna, Wrocław",brak,miejskie,3000,do zamieszkania,54,2026-02-12
2026-02-08 09:26,Pierwszy najem | Nowe | Stylowe | 2 Pokoje,3600,https://www.otodom.pl/pl/oferta/pierwszy-najem-nowe-stylowe-2-pokoje-ID4zZe1,NIE,0,5,2,"ul. Drukarska, Wrocław",2025,brak,5000,do zamieszkania,40.9,2026-02-12
2026-02-08 09:26,"Mieszkanie z garażem, komórką lokatorską i balkone",3800,https://www.otodom.pl/pl/oferta/mieszkanie-z-garazem-komorka-lokatorska-i-balkone-ID4zZdu,NIE,0,1,3,"ul. Żwirki i Wigury, Wrocław",2010,miejskie,brak,do zamieszkania,73,2026-02-12
2026-02-08 09:26,Nowe 4 pokojowe mieszkanie z 2 łazienkami,3950,https://www.otodom.pl/pl/oferta/nowe-4-pokojowe-mieszkanie-z-2-lazienkami-ID4z6y3,NIE,800,5,4,"ul. Miedziana, Wrocław",2023,miejskie,brak,do zamieszkania,67,2026-02-12
2026-02-08 09:26,Trzy pokoje dużym tarasem,4000,https://www.otodom.pl/pl/oferta/trzy-pokoje-duzym-tarasem-ID4zZcp,NIE,650,0,3,"ul. Paniowicka, Wrocław",2023,brak,4800,do zamieszkania,84.74,2026-02-12
2026-02-09 08:56,"Komfortowo wykończone mieszkanie 49m2, 2 pok.+garaż, Oporów, Chachaja",3400,https://www.otodom.pl/pl/oferta/komfortowo-wykonczone-mieszkanie-49m2-2-pok-garaz-oporow-chachaja-ID4zJe0,NIE,772,2,2,"ul. Ibn Siny Awicenny, Wrocław",2025,kotłownia,5000,brak,49,2026-02-12
2026-02-09 08:57,Mikroapartament - Starter II - Plac Grunwaldzki - BEZ POŚREDNIKÓW!!,1700,https://www.otodom.pl/pl/oferta/mikroapartament-starter-ii-plac-grunwaldzki-bez-posrednikow-ID3rdck,NIE,500,1,1,Wrocław,2017,miejskie,3000,do zamieszkania,18,2026-02-12
2026-02-09 08:58,2 Pok Księcia Witolda Centrum Od Zaraz | Miejsce Postojowe,3699,https://www.otodom.pl/pl/oferta/2-pok-ksiecia-witolda-centrum-od-zaraz-miejsce-postojowe-ID4A1aT,NIE,700,2,2,"ul. Księcia Witolda, Wrocław",2021,brak,4600,do zamieszkania,42,2026-02-12
2026-02-09 08:59,Nowoczesna kawalerka w centrum akadamickim miasta,2550,https://www.otodom.pl/pl/oferta/nowoczesna-kawalerka-w-centrum-akadamickim-miasta-ID4zfVU,NIE,700,4,1,"pl. Grunwaldzki, Wrocław",brak,miejskie,4875,do zamieszkania,18.31,2026-02-12
2026-02-09 08:59,"Wynajmę mieszkanie, wysoki standard! Opcja dużego garażu 650zł m-c",3000,https://www.otodom.pl/pl/oferta/wynajme-mieszkanie-wysoki-standard-opcja-duzego-garazu-650zl-m-c-ID3hiku,NIE,850,1,2,Wrocław,2007,miejskie,3000,do zamieszkania,52,2026-02-12
2026-02-09 09:01,Piękne i klimatyczne mieszkanie na wynajem 3pokoj,3500,https://www.otodom.pl/pl/oferta/piekne-i-klimatyczne-mieszkanie-na-wynajem-3pokoj-ID4zX7h,NIE,0,2,3,"ul. św. Wincentego, Wrocław",brak,inne,4500,do zamieszkania,70,2026-02-12
2026-02-09 09:02,"ul. Tęczowa okolica Grabiszyńskiej taras, ogródek, 2010 rok",2600,https://www.otodom.pl/pl/oferta/ul-teczowa-okolica-grabiszynskiej-taras-ogrodek-2010-rok-ID4zVp0,NIE,750,0,2,Wrocław,2010,miejskie,3000,do zamieszkania,50,2026-02-12
2026-02-09 09:02,Centrum Miasta | 2-Osobne Pokoje | Balkon | Inowrocławska | Szczepin,3000,https://www.otodom.pl/pl/oferta/centrum-miasta-2-osobne-pokoje-balkon-inowroclawska-szczepin-ID4zVfg,NIE,600,1,2,"ul. Inowrocławska, Wrocław",brak,miejskie,3600,do zamieszkania,38,2026-02-12
2026-02-09 09:03,"Do wynajęcia mieszkanie 4-pokojowe – Wrocław, Gaj",4000,https://www.otodom.pl/pl/oferta/do-wynajecia-mieszkanie-4-pokojowe-wroclaw-gaj-ID4zVf0,NIE,900,3,4,"ul. Kłodzka, Wrocław",brak,kotłownia,0,brak,80,2026-02-12
2026-02-09 09:03,2 pokoje | Balkon| Parking| 20 min do Galerii Dominikańskiej,2600,https://www.otodom.pl/pl/oferta/2-pokoje-balkon-parking-20-min-do-galerii-dominikanskiej-ID4zV9E,NIE,720,1,2,Wrocław,brak,miejskie,3500,do zamieszkania,50,2026-02-12
2026-02-09 09:04,"Szklarska, 2 pok, Cicho i zielono!",2500,https://www.otodom.pl/pl/oferta/szklarska-2-pok-cicho-i-zielono-ID4zV7z,NIE,400,2,2,"ul. Szklarska, Wrocław",2002,miejskie,4000,do zamieszkania,42,2026-02-12
2026-02-09 09:04,Dwupokojowe mieszkanie z balkonem na Krzykach! ul. Zgodna!,2500,https://www.otodom.pl/pl/oferta/dwupokojowe-mieszkanie-z-balkonem-na-krzykach-ul-zgodna-ID4zV41,NIE,1200,1,2,Wrocław,brak,miejskie,3000,do zamieszkania,48,2026-02-12
2026-02-09 09:05,Przestronne | Jasne | Centrum | 2 miejsca w garażu,3999,https://www.otodom.pl/pl/oferta/przestronne-jasne-centrum-2-miejsca-w-garazu-ID4zV0F,NIE,1300,5,3,"ul. Braniborska, Wrocław",2023,miejskie,5000,brak,55.3,2026-02-12
2026-02-09 09:05,"Wrocław, Oporów, 57m2, 3 pokoje, ogród, garaż",3700,https://www.otodom.pl/pl/oferta/wroclaw-oporow-57m2-3-pokoje-ogrod-garaz-ID4ojxr,NIE,1000,0,3,"ul. Jordanowska, Wrocław",2022,miejskie,4000,do zamieszkania,57,2026-02-12
2026-02-09 09:06,Angel City- Walońska studio do wynajęcia,2750,https://www.otodom.pl/pl/oferta/angel-city-walonska-studio-do-wynajecia-ID4zWXa,NIE,780,6,1,"ul. Walońska, Wrocław",2023,miejskie,2750,do zamieszkania,32,2026-02-12
2026-02-09 09:07,"Kawalerka do wynajęcia, 36 m2, osobna kuchnia, od stycznia!",1600,https://www.otodom.pl/pl/oferta/kawalerka-do-wynajecia-36-m2-osobna-kuchnia-od-stycznia-ID4yRxR,NIE,750,0,1,"ul. Stefana Jaracza, Wrocław",brak,miejskie,2500,do zamieszkania,36,2026-02-12
2026-02-09 09:08,"Kawalerka 17 m², ul. Kościuszki 133, dla studenta",1800,https://www.otodom.pl/pl/oferta/kawalerka-17-m-ul-kosciuszki-133-dla-studenta-ID4xZqB,NIE,350,2,1,"ul. Tadeusza Kościuszki, Wrocław",brak,miejskie,1800,do zamieszkania,17,2026-02-12
2026-02-09 09:08,Pierwszy najem-Awipolis-Garaż-Siłownia Free,4000,https://www.otodom.pl/pl/oferta/pierwszy-najem-awipolis-garaz-silownia-free-ID4zWUn,NIE,650,2,2,"Władysława Chachaja, Wrocław",2022,brak,5000,do zamieszkania,48,2026-02-12
2026-02-09 09:09,Pierwszy najem-Awipolis-Garaż-Siłownia Free,3500,https://www.otodom.pl/pl/oferta/pierwszy-najem-awipolis-garaz-silownia-free-ID4zWUh,NIE,650,2,2,"Władysława Chachaja, Wrocław",2022,brak,5000,do zamieszkania,38,2026-02-12
2026-02-09 09:10,/nowe/szczepin/blisko Komunikacji/garaż/,3000,https://www.otodom.pl/pl/oferta/nowe-szczepin-blisko-komunikacji-garaz-ID4zWU6,NIE,600,1,2,"ul. Gnieźnieńska, Wrocław",2022,miejskie,3000,brak,38,2026-02-12
2026-02-09 09:11,"Wyposażone, gotowe, Sarbinowska, Kuźniki, Wrocław",2800,https://www.otodom.pl/pl/oferta/wyposazone-gotowe-sarbinowska-kuzniki-wroclaw-ID4zWST,NIE,600,2,2,"ul. Sarbinowska, Wrocław",brak,brak,3000,do zamieszkania,48.97,2026-02-12
2026-02-09 09:12,909459,3000,https://www.otodom.pl/pl/oferta/909459-ID4zWNQ,NIE,1060,1,3,"ul. Henryka Sienkiewicza, Wrocław",1970,miejskie,4000,do zamieszkania,53.1,2026-02-12
2026-02-09 09:13,Duży luksusowy apartament z tarasem - Atal Towers,6200,https://www.otodom.pl/pl/oferta/duzy-luksusowy-apartament-z-tarasem-atal-towers-ID4gFcr,NIE,1400,10,2,"ul. gen. Władysława Sikorskiego, Wrocław",brak,miejskie,brak,do zamieszkania,92,2026-02-12
2026-02-09 09:19,Wynajmę mieszkanie 3 pok 80m2 ul.Trzebnicka Wrocła,3200,https://www.otodom.pl/pl/oferta/wynajme-mieszkanie-3-pok-80m2-ul-trzebnicka-wrocla-ID4zWsk,NIE,0,4,3,"ul. Trzebnicka, Wrocław",1930,brak,4200,brak,82,2026-02-12
2026-02-09 09:19,"2-pok. wszystko nowe, od zaraz",3000,https://www.otodom.pl/pl/oferta/2-pok-wszystko-nowe-od-zaraz-ID4zWpc,NIE,80,2,3,"pl. Jana Pawła II, Wrocław",brak,miejskie,5500,do zamieszkania,60,2026-02-12
2026-02-09 09:20,MP w garażu podziemnym/balkon/,2400,https://www.otodom.pl/pl/oferta/mp-w-garazu-podziemnym-balkon-ID4zW8Z,NIE,800,1,2,"ul. Kamienna, Wrocław",2008,miejskie,3000,do zamieszkania,37,2026-02-12
2026-02-09 09:21,2 pokojowe Hallera/Powstańców Śl.,2300,https://www.otodom.pl/pl/oferta/2-pokojowe-hallera-powstancow-sl-ID4zPpd,NIE,750,2,2,"ul. Jastrzębia, Wrocław",1970,brak,3500,do zamieszkania,39,2026-02-12
2026-02-09 09:21,Komfortowe i nowoczesne mieszkanie przy Obornickiej z dużym balkonem!,3000,https://www.otodom.pl/pl/oferta/komfortowe-i-nowoczesne-mieszkanie-przy-obornickiej-z-duzym-balkonem-ID4A16j,NIE,680,2,2,"ul. Obornicka, Wrocław",2020,miejskie,3000,do zamieszkania,42.57,2026-02-12
2026-02-09 09:22,Mieszkanie ul. Szczytnicka 3 POK. 76m2,3400,https://www.otodom.pl/pl/oferta/mieszkanie-ul-szczytnicka-3-pok-76m2-ID4A18B,NIE,1400,1,3,"ul. Szczytnicka, Wrocław",brak,miejskie,brak,do zamieszkania,76,2026-02-12
2026-02-09 09:23,"Mieszkanie Wrocław, Krzyki, ul. PRZYJAŹNI + GARAZ",2700,https://www.otodom.pl/pl/oferta/mieszkanie-wroclaw-krzyki-ul-przyjazni-garaz-ID3C9ek,NIE,900,3,2,Wrocław,2006,miejskie,3600,do zamieszkania,44,2026-02-12
2026-02-09 09:23,Nowoczesny Klimatyzowany Apartament w Centrum,6900,https://www.otodom.pl/pl/oferta/nowoczesny-klimatyzowany-apartament-w-centrum-ID44Gib,NIE,1001,4,4,Wrocław,2016,miejskie,10000,do zamieszkania,87,2026-02-12
2026-02-09 09:24,Komfortowa kawalerka z balkonem|osiedle Pod Skrzydłami |ul. Sterowcowa,2300,https://www.otodom.pl/pl/oferta/komfortowa-kawalerka-z-balkonem-osiedle-pod-skrzydlami-ul-sterowcowa-ID3fbvS,NIE,600,3,1,"ul. Sterowcowa, Wrocław",brak,miejskie,2500,do zamieszkania,32,2026-02-12
2026-02-09 09:25,2 pokoje w centrum | dwupoziomowe | ładnie wykończone | garaż.,2400,https://www.otodom.pl/pl/oferta/2-pokoje-w-centrum-dwupoziomowe-ladnie-wykonczone-garaz-ID4A14S,NIE,900,4,2,"ul. Antoniego Słonimskiego, Wrocław",2023,miejskie,brak,do zamieszkania,38,2026-02-12
2026-02-09 09:26,Mieszkanie 2 pokoje + duży taras Promenady,2900,https://www.otodom.pl/pl/oferta/mieszkanie-2-pokoje-duzy-taras-promenady-ID4A14n,NIE,560,1,2,"ul. Zakładowa, Wrocław",2015,miejskie,3500,do zamieszkania,36,2026-02-12
2026-02-09 09:27,"Kępa Mieszczańska, Lux, 2 pokoje, od Zaraz",3500,https://www.otodom.pl/pl/oferta/kepa-mieszczanska-lux-2-pokoje-od-zaraz-ID4A13q,NIE,1000,5,2,"ul. Mieszczańska, Wrocław",2025,miejskie,9000,brak,50,2026-02-12
2026-02-09 09:30,Rozkładowe | blisko centrum | wysokie sufity,2650,https://www.otodom.pl/pl/oferta/rozkladowe-blisko-centrum-wysokie-sufity-ID4A12G,NIE,0,3,2,"ul. Jedności Narodowej, Wrocław",1930,gazowe,0,do zamieszkania,42,2026-02-12
2026-02-09 09:30,4 pokojowy apartament w centrum Wrocławia,9000,https://www.otodom.pl/pl/oferta/4-pokojowy-apartament-w-centrum-wroclawia-ID4zxjN,NIE,1300,4,4,"pl. Jana Pawła II, Wrocław",brak,miejskie,8000,do zamieszkania,73,2026-02-12
2026-02-09 09:32,Wynajmę bez prowizji 3-pokojowe mieszkanie po remoncie,3500,https://www.otodom.pl/pl/oferta/wynajme-bez-prowizji-3-pokojowe-mieszkanie-po-remoncie-ID4A11b,NIE,1000,4,3,Wrocław,1972,miejskie,3500,do zamieszkania,50,2026-02-12
2026-02-09 09:32,✅Balkon✅Osobna Kuchnia ✅Przestronne✅3 Pokoje,3100,https://www.otodom.pl/pl/oferta/balkonosobna-kuchnia-przestronne3-pokoje-ID4zMbh,NIE,660,1,3,Wrocław,brak,miejskie,0,do zamieszkania,63.76,2026-02-12
2026-02-09 09:33,Od zaraz | Pets Friendly | 3000 za całość | 2-pok,2300,https://www.otodom.pl/pl/oferta/od-zaraz-pets-friendly-3000-za-calosc-2-pok-ID4A0Z8,NIE,750,1,2,"ul. Bernarda Belotta Canaletta, Wrocław",brak,brak,3000,brak,37,2026-02-12
2026-02-09 09:35,2 pokoje - Damrota - Ołbin - ciche,2900,https://www.otodom.pl/pl/oferta/2-pokoje-damrota-olbin-ciche-ID4mmp1,NIE,0,2,2,Wrocław,brak,gazowe,3500,do zamieszkania,36,2026-02-12
2026-02-09 09:35,"Lux Dluga 57Lokum Porto Duży balkon/taras 2 pokoje, mp",2800,https://www.otodom.pl/pl/oferta/lux-dluga-57lokum-porto-duzy-balkon-taras-2-pokoje-mp-ID4zR6E,NIE,700,4,2,"ul. Długa, Wrocław",2024,miejskie,3850,do zamieszkania,41,2026-02-12
2026-02-09 09:35,"również z kotem, Centrum dla pary",2000,https://www.otodom.pl/pl/oferta/rowniez-z-kotem-centrum-dla-pary-ID4A0XJ,NIE,800,4,2,"ul. Zygmunta Krasińskiego, Wrocław",1999,miejskie,brak,do zamieszkania,40,2026-02-12
2026-02-09 09:36,2 Pokoje | 53 m² | Balkon | Garaż | Ul. Krzycka,2999,https://www.otodom.pl/pl/oferta/2-pokoje-53-m-balkon-garaz-ul-krzycka-ID4A0Xu,NIE,682,1,2,"ul. Krzycka, Wrocław",brak,brak,brak,brak,53,2026-02-12
2026-02-09 09:37,Piękne mieszkanie 2 pokojowe z Garderobą - Wysoki Parter,2800,https://www.otodom.pl/pl/oferta/piekne-mieszkanie-2-pokojowe-z-garderoba-wysoki-parter-ID4A0VO,NIE,650,0,2,"ul. Litomska, Wrocław",2015,miejskie,3500,do zamieszkania,41,2026-02-12
2026-02-09 09:40,Apartament | Centrum miasta | Niskie opłaty,3300,https://www.otodom.pl/pl/oferta/apartament-centrum-miasta-niskie-oplaty-ID4zWtZ,NIE,750,1,2,"ul. Ziemowita, Wrocław",2013,brak,4000,brak,50,2026-02-12
2026-02-09 09:43,Mieszkanie na Biskupinie do wynajęcia od zaraz,2400,https://www.otodom.pl/pl/oferta/mieszkanie-na-biskupinie-do-wynajecia-od-zaraz-ID4l17s,NIE,400,0,2,Wrocław,1930,electrical,2000,do zamieszkania,33.57,2026-02-12
2026-02-09 09:44,"Nowoczesna kawalerka z ogródkiem, przy dworcu głównym, nowe budownictw",2350,https://www.otodom.pl/pl/oferta/nowoczesna-kawalerka-z-ogrodkiem-przy-dworcu-glownym-nowe-budownictw-ID4A0W3,NIE,490,0,1,Wrocław,2025,brak,2500,brak,23,2026-02-12
2026-02-09 09:46,Nowoczesne mieszkanie 2-pokojowe z klimatyzacją – ul. Mieszczańska,3600,https://www.otodom.pl/pl/oferta/nowoczesne-mieszkanie-2-pokojowe-z-klimatyzacja-ul-mieszczanska-ID4yuSf,NIE,600,5,2,"ul. Mieszczańska, Wrocław",2019,miejskie,4500,do zamieszkania,40,2026-02-12
2026-02-09 09:47,"Dwupoziomowe-74 m², 4 balkony, Biskupin, Biegasa",3950,https://www.otodom.pl/pl/oferta/dwupoziomowe-74-m-4-balkony-biskupin-biegasa-ID4A0Tz,NIE,1097,2,3,"ul. Bolesława Biegasa, Wrocław",2012,miejskie,brak,do zamieszkania,74,2026-02-12
2026-02-09 09:50,"Komfortowe mieszkanie 48 m² w centrum – balkon, klimatyzacja, garaż",3500,https://www.otodom.pl/pl/oferta/komfortowe-mieszkanie-48-m-w-centrum-balkon-klimatyzacja-garaz-ID4A0TB,NIE,1100,2,2,"ul. Księcia Witolda, Wrocław",2019,miejskie,4000,do zamieszkania,48,2026-02-12
2026-02-09 09:51,Ołbin dwa pokoje z balkonem bez prowizji,3100,https://www.otodom.pl/pl/oferta/olbin-dwa-pokoje-z-balkonem-bez-prowizji-ID4A0ST,NIE,500,1,2,"ul. Stefana Żeromskiego, Wrocław",2019,miejskie,4000,do zamieszkania,44,2026-02-12
2026-02-10 17:21,kawalerka przy Rynku | wysoki standard | Odrzańska,2900,https://www.otodom.pl/pl/oferta/kawalerka-przy-rynku-wysoki-standard-odrzanska-ID4A2XY,NIE,520,4,1,"ul. Odrzańska, Wrocław",brak,miejskie,3600,do zamieszkania,29.3,2026-02-12
2026-02-10 17:21,Mieszkanie na wynajem 2-pokojowe [Ul. Hallera],3300,https://www.otodom.pl/pl/oferta/mieszkanie-na-wynajem-2-pokojowe-ul-hallera-ID4A2Xr,NIE,970,5,2,"al. gen. Józefa Hallera, Wrocław",brak,brak,4000,do zamieszkania,49,2026-02-12
2026-02-10 17:22,Nadodrze/centrum/dworzec/park/sklepy/2pok/śródmieście/przystanki,2400,https://www.otodom.pl/pl/oferta/nadodrze-centrum-dworzec-park-sklepy-2pok-srodmiescie-przystanki-ID4A2Xj,NIE,750,0,2,"ul. Podwórcowa, Wrocław",brak,miejskie,2400,do zamieszkania,40,2026-02-12
2026-02-10 17:23,PL/RU/UA Wysoki standard |Centrum|Ogród Botaniczny| Klima,3000,https://www.otodom.pl/pl/oferta/pl-ru-ua-wysoki-standard-centrum-ogrod-botaniczny-klima-ID4A2Ve,NIE,600,3,2,"ul. Henryka Sienkiewicza, Wrocław",brak,miejskie,3800,do zamieszkania,31,2026-02-12
2026-02-10 17:27,2 Oddzielne Pokoje | Bezpośrednio | Pets Friendly | Jaworska,2680,https://www.otodom.pl/pl/oferta/2-oddzielne-pokoje-bezposrednio-pets-friendly-jaworska-ID4zJW6,NIE,950,10,2,"ul. Jaworska, Wrocław",brak,miejskie,brak,do zamieszkania,36,2026-02-12
2026-02-10 17:28,Przytulne mieszkanie wynajem,1790,https://www.otodom.pl/pl/oferta/przytulne-mieszkanie-wynajem-ID4A2UW,NIE,0,brak,1,Wrocław,brak,brak,brak,brak,38,2026-02-12
2026-02-10 17:29,Przestronna kawalerka | Bezpośrednio | Pets Friendly |Jaworska,1860,https://www.otodom.pl/pl/oferta/przestronna-kawalerka-bezposrednio-pets-friendly-jaworska-ID4zSNZ,NIE,700,2,1,"ul. Jaworska, Wrocław",brak,miejskie,brak,do zamieszkania,25,2026-02-12
2026-02-10 17:30,Pierwszy Najem 2 pokoje Blisko Rynku,3000,https://www.otodom.pl/pl/oferta/pierwszy-najem-2-pokoje-blisko-rynku-ID4A2Tm,NIE,400,4,2,"ul. Inowrocławska, Wrocław",brak,miejskie,3500,do zamieszkania,36.02,2026-02-12
2026-02-10 17:30,Wymajmę 3 pokoje ul. Krucza,2800,https://www.otodom.pl/pl/oferta/wymajme-3-pokoje-ul-krucza-ID4A2SI,NIE,900,3,3,"ul. Krucza, Wrocław",1968,miejskie,2800,do zamieszkania,45.85,2026-02-12
2026-02-10 17:31,Mieszkanie z tarasem i ogródkiem: Ogrody Hallera,4300,https://www.otodom.pl/pl/oferta/mieszkanie-z-tarasem-i-ogrodkiem-ogrody-hallera-ID4grkS,NIE,1100,0,3,"al. gen. Józefa Hallera, Wrocław",2014,kotłownia,6000,do zamieszkania,65,2026-02-12
2026-02-10 17:34,2 duże pokoje / Osobna kuchnia / Balkon / Parking,2500,https://www.otodom.pl/pl/oferta/2-duze-pokoje-osobna-kuchnia-balkon-parking-ID4zRUZ,NIE,650,2,2,"ul. Kiełczowska, Wrocław",2017,miejskie,3300,do zamieszkania,48.26,2026-02-12
2026-02-10 17:35,Wrocław! Kępa Mieszczańska! 3-pok! 2 balkony! Parking podziemny! 69m2!,4200,https://www.otodom.pl/pl/oferta/wroclaw-kepa-mieszczanska-3-pok-2-balkony-parking-podziemny-69m2-ID4A2QH,NIE,1200,1,3,"ul. Romana Dmowskiego, Wrocław",brak,miejskie,4000,do zamieszkania,69,2026-02-12
2026-02-10 17:36,2pokoje | Promenady Wrocławskie | Do wynajęcia od zaraz | PetsFriendly,2690,https://www.otodom.pl/pl/oferta/2pokoje-promenady-wroclawskie-do-wynajecia-od-zaraz-petsfriendly-ID4zPXd,NIE,700,8,2,"ul. Zakładowa, Wrocław",brak,miejskie,brak,do zamieszkania,39.14,2026-02-12
2026-02-10 17:37,2-pokoje - Legnicka 33a/70a - bez prowizji,3064,https://www.otodom.pl/pl/oferta/2-pokoje-legnicka-33a-70a-bez-prowizji-ID4A2Q8,NIE,410,10,2,"ul. Legnicka, Wrocław",2021,miejskie,brak,do zamieszkania,38.23,2026-02-12
2026-02-10 17:43,Przytulne 2 pokoje na Szczepinie / Starym Mieście,3300,https://www.otodom.pl/pl/oferta/przytulne-2-pokoje-na-szczepinie-starym-miescie-ID4A2Op,NIE,540,9,2,"ul. Głogowska, Wrocław",1977,miejskie,3500,do zamieszkania,40,2026-02-12
2026-02-10 17:45,"Na wynajem mieszkanie 2 pokoje - 45m2! klima, parking! Tęczowa 83",3100,https://www.otodom.pl/pl/oferta/na-wynajem-mieszkanie-2-pokoje-45m2-klima-parking-teczowa-83-ID4z3zg,NIE,800,3,2,"ul. Tęczowa, Wrocław",brak,miejskie,3900,do zamieszkania,45,2026-02-12
2026-02-10 17:47,Bez prowizji! 2 pokoje z balkonem,2900,https://www.otodom.pl/pl/oferta/bez-prowizji-2-pokoje-z-balkonem-ID4zC2q,NIE,1000,5,2,Wrocław,2024,miejskie,3900,do zamieszkania,38.8,2026-02-12
2026-02-10 17:48,No commission | 2-bedroom apartment with a balcony,3580,https://www.otodom.pl/pl/oferta/no-commission-2-bedroom-apartment-with-a-balcony-ID4yLEq,NIE,1420,3,3,Wrocław,2024,miejskie,5000,do zamieszkania,56.85,2026-02-12
2026-02-10 17:48,"Wrocław! ul. Kłodnicka! Magnolia Park, 2 pokoje! Duży balkon! Winda!",2700,https://www.otodom.pl/pl/oferta/wroclaw-ul-klodnicka-magnolia-park-2-pokoje-duzy-balkon-winda-ID4A2Mp,NIE,1000,3,2,"ul. Kłodnicka, Wrocław",brak,miejskie,3000,do zamieszkania,35,2026-02-12
2026-02-10 17:49,2 Pokoje 40 m2 | Atal Towers | Wolne Od Zaraz,3600,https://www.otodom.pl/pl/oferta/2-pokoje-40-m2-atal-towers-wolne-od-zaraz-ID4A2Md,NIE,0,4,2,"ul. gen. Władysława Sikorskiego, Wrocław",brak,brak,brak,brak,40,2026-02-12
2026-02-10 17:49,Rozkładowe 2 pok. / klimatyzacja / parking w cenie,2800,https://www.otodom.pl/pl/oferta/rozkladowe-2-pok-klimatyzacja-parking-w-cenie-ID4zYdw,NIE,1000,4,2,"ul. Inżynierska, Wrocław",2010,miejskie,2800,do zamieszkania,51,2026-02-12
2026-02-10 17:50,"Wrocław, ul. Brzoskwiniowa! 2 pokoje, balkon, parking podziemny! 51m2!",3100,https://www.otodom.pl/pl/oferta/wroclaw-ul-brzoskwiniowa-2-pokoje-balkon-parking-podziemny-51m2-ID4A2La,NIE,900,5,2,"ul. Brzoskwiniowa, Wrocław",brak,miejskie,4000,do zamieszkania,51,2026-02-12
2026-02-10 17:50,2 pokoje | 44 m² | ul. Wyszyńskiego | przy Ogrodzie Botanicznym,3500,https://www.otodom.pl/pl/oferta/2-pokoje-44-m-ul-wyszynskiego-przy-ogrodzie-botanicznym-ID4A2IT,NIE,755,1,2,"ul. kard. Stefana Wyszyńskiego, Wrocław",2022,miejskie,5000,brak,44,2026-02-12
2026-02-10 17:51,Dostępne od teraz I W ścisłym centrum I Bez prowizji I Nowe,3026,https://www.otodom.pl/pl/oferta/dostepne-od-teraz-i-w-scislym-centrum-i-bez-prowizji-i-nowe-ID4yy3M,NIE,464,4,3,"ul. Kolejowa, Wrocław",2023,miejskie,6051,do zamieszkania,63,2026-02-12
2026-02-10 17:51,Zamieszkaj w apartamentowcu | Ochrona | Siłownia |,3500,https://www.otodom.pl/pl/oferta/zamieszkaj-w-apartamentowcu-ochrona-silownia-ID4zSaa,NIE,1100,0,2,"pl. Powstańców Śląskich, Wrocław",2008,miejskie,4000,brak,65.43,2026-02-12
2026-02-10 17:52,Przestronna | Kawalerka | Centrum | Od zaraz |,2350,https://www.otodom.pl/pl/oferta/przestronna-kawalerka-centrum-od-zaraz-ID4zKMm,NIE,800,6,1,"ul. Braniborska, Wrocław",brak,miejskie,3000,brak,30,2026-02-12
2026-02-10 17:53,2 pokoje w świetnej lokalizacji- 65m2,2800,https://www.otodom.pl/pl/oferta/2-pokoje-w-swietnej-lokalizacji-65m2-ID4zM82,NIE,800,2,2,"ul. gen. Jana Henryka Dąbrowskiego, Wrocław",brak,brak,2800,brak,65,2026-02-12
2026-02-10 17:53,"5 pokoi 2 łazienki, ogródek, 2 miejsca parkingowe",3999,https://www.otodom.pl/pl/oferta/5-pokoi-2-lazienki-ogrodek-2-miejsca-parkingowe-ID4zLsS,NIE,1600,2,5,"ul. Parafialna, Wrocław",2003,brak,4000,brak,105,2026-02-12
2026-02-10 17:54,Przytulne | Jasne | Parking | Piwnica | Od zaraz,2699,https://www.otodom.pl/pl/oferta/przytulne-jasne-parking-piwnica-od-zaraz-ID4zLhP,NIE,1000,0,2,"ul. Mikołaja Reja, Wrocław",2000,miejskie,3000,brak,47,2026-02-12
2026-02-10 17:55,Przytulne | Jasne | Po remoncie | Pierwszy najem,3199,https://www.otodom.pl/pl/oferta/przytulne-jasne-po-remoncie-pierwszy-najem-ID4zOKJ,NIE,700,1,3,"ul. Andrzeja Potebni, Wrocław",brak,gazowe,4000,brak,66,2026-02-12
2026-02-10 17:55,Wszystko Nowe! Pierwszy najem po remoncie !,2800,https://www.otodom.pl/pl/oferta/wszystko-nowe-pierwszy-najem-po-remoncie-ID4zMkJ,NIE,750,0,3,"ul. Grabiszyńska, Wrocław",brak,brak,4000,brak,48,2026-02-12
2026-02-10 17:57,Duży Balkon | Oddzielna Kuchnia | Winda,3499,https://www.otodom.pl/pl/oferta/duzy-balkon-oddzielna-kuchnia-winda-ID4zLsR,NIE,900,8,3,"ul. Na Ostatnim Groszu, Wrocław",brak,miejskie,5000,brak,54,2026-02-12
2026-02-10 18:01,"2 pokoje, ul.Czysta, centrum Pierwszy Najem - HIT",4500,https://www.otodom.pl/pl/oferta/2-pokoje-ul-czysta-centrum-pierwszy-najem-hit-ID4zRXo,NIE,1100,1,2,Wrocław,2024,miejskie,9000,do zamieszkania,53.9,2026-02-12
2026-02-10 18:01,"Idealnie zlokalizowane, duże mieszkanie Grabiszyńska 101 - 2700 zł",2700,https://www.otodom.pl/pl/oferta/idealnie-zlokalizowane-duze-mieszkanie-grabiszynska-101-2700-zl-ID4zPPl,NIE,600,3,1,"ul. Grabiszyńska, Wrocław",brak,gazowe,4500,do zamieszkania,60,2026-02-12
2026-02-10 18:02,Premium kawalerka 32 m² | Traugutta 74 | Angel City + garaż - 2699 zł,2699,https://www.otodom.pl/pl/oferta/premium-kawalerka-32-m-traugutta-74-angel-city-garaz-2699-zl-ID4zPMQ,NIE,705,6,1,"ul. gen. Romualda Traugutta, Wrocław",brak,miejskie,3500,do zamieszkania,32.17,2026-02-12
2026-02-10 18:02,Nowoczesne 2 oddzielne pok.– Centrum Wrocławia | Nowe 2025 | PROMOCJA,2550,https://www.otodom.pl/pl/oferta/nowoczesne-2-oddzielne-pok-centrum-wroclawia-nowe-2025-promocja-ID4A2EP,NIE,740,6,2,"ul. Grabiszyńska, Wrocław",2025,miejskie,brak,do zamieszkania,33.42,2026-02-12
2026-02-10 18:03,Premium mieszkanie Kępa Mieszczańska / komórka lokatorska/garaż,3700,https://www.otodom.pl/pl/oferta/premium-mieszkanie-kepa-mieszczanska-komorka-lokatorska-garaz-ID4A2Er,NIE,900,9,2,"ul. Mieszczańska, Wrocław",brak,miejskie,5000,do zamieszkania,40,2026-02-12
2026-02-10 18:04,W ścisłym centrum I Bez prowizji I Dwa balkony I Per frendly,3024,https://www.otodom.pl/pl/oferta/w-scislym-centrum-i-bez-prowizji-i-dwa-balkony-i-per-frendly-ID4A1nF,NIE,460,5,3,"ul. Kolejowa, Wrocław",2024,miejskie,6048,do zamieszkania,62,2026-02-12
2026-02-10 18:05,kawalerka - Brainborska 58/15 - bez prowizji,2618,https://www.otodom.pl/pl/oferta/kawalerka-brainborska-58-15-bez-prowizji-ID4A2Pi,NIE,280,brak,1,Wrocław,2024,miejskie,brak,do zamieszkania,31.03,2026-02-12
2026-02-10 18:07,PL/RU/ENG Dwupokojowe mieszkanie w centrum|Klima|Siłownia|Parking,3250,https://www.otodom.pl/pl/oferta/pl-ru-eng-dwupokojowe-mieszkanie-w-centrum-klima-silownia-parking-ID4A2Ek,NIE,800,9,2,Wrocław,2024,miejskie,4000,brak,42,2026-02-12
2026-02-10 18:08,Wanna | Klimatyzacja | Balkon | Księcia Witolda | Przy Odrze,2600,https://www.otodom.pl/pl/oferta/wanna-klimatyzacja-balkon-ksiecia-witolda-przy-odrze-ID4zN37,NIE,820,5,1,"ul. Księcia Witolda, Wrocław",brak,miejskie,3500,do zamieszkania,35,2026-02-12
2026-02-10 18:08,"Duża kawalerka 42,30mkw + m. postojowe w garażu - w cenie ul. Wełniana",2000,https://www.otodom.pl/pl/oferta/duza-kawalerka-42-30mkw-m-postojowe-w-garazu-w-cenie-ul-welniana-ID4A2CG,NIE,635,0,1,"ul. Wełniana, Wrocław",2010,miejskie,2000,do zamieszkania,42.3,2026-02-12
2026-02-10 18:09,Przestronna kawalerka | Podwójne łóżko | Bezpośrednio | Pets Friendly,2100,https://www.otodom.pl/pl/oferta/przestronna-kawalerka-podwojne-lozko-bezposrednio-pets-friendly-ID4A2B3,NIE,890,1,1,"ul. Grabiszyńska, Wrocław",2025,miejskie,brak,do zamieszkania,28.23,2026-02-12
2026-02-10 18:09,Mieszkanie 2-pokojowe | Nowe 2025 | Salon + sypialnia | 2 tyg. gratis,2690,https://www.otodom.pl/pl/oferta/mieszkanie-2-pokojowe-nowe-2025-salon-sypialnia-2-tyg-gratis-ID4A2BB,NIE,600,1,2,"ul. Grabiszyńska, Wrocław",brak,miejskie,brak,do zamieszkania,35.5,2026-02-12
2026-02-10 18:10,"Kawalerka w nowym apartamentowcu, 19m, 1650 zł",1650,https://www.otodom.pl/pl/oferta/kawalerka-w-nowym-apartamentowcu-19m-1650-zl-ID4lFvn,NIE,550,2,1,Wrocław,2022,miejskie,2500,do zamieszkania,19,2026-02-12
2026-02-10 18:11,"Na wynajem 2-pokojowe mieszkanie z oddzielną kuchnią, blisko centrum",2950,https://www.otodom.pl/pl/oferta/na-wynajem-2-pokojowe-mieszkanie-z-oddzielna-kuchnia-blisko-centrum-ID4A2A5,NIE,0,2,2,Wrocław,brak,miejskie,brak,do zamieszkania,48.7,2026-02-12
2026-02-10 18:12,3 pokojowe | Taras | Garaż | Komórka | Klimatyzacja,4400,https://www.otodom.pl/pl/oferta/3-pokojowe-taras-garaz-komorka-klimatyzacja-ID4A2zU,NIE,850,6,3,"ul. Białowieska, Wrocław",brak,miejskie,6000,do zamieszkania,55,2026-02-12
2026-02-10 18:13,3 pokojowe / blisko centrum / lokalizacja,3500,https://www.otodom.pl/pl/oferta/3-pokojowe-blisko-centrum-lokalizacja-ID4vBzP,NIE,1200,2,3,Wrocław,1970,miejskie,4500,do zamieszkania,68.7,2026-02-12
2026-02-11 08:53,2 pokojowe / Barlickiego / Bezpośrednio,2500,https://www.otodom.pl/pl/oferta/2-pokojowe-barlickiego-bezposrednio-ID4A1tn,NIE,1150,1,2,"ul. Norberta Barlickiego, Wrocław",brak,miejskie,3650,do zamieszkania,52,2026-02-12
2026-02-11 08:54,Kawalerka/Braniborska/Stare Miasto/garderoba,2330,https://www.otodom.pl/pl/oferta/kawalerka-braniborska-stare-miasto-garderoba-ID4A1xj,NIE,650,2,1,"ul. Braniborska, Wrocław",brak,miejskie,2980,do zamieszkania,29,2026-02-12
2026-02-11 08:55,Air Conditioner/2Rooms/ Balcony/ GYM/Parking,3200,https://www.otodom.pl/pl/oferta/air-conditioner-2rooms-balcony-gym-parking-ID4A3gJ,NIE,800,3,2,"al. gen. Józefa Hallera, Wrocław",brak,brak,4000,do zamieszkania,50,2026-02-12
2026-02-11 08:55,Nowoczesne 2-pokojowe mieszkanie z balkonem Odra Tower 2700 zł.,2700,https://www.otodom.pl/pl/oferta/nowoczesne-2-pokojowe-mieszkanie-z-balkonem-odra-tower-2700-zl-ID4zcM9,NIE,500,5,2,"ul. Podwale, Wrocław",2012,miejskie,2700,do zamieszkania,42,2026-02-12
2026-02-11 08:59,"Biskupin 50mkw, 2 pokoje, LUX po remoncie, meble, AGD, POLECAM!",2500,https://www.otodom.pl/pl/oferta/biskupin-50mkw-2-pokoje-lux-po-remoncie-meble-agd-polecam-ID4zYc1,NIE,240,2,2,"ul. Karola Olszewskiego, Wrocław",brak,gazowe,3000,do zamieszkania,50,2026-02-12
2026-02-11 09:00,Kawalerka w ładnej i cichej okolicy | Dog friendly,2300,https://www.otodom.pl/pl/oferta/kawalerka-w-ladnej-i-cichej-okolicy-dog-friendly-ID4zYb8,NIE,600,2,1,"bulw. Dedala, Wrocław",2019,brak,3000,do zamieszkania,36,2026-02-12
2026-02-11 09:00,"Do wynajęcia nowoczesne 2-pokojowe mieszkanie w Atal Towers – Wrocław,",3800,https://www.otodom.pl/pl/oferta/do-wynajecia-nowoczesne-2-pokojowe-mieszkanie-w-atal-towers-wroclaw-ID4zz9v,NIE,850,brak,2,"ul. gen. Władysława Sikorskiego, Wrocław",2018,miejskie,5500,do zamieszkania,51,2026-02-12
2026-02-11 09:01,Do wynajęcia 2 pok apart ul. Hallera Wrocław,3000,https://www.otodom.pl/pl/oferta/do-wynajecia-2-pok-apart-ul-hallera-wroclaw-ID4xKsk,NIE,850,2,2,"al. gen. Józefa Hallera, Wrocław",2020,brak,3400,do zamieszkania,44,2026-02-12
2026-02-11 09:02,"Mieszkanie 2 pokojowe, rozkładowe, 38 m2,  Różanka/Karłowice, od zaraz",2100,https://www.otodom.pl/pl/oferta/mieszkanie-2-pokojowe-rozkladowe-38-m2-rozanka-karlowice-od-zaraz-ID4zY7S,NIE,850,1,2,"ul. ks. Norberta Bonczyka, Wrocław",brak,miejskie,3100,do zamieszkania,38,2026-02-12
2026-02-11 09:03,"Cicha duża kawalerka, balkon, piwnica, Plac Grunwaldzki",2000,https://www.otodom.pl/pl/oferta/cicha-duza-kawalerka-balkon-piwnica-plac-grunwaldzki-ID4zY54,NIE,800,2,1,"pl. Grunwaldzki, Wrocław",2000,miejskie,brak,do zamieszkania,32,2026-02-12
2026-02-11 09:05,"Kawalerka z garażem, ul.Prądzyńskiego 2700zł całość",1950,https://www.otodom.pl/pl/oferta/kawalerka-z-garazem-ul-pradzynskiego-2700zl-calosc-ID4z2ng,NIE,550,0,1,"ul. gen. Ignacego Prądzyńskiego, Wrocław",2017,miejskie,2500,do zamieszkania,30,2026-02-12
2026-02-11 09:10,Wygodne 2-pok |Duży balkon | Planty Racławickie,3050,https://www.otodom.pl/pl/oferta/wygodne-2-pok-duzy-balkon-planty-raclawickie-ID4zMEx,NIE,810,2,2,"ul. Racławicka, Wrocław",2023,miejskie,4000,do zamieszkania,48,2026-02-12
2026-02-11 09:11,2-pok z Balkonem| Kępa Mieszczańska ul. Dmowskiego,3350,https://www.otodom.pl/pl/oferta/2-pok-z-balkonem-kepa-mieszczanska-ul-dmowskiego-ID4zMF9,NIE,810,6,2,Wrocław,brak,miejskie,3400,do zamieszkania,45,2026-02-12
2026-02-11 09:12,Przestronne 3-pok |Garaż |Balkon |Klima |Jagodno,3400,https://www.otodom.pl/pl/oferta/przestronne-3-pok-garaz-balkon-klima-jagodno-ID4zMDJ,NIE,720,3,3,Wrocław,brak,miejskie,5000,do zamieszkania,52,2026-02-12
2026-02-11 09:20,Komfortowe 2 pokoje | Tyrmanda | od zaraz,2000,https://www.otodom.pl/pl/oferta/komfortowe-2-pokoje-tyrmanda-od-zaraz-ID4A3ch,NIE,856,1,2,Wrocław,brak,brak,brak,brak,45.6,2026-02-12
2026-02-11 09:20,Kawalerka  Serce Wrocławia- Stare Miasto ulica Długa,2000,https://www.otodom.pl/pl/oferta/kawalerka-serce-wroclawia-stare-miasto-ulica-dluga-ID4y8Xi,NIE,500,0,1,"ul. Długa, Wrocław",2023,miejskie,2500,do zamieszkania,18,2026-02-12
2026-02-11 09:21,Kawalerka / BEZ POŚREDNIKÓW / Walońska/ Siłownia / JACUZZI / M. posto.,2700,https://www.otodom.pl/pl/oferta/kawalerka-bez-posrednikow-walonska-silownia-jacuzzi-m-posto-ID4A3ah,NIE,3465,4,1,"ul. Walońska, Wrocław",brak,brak,765,do zamieszkania,33,2026-02-12
2026-02-11 09:25,"Olimpia Port, Wrocław | Dwa pokoje + duży taras",3000,https://www.otodom.pl/pl/oferta/olimpia-port-wroclaw-dwa-pokoje-duzy-taras-ID4kS3V,NIE,800,0,2,Wrocław,2021,miejskie,2600,brak,37.4,2026-02-12
2026-02-11 09:26,Atrakcyjne mieszkanie po remoncie z duzym BALKONEM,2800,https://www.otodom.pl/pl/oferta/atrakcyjne-mieszkanie-po-remoncie-z-duzym-balkonem-ID4yEPI,NIE,800,3,2,"ul. Dzielna, Wrocław",1985,miejskie,5000,do zamieszkania,48,2026-02-12
2026-02-11 09:27,"2-pokojowe mieszkanie 33 m² z dużym balkonem | Osiedle Oaza, ul. Nyska",2400,https://www.otodom.pl/pl/oferta/2-pokojowe-mieszkanie-33-m-z-duzym-balkonem-osiedle-oaza-ul-nyska-ID4zEGZ,NIE,530,1,2,"ul. Nyska, Wrocław",brak,miejskie,3000,do zamieszkania,33,2026-02-12
2026-02-11 09:27,"Obiekt-2023 cisza, zieleń, dobra lokalizacja,3 piętro z dużym balkonem",3500,https://www.otodom.pl/pl/oferta/obiekt-2023-cisza-zielen-dobra-lokalizacja-3-pietro-z-duzym-balkonem-ID4urQt,NIE,1000,3,3,"ul. Paniowicka, Wrocław",2023,miejskie,3500,do zamieszkania,58,2026-02-12
2026-02-11 09:28,|Komandorska|2 Pokoje|Od Zaraz|,2801,https://www.otodom.pl/pl/oferta/komandorska-2-pokoje-od-zaraz-ID4A37b,NIE,650,4,2,"ul. Komandorska, Wrocław",1970,miejskie,3800,brak,45,2026-02-12
2026-02-11 09:29,Krakowskie tarasy 3 pokoje/garaż/klima nad Oławką,3500,https://www.otodom.pl/pl/oferta/krakowskie-tarasy-3-pokoje-garaz-klima-nad-olawka-ID4A36N,NIE,950,5,3,"ul. Krakowska, Wrocław",2020,miejskie,4000,do zamieszkania,54,2026-02-12
2026-02-11 09:29,W ścisłym centrum I Bez prowizji I Dostępne od zaraz I Nowe,2996,https://www.otodom.pl/pl/oferta/w-scislym-centrum-i-bez-prowizji-i-dostepne-od-zaraz-i-nowe-ID4A1lC,NIE,481,2,3,"ul. Kolejowa, Wrocław",2023,miejskie,5992,do zamieszkania,65,2026-02-12
2026-02-11 09:30,49m 2-pokojowe Swojczyce z ogródkiem,2800,https://www.otodom.pl/pl/oferta/49m-2-pokojowe-swojczyce-z-ogrodkiem-ID4A36c,NIE,680,0,2,Wrocław,2019,kotłownia,3600,do zamieszkania,49,2026-02-12
2026-02-11 09:30,"1st Rent- Nowe-Parking-Balkon-Fitness, Spa & More.",3950,https://www.otodom.pl/pl/oferta/1st-rent-nowe-parking-balkon-fitness-spa-more-ID4A36a,NIE,1120,3,2,"ul. Bernardyńska, Wrocław",2025,brak,4800,do zamieszkania,50,2026-02-12
2026-02-11 09:32,Luksusowe_2_pokoje_dwupoziomowe_klimatyzacja_pierwszy_najem_garaż,3600,https://www.otodom.pl/pl/oferta/luksusowe-2-pokoje-dwupoziomowe-klimatyzacja-pierwszy-najem-garaz-ID4A35m,NIE,450,2,2,"ul. Brylantowa, Wrocław",2025,gazowe,7000,do zamieszkania,43,2026-02-12
2026-02-11 09:33,Ulica Magellana ! Pełen Rozkład ! Super Wyposażone Umeblowane Okazja !,2800,https://www.otodom.pl/pl/oferta/ulica-magellana-pelen-rozklad-super-wyposazone-umeblowane-okazja-ID4A355,NIE,0,2,2,"ul. Ferdynanda Magellana, Wrocław",brak,miejskie,brak,do zamieszkania,50,2026-02-12
2026-02-11 09:35,49 m2 | 2 pokoje | Chorwacka | Różanka,2900,https://www.otodom.pl/pl/oferta/49-m2-2-pokoje-chorwacka-rozanka-ID4zEqL,NIE,550,1,2,"ul. Chorwacka, Wrocław",2022,miejskie,3000,do zamieszkania,49,2026-02-12
2026-02-11 09:36,PL | UA | RU | 65m | ogródek | 3 pokoi | od zaraz,4299,https://www.otodom.pl/pl/oferta/pl-ua-ru-65m-ogrodek-3-pokoi-od-zaraz-ID4A34g,NIE,1100,0,3,"al. gen. Józefa Hallera, Wrocław",brak,kotłownia,9000,do zamieszkania,65,2026-02-12
2026-02-11 09:37,Pierwszy_najem_eleganckie_mieszkanie_3_pokoje_klimatyzacja_duży_taras,5600,https://www.otodom.pl/pl/oferta/pierwszy-najem-eleganckie-mieszkanie-3-pokoje-klimatyzacja-duzy-taras-ID4A32u,NIE,750,1,3,"ul. Brylantowa, Wrocław",2025,gazowe,12000,do zamieszkania,74,2026-02-12
2026-02-11 09:37,PL | UA | RU | 2 pokoje | osobna kuchnia | 50m | balkon | od zaraz,2799,https://www.otodom.pl/pl/oferta/pl-ua-ru-2-pokoje-osobna-kuchnia-50m-balkon-od-zaraz-ID4A32I,NIE,1000,4,2,"ul. Inżynierska, Wrocław",brak,miejskie,4000,do zamieszkania,50,2026-02-12
2026-02-11 09:38,WYNAJMĘ LUKSUSOWE MIESZKANIE/5 POKOI jAGODNO,6900,https://www.otodom.pl/pl/oferta/wynajme-luksusowe-mieszkanie-5-pokoi-jagodno-ID4A320,NIE,850,0,5,Wrocław,2019,miejskie,10000,brak,120,2026-02-12
2026-02-11 09:39,PL/UA Apartament 2 p. | Klima | Pets Friendly | Balkon | Od Zaraz,2450,https://www.otodom.pl/pl/oferta/pl-ua-apartament-2-p-klima-pets-friendly-balkon-od-zaraz-ID4A31X,NIE,850,1,2,Wrocław,brak,miejskie,3400,do zamieszkania,36,2026-02-12
2026-02-11 09:43,Do wynajęcia Kawalerka - Wrocław ul. Biskupia (300 metrów od Rynku),2400,https://www.otodom.pl/pl/oferta/do-wynajecia-kawalerka-wroclaw-ul-biskupia-300-metrow-od-rynku-ID4A2Yp,NIE,550,2,1,"ul. Biskupia, Wrocław",2004,miejskie,brak,do zamieszkania,29,2026-02-12
2026-02-11 09:45,Głogowska/Rozkład/Media Miejskie/1 wynajem,2600,https://www.otodom.pl/pl/oferta/glogowska-rozklad-media-miejskie-1-wynajem-ID4A30y,NIE,0,6,2,"ul. Głogowska, Wrocław",1985,miejskie,0,brak,40,2026-02-12
2026-02-11 09:46,Legnicka/LUX/Winda/Garaż,2800,https://www.otodom.pl/pl/oferta/legnicka-lux-winda-garaz-ID4A30x,NIE,0,5,2,"ok. Legnicka/LUX/Taras/Ogródek/Garaż, Wrocław",2020,miejskie,0,do zamieszkania,42,2026-02-12
2026-02-11 09:47,"Przestronne mieszkanie - Nyska (balkon, parking)",2600,https://www.otodom.pl/pl/oferta/przestronne-mieszkanie-nyska-balkon-parking-ID4x65I,NIE,800,3,2,"ul. Nyska, Wrocław",2021,miejskie,3850,do zamieszkania,44,2026-02-12
2026-02-11 09:48,"Klimatyzacja, 2miejsca P, 3pokoje",3100,https://www.otodom.pl/pl/oferta/klimatyzacja-2miejsca-p-3pokoje-ID4zisY,NIE,800,1,3,"ul. Władysława Chachaja, Wrocław",2024,inne,4500,do zamieszkania,54,2026-02-12
2026-02-07 21:12,Brak tytułu,0,https://www.otodom.pl/pl/oferta/braniborska-58-mieszkania-na-wynajem-ID4rJZf,NIE,0,brak,brak,"ul. Braniborska, Wrocław",brak,brak,brak,brak,brak,2026-02-12
2026-02-07 21:14,Brak tytułu,0,https://www.otodom.pl/pl/oferta/port-popowice-mieszkania-na-wynajem-ID4j3rb,NIE,0,brak,brak,Wrocław,brak,brak,brak,brak,brak,2026-02-12
2026-02-07 21:47,Nowy apartament w Centrum Wrocławia – ATAL City Square - Pet friendly!,1999,https://www.otodom.pl/pl/oferta/nowy-apartament-w-centrum-wroclawia-atal-city-square-pet-friendly-ID4yXFd,NIE,600,1,1,Wrocław,2025,miejskie,2599,do zamieszkania,20,2026-02-12
2026-02-07 21:47,Nowy apartament w Centrum Wrocławia – ATAL City Square - Pet friendly!,1999,https://www.otodom.pl/pl/oferta/nowy-apartament-w-centrum-wroclawia-atal-city-square-pet-friendly-ID4yXHF,NIE,600,1,1,Wrocław,2025,miejskie,2599,do zamieszkania,20,2026-02-12
2026-02-07 21:47,Wrocław – Centrum / 2-pokojowe mieszkanie  - Pet friendly!,2050,https://www.otodom.pl/pl/oferta/wroclaw-centrum-2-pokojowe-mieszkanie-pet-friendly-ID4z3W3,NIE,850,5,2,"ul. Jedności Narodowej, Wrocław",2016,miejskie,2900,do zamieszkania,31,2026-02-12
2026-02-07 21:48,"owy apartament – ATAL City Square, ul. Madalińskiego - Pet friendly!",2399,https://www.otodom.pl/pl/oferta/owy-apartament-atal-city-square-ul-madalinskiego-pet-friendly-ID4zFQq,NIE,700,1,1,Wrocław,2024,miejskie,3099,do zamieszkania,33,2026-02-12
2026-02-07 21:48,Nowoczesne 3 pokojowe mieszkanie w centrum miasta,4500,https://www.otodom.pl/pl/oferta/nowoczesne-3-pokojowe-mieszkanie-w-centrum-miasta-ID4zFTW,NIE,588,brak,3,"ul. Kamienna, Wrocław",brak,brak,5200,brak,58,2026-02-12
2026-02-07 21:57,Mieszkanie na wynajem Krzeptów,4000,https://www.otodom.pl/pl/oferta/mieszkanie-na-wynajem-krzeptow-ID4zMzg,NIE,1,1,4,"ul. Dębowa, Krzeptów",2024,brak,5000,do zamieszkania,100,2026-02-12
2026-02-07 21:57,"Pierwszy najem, dwa pokoje, blisko parku",2900,https://www.otodom.pl/pl/oferta/pierwszy-najem-dwa-pokoje-blisko-parku-ID4zZbk,NIE,0,2,2,"ul. Ślężna, Wrocław",2025,miejskie,brak,do zamieszkania,43,2026-02-12
2026-02-07 21:57,3-pokojowe mieszkanie z klimatyzacją ul. Hubska,3250,https://www.otodom.pl/pl/oferta/3-pokojowe-mieszkanie-z-klimatyzacja-ul-hubska-ID4zZa9,NIE,880,5,3,Wrocław,2012,miejskie,brak,do zamieszkania,62,2026-02-12
2026-02-07 21:57,"Nowoczesna kawalerka z balkonem i garażem – Ołtaszyn, ul. Nefrytowa 77",1900,https://www.otodom.pl/pl/oferta/nowoczesna-kawalerka-z-balkonem-i-garazem-oltaszyn-ul-nefrytowa-77-ID4zY1z,NIE,805,2,1,"ul. Nefrytowa, Wrocław",brak,miejskie,2705,do zamieszkania,28,2026-02-12
2026-02-07 21:58,Jasne 2‑pokojowe mieszkanie pierwszy najem - Trzmielowicka,2290,https://www.otodom.pl/pl/oferta/jasne-2pokojowe-mieszkanie-pierwszy-najem-trzmielowicka-ID4zY29,NIE,950,3,2,"ul. Trzmielowicka, Wrocław",brak,miejskie,3240,do zamieszkania,35,2026-02-12
2026-02-07 21:58,3-pokojowe 63 m² | KĘPA MIESZCZAŃSKA | parking w cenie,4600,https://www.otodom.pl/pl/oferta/3-pokojowe-63-m-kepa-mieszczanska-parking-w-cenie-ID4zXFM,NIE,0,1,3,"ul. Mieszczańska, Wrocław",brak,miejskie,5950,do zamieszkania,63,2026-02-12
2026-02-07 21:58,PL |UA| Macedońska| 3 pokojowe | Osobna kuchnia,3270,https://www.otodom.pl/pl/oferta/pl-ua-macedonska-3-pokojowe-osobna-kuchnia-ID4zZ9T,NIE,800,9,3,"ul. Macedońska, Wrocław",brak,miejskie,4300,do zamieszkania,50,2026-02-12
2026-02-07 21:58,PL | UA | RU | Premium 106 m² | 44 piętro | 3 pokoje | Sky Tower,9500,https://www.otodom.pl/pl/oferta/pl-ua-ru-premium-106-m-44-pietro-3-pokoje-sky-tower-ID4zZ9L,NIE,2350,10,3,"ul. Gwiaździsta, Wrocław",brak,brak,9500,brak,106,2026-02-12
2026-02-07 21:58,"Mieszkanie  trzypokojowe - 58 m2, w dobrej lokalizacji, od 2.02.2026",3200,https://www.otodom.pl/pl/oferta/mieszkanie-trzypokojowe-58-m2-w-dobrej-lokalizacji-od-2-02-2026-ID4zf0Q,NIE,530,0,3,"ul. Aleksandra Ostrowskiego, Wrocław",brak,gazowe,3200,do zamieszkania,58,2026-02-12
2026-02-07 21:59,Kawalerka 14m/wysoki standard/Stalowa,2400,https://www.otodom.pl/pl/oferta/kawalerka-14m-wysoki-standard-stalowa-ID4zZ8K,NIE,600,3,1,"ul. Stalowa, Wrocław",brak,electrical,2900,do zamieszkania,14,2026-02-12
2026-02-07 21:59,47 m2 w centrum na wynajem dostępne odręki!,3800,https://www.otodom.pl/pl/oferta/47-m2-w-centrum-na-wynajem-dostepne-odreki-ID4tqxR,NIE,1000,3,2,"ul. Jedności Narodowej, Wrocław",2020,miejskie,9600,do zamieszkania,47,2026-02-12
2026-02-07 21:59,2 pokoje przy rzece | Mp | loggia | klimatyzacja,3200,https://www.otodom.pl/pl/oferta/2-pokoje-przy-rzece-mp-loggia-klimatyzacja-ID4zFbU,NIE,0,1,2,"ul. Walońska, Wrocław",2019,miejskie,brak,do zamieszkania,48.5,2026-02-12
2026-02-07 22:00,Klimatyzowana kawalerka obok Placu Grunwaldzkiego,1750,https://www.otodom.pl/pl/oferta/klimatyzowana-kawalerka-obok-placu-grunwaldzkiego-ID4zMpv,NIE,650,5,1,"pl. Grunwaldzki, Wrocław",brak,brak,2900,do zamieszkania,18,2026-02-12
2026-02-07 22:01,"tylko osoby dorosłe, bez dzieci",2100,https://www.otodom.pl/pl/oferta/tylko-osoby-dorosle-bez-dzieci-ID4zZ5s,NIE,720,1,2,"ul. Dworcowa, Wrocław",1965,brak,2100,do zamieszkania,33.52,2026-02-12
2026-02-07 22:01,"Krzyki, ul. Swobodna - balkon, miejsce postojowe",1900,https://www.otodom.pl/pl/oferta/krzyki-ul-swobodna-balkon-miejsce-postojowe-ID4zZ5o,NIE,0,2,2,"ul. Swobodna, Wrocław",brak,miejskie,brak,do zamieszkania,35,2026-02-12
2026-02-07 22:01,Przestronne mieszkanie 3 pokoi z klimatyzacją,3200,https://www.otodom.pl/pl/oferta/przestronne-mieszkanie-3-pokoi-z-klimatyzacja-ID4ykXt,NIE,0,1,3,"ul. Partyzantów, Wrocław",1928,brak,5000,do zamieszkania,70,2026-02-12
2026-02-07 22:01,Mieszkanie 48 m² z balkonem i osobną kuchnią,2800,https://www.otodom.pl/pl/oferta/mieszkanie-48-m-z-balkonem-i-osobna-kuchnia-ID4zZ4J,NIE,0,4,2,"ul. Żmudzka, Wrocław",brak,miejskie,3000,do zamieszkania,48,2026-02-12
2026-02-07 22:01,"Piękne M3 - duży taras, blisko autobus i tramwaj!",3200,https://www.otodom.pl/pl/oferta/piekne-m3-duzy-taras-blisko-autobus-i-tramwaj-ID4zZ4D,NIE,800,2,3,"ul. Krzycka, Wrocław",brak,gazowe,3200,do zamieszkania,61,2026-02-12
2026-02-07 22:02,"3 pok | 54 m² | osobna kuchnia | balkon,winda | ul. Na Ostatnim Groszu",3500,https://www.otodom.pl/pl/oferta/3-pok-54-m-osobna-kuchnia-balkon-winda-ul-na-ostatnim-groszu-ID4zZ3s,NIE,950,8,3,"ul. Na Ostatnim Groszu, Wrocław",brak,miejskie,5000,do zamieszkania,54,2026-02-12
2026-02-12 08:51,2pokoje z aneksem i łazienką,1800,https://www.otodom.pl/pl/oferta/2pokoje-z-aneksem-i-lazienka-ID4nhOg,NIE,0,1,2,Wrocław,brak,brak,1800,do zamieszkania,33,2026-02-12
2026-02-12 08:52,"mieszkanie 55 m kw., bezpośrednio, bez prowizji",2600,https://www.otodom.pl/pl/oferta/mieszkanie-55-m-kw-bezposrednio-bez-prowizji-ID48a4h,NIE,840,2,2,"ul. Złotnicka, Wrocław",2005,miejskie,2600,do zamieszkania,55,2026-02-12
2026-02-12 08:55,"PL/RU/ENG Kawalerka w centrum | Zmywarka,TV | Internet w cenie",2200,https://www.otodom.pl/pl/oferta/pl-ru-eng-kawalerka-w-centrum-zmywarka-tv-internet-w-cenie-ID4A4HH,NIE,600,2,1,"ul. Tadeusza Kościuszki, Wrocław",brak,gazowe,brak,brak,25,2026-02-12
2026-02-12 08:56,kawalerka - Braniborska 60/11 - bez prowizji,2415,https://www.otodom.pl/pl/oferta/kawalerka-braniborska-60-11-bez-prowizji-ID4A3sj,NIE,253,2,1,Wrocław,2024,miejskie,brak,do zamieszkania,28.09,2026-02-12
2026-02-12 08:56,Wynajme  Kawalerke po Remocie!!,2400,https://www.otodom.pl/pl/oferta/wynajme-kawalerke-po-remocie-ID445l8,NIE,500,5,1,Wrocław,2020,miejskie,3000,do zamieszkania,35,2026-02-12
2026-02-12 08:57,3-pokoje - A. Kopycińskiego 17/40 - bez prowizji,3268,https://www.otodom.pl/pl/oferta/3-pokoje-a-kopycinskiego-17-40-bez-prowizji-ID4A3rD,NIE,490,3,3,Wrocław,2021,miejskie,brak,do zamieszkania,61.22,2026-02-12
2026-02-12 08:58,Wynajme Dwupokojowe mieszkanie po kapitalnym remoncie,2600,https://www.otodom.pl/pl/oferta/wynajme-dwupokojowe-mieszkanie-po-kapitalnym-remoncie-ID447oD,NIE,920,2,2,Wrocław,2020,miejskie,3500,do zamieszkania,35,2026-02-12
2026-02-12 08:58,wyjątkowe mieszkanie 2-pokojowe | blisko centrum | wysoki standard,5900,https://www.otodom.pl/pl/oferta/wyjatkowe-mieszkanie-2-pokojowe-blisko-centrum-wysoki-standard-ID4zI7G,NIE,900,3,2,"ul. Legnicka, Wrocław",1997,miejskie,5900,brak,63,2026-02-12
2026-02-12 08:59,3-pokojowe mieszkanie ul. Jedności Narodowej,3500,https://www.otodom.pl/pl/oferta/3-pokojowe-mieszkanie-ul-jednosci-narodowej-ID4A4G7,NIE,1000,3,3,"ul. Jedności Narodowej, Wrocław",brak,gazowe,5000,do zamieszkania,74,2026-02-12
2026-02-12 09:00,klimatyczne i nowe mieszkanie w kamienicy | wysoki standard,5900,https://www.otodom.pl/pl/oferta/klimatyczne-i-nowe-mieszkanie-w-kamienicy-wysoki-standard-ID4zI7S,NIE,434,1,3,"ul. Gajowa, Wrocław",1912,gazowe,8000,brak,88.5,2026-02-12
2026-02-12 09:02,Przestronne 2-pokojowe mieszkanie 46m2 na Krzykach,3000,https://www.otodom.pl/pl/oferta/przestronne-2-pokojowe-mieszkanie-46m2-na-krzykach-ID4jDI9,NIE,530,3,2,Wrocław,2015,miejskie,4000,do zamieszkania,46.33,2026-02-12
2026-02-12 09:17,| 3 pokoje | pierwszy wynajem | balkon | boczna ul. Legnickiej,3900,https://www.otodom.pl/pl/oferta/3-pokoje-pierwszy-wynajem-balkon-boczna-ul-legnickiej-ID4A4yd,NIE,800,5,3,"ul. Braniborska, Wrocław",2025,miejskie,5000,do zamieszkania,50.15,2026-02-12
2026-02-12 09:18,"Top lokalizacja, Ciche, Tramwaje, Autobusy",2000,https://www.otodom.pl/pl/oferta/top-lokalizacja-ciche-tramwaje-autobusy-ID4A4vH,NIE,460,2,1,"ul. Kamienna, Wrocław",brak,miejskie,2800,do zamieszkania,25,2026-02-12
2026-02-12 09:18,"Umeblowane, SUper, Ciche, Balkon, Parking dedykowa",2400,https://www.otodom.pl/pl/oferta/umeblowane-super-ciche-balkon-parking-dedykowa-ID4A4vG,NIE,730,1,2,"Wichrowa, Wrocław",2018,miejskie,0,brak,37,2026-02-12
2026-02-12 09:19,Ovo Wrocław | 2 Pokoje | 43 m² | Centrum | 3300zł,3300,https://www.otodom.pl/pl/oferta/ovo-wroclaw-2-pokoje-43-m-centrum-3300zl-ID4A4v6,NIE,3300,4,2,"ul. Podwale, Wrocław",2016,miejskie,3500,do zamieszkania,43,2026-02-12
2026-02-12 09:20,CYBULSKIEGO I Centrum I 39m2 I BEZ PROWIZJI,2300,https://www.otodom.pl/pl/oferta/cybulskiego-i-centrum-i-39m2-i-bez-prowizji-ID4A4v0,NIE,500,3,3,"ul. Wojciecha Cybulskiego, Wrocław",brak,electrical,2300,do zamieszkania,39,2026-02-12
2026-02-12 09:20,Mieszkanie / 3 pokoje / balkon+piwnica / Szczepin,2800,https://www.otodom.pl/pl/oferta/mieszkanie-3-pokoje-balkon-piwnica-szczepin-ID4A4w5,NIE,800,10,3,"ul. Inowrocławska, Wrocław",1969,miejskie,brak,do zamieszkania,46,2026-02-12
2026-02-12 09:21,"Mieszkanie 2 pokoje ul. Bajana, Gądów",2400,https://www.otodom.pl/pl/oferta/mieszkanie-2-pokoje-ul-bajana-gadow-ID4A4so,NIE,850,7,2,"ul. Jerzego Bajana, Wrocław",1980,miejskie,2500,do zamieszkania,47,2026-02-12
2026-02-12 09:22,Wynajem po 15.03 Księże Małe Wrocław,2500,https://www.otodom.pl/pl/oferta/wynajem-po-15-03-ksieze-male-wroclaw-ID4A4rE,NIE,2500,2,3,Wrocław,brak,miejskie,2500,do zamieszkania,48,2026-02-12
2026-02-12 09:23,|River Front|Luksusowy Apartament|,20000,https://www.otodom.pl/pl/oferta/river-front-luksusowy-apartament-ID4A4or,NIE,0,7,4,"pl. Jana Pawła II, Wrocław",2022,miejskie,brak,brak,120,2026-02-12
2026-02-12 09:24,Wynajmę kawalerkę w super promocji - Grunwaldzka32,2350,https://www.otodom.pl/pl/oferta/wynajme-kawalerke-w-super-promocji-grunwaldzka32-ID4pevC,NIE,2,2,1,Wrocław,2018,miejskie,2350,do zamieszkania,35,2026-02-12
2026-02-12 09:25,Stylowe 3-pokojowe mieszkanie I ul. Nyska | 59 m² | Pet-friendly,3300,https://www.otodom.pl/pl/oferta/stylowe-3-pokojowe-mieszkanie-i-ul-nyska-59-m-pet-friendly-ID4A4nX,NIE,745,2,3,"ul. Nyska, Wrocław",2020,miejskie,3300,do zamieszkania,59,2026-02-12
2026-02-12 09:26,Krzyki_Dyrekcyjna_2pok_balkon_od Marca,2600,https://www.otodom.pl/pl/oferta/krzyki-dyrekcyjna-2pok-balkon-od-marca-ID4A4o2,NIE,800,3,2,"ul. Jana Władysława Dawida, Wrocław",2015,miejskie,brak,do zamieszkania,45,2026-02-12
2026-02-12 09:27,Piękne 2 pokoje w centrum | taras na dachu | przestrzeń coworkingowa.,3200,https://www.otodom.pl/pl/oferta/piekne-2-pokoje-w-centrum-taras-na-dachu-przestrzen-coworkingowa-ID4A4nc,NIE,840,4,2,"ul. Czysta, Wrocław",2024,miejskie,brak,do zamieszkania,40,2026-02-12
2026-02-12 09:27,"NOWE, PIERWSZY Najem, Balkon, Garaż, Bez pośredników, 10min od rynku",2900,https://www.otodom.pl/pl/oferta/nowe-pierwszy-najem-balkon-garaz-bez-posrednikow-10min-od-rynku-ID4A4mB,NIE,550,1,2,"ul. Blizanowicka, Wrocław",2023,miejskie,6000,do zamieszkania,46.59,2026-02-12
2026-02-12 09:35,"Do wynajęcia przytulne, nowoczesne mieszkanie świe",2300,https://www.otodom.pl/pl/oferta/do-wynajecia-przytulne-nowoczesne-mieszkanie-swie-ID4A4f3,NIE,0,3,1,"im. Stefana Żeromskiego, Wrocław",brak,miejskie,brak,do zamieszkania,26,2026-02-12
2026-02-12 09:38,2 pokojowe mieszkanie z balkonem,2680,https://www.otodom.pl/pl/oferta/2-pokojowe-mieszkanie-z-balkonem-ID4A4b6,NIE,770,7,2,"ul. Jaworska, Wrocław",brak,miejskie,4300,do zamieszkania,37,2026-02-12
2026-02-12 09:38,3 pokoje z antresolą i tarasem 32m2 - Jagodno,4000,https://www.otodom.pl/pl/oferta/3-pokoje-z-antresola-i-tarasem-32m2-jagodno-ID4A1vY,NIE,760,4,3,"Stanisława Drabika, Wrocław",2022,miejskie,brak,do zamieszkania,62.19,2026-02-12
2026-02-12 09:42,Apartament trzypokojowy i 2 łaź. Stare Miasto,4900,https://www.otodom.pl/pl/oferta/apartament-trzypokojowy-i-2-laz-stare-miasto-ID2Atra,NIE,500,6,3,Wrocław,2008,miejskie,8000,brak,82.38,2026-02-12
2026-02-12 09:42,apartament dwupokojowy z aneksem kuchennym i łaź.,3000,https://www.otodom.pl/pl/oferta/apartament-dwupokojowy-z-aneksem-kuchennym-i-laz-ID407X2,NIE,450,6,2,Wrocław,2008,miejskie,4100,do zamieszkania,51.74,2026-02-12
2026-02-12 09:44,"3 pokoje, południe Wrocławia ul Szparagowa",2900,https://www.otodom.pl/pl/oferta/3-pokoje-poludnie-wroclawia-ul-szparagowa-ID4oYfN,NIE,700,0,3,"ul. Szparagowa, Wrocław",brak,miejskie,brak,do zamieszkania,69,2026-02-12
2026-02-12 09:46,DO WYNAJĘCIA OD MARCA wyremontowane mieszkanie  Wrocław-Krzyki Nyska.,3800,https://www.otodom.pl/pl/oferta/do-wynajecia-od-marca-wyremontowane-mieszkanie-wroclaw-krzyki-nyska-ID4A4fq,NIE,500,2,3,"ul. Nyska, Wrocław",1950,gazowe,3800,do zamieszkania,70,2026-02-12
2026-02-07 21:46,"apartament Angel City, SPA i FITNESS w cenie",2500,https://www.otodom.pl/pl/oferta/apartament-angel-city-spa-i-fitness-w-cenie-ID4zDNz,NIE,850,1,1,"ul. Walońska, Wrocław",brak,miejskie,3330,do zamieszkania,29,2026-02-12
2026-02-07 21:46,2 pokoje / Drzewieckiego / Garaż / Bez prowizji,2700,https://www.otodom.pl/pl/oferta/2-pokoje-drzewieckiego-garaz-bez-prowizji-ID4zDMQ,NIE,1200,1,2,"ul. Stefana Drzewieckiego, Wrocław",brak,miejskie,3900,do zamieszkania,50,2026-02-12
2026-02-07 21:46,2 osobne pokoje / Zagony / Nowe / Bez prowizji,2800,https://www.otodom.pl/pl/oferta/2-osobne-pokoje-zagony-nowe-bez-prowizji-ID4zDMp,NIE,1000,1,2,"ul. Zagony, Wrocław",brak,kotłownia,3800,do zamieszkania,40.7,2026-02-12
2026-02-07 22:02,Mikroapartament | Winda | Internet | Karola Miarki,1350,https://www.otodom.pl/pl/oferta/mikroapartament-winda-internet-karola-miarki-ID4zZ2t,NIE,300,5,1,"ul. Karola Miarki, Wrocław",1995,miejskie,brak,brak,11,2026-02-12
2026-02-07 22:02,Wrocław - Stare Miasto - pl. Orląt Lwowskich,2400,https://www.otodom.pl/pl/oferta/wroclaw-stare-miasto-pl-orlat-lwowskich-ID4z3NC,NIE,806,0,2,"pl. Orląt Lwowskich, Wrocław",brak,miejskie,2400,do zamieszkania,46.83,2026-02-12
2026-02-07 22:02,Mikroapartament | Winda | Internet | Karola Miarki,1950,https://www.otodom.pl/pl/oferta/mikroapartament-winda-internet-karola-miarki-ID4roNa,NIE,450,5,1,"ul. Karola Miarki, Wrocław",1995,miejskie,brak,brak,21,2026-02-12
2026-02-07 22:03,"Ołtaszyn, mieszkanie w domu, 2 pokoje, 55m²",2500,https://www.otodom.pl/pl/oferta/oltaszyn-mieszkanie-w-domu-2-pokoje-55m-ID4zZ00,NIE,500,1,2,"ul. Storczykowa, Wrocław",brak,inne,1500,do zamieszkania,55,2026-02-12
2026-02-07 22:03,Kawalerka z osobną kuchnią i miejscem do spania/garderobą,2200,https://www.otodom.pl/pl/oferta/kawalerka-z-osobna-kuchnia-i-miejscem-do-spania-garderoba-ID4zYZr,NIE,800,2,1,"ul. gen. Jana Henryka Dąbrowskiego, Wrocław",brak,miejskie,3000,do zamieszkania,30,2026-02-12
2026-02-07 22:03,"Powstańców Sl. kawalerka , wolna od 1 lutego",2000,https://www.otodom.pl/pl/oferta/powstancow-sl-kawalerka-wolna-od-1-lutego-ID4zIIO,NIE,0,9,1,Wrocław,1980,brak,2700,brak,24,2026-02-12
2026-02-07 22:03,"Jutrzenki - Klecina , dwa osobne pokoje",2950,https://www.otodom.pl/pl/oferta/jutrzenki-klecina-dwa-osobne-pokoje-ID4zQtP,NIE,0,3,2,"Jutrzenki - Klecina , dwa osobne pokoje, Wrocław",2020,brak,3700,brak,45,2026-02-12
2026-02-07 22:03,Wysoki standard | ścisłe centrum | pierwszy najem,3000,https://www.otodom.pl/pl/oferta/wysoki-standard-scisle-centrum-pierwszy-najem-ID4uoWy,NIE,600,3,2,"ul. Henryka Sienkiewicza, Wrocław",2024,miejskie,3800,do zamieszkania,31,2026-02-12
2026-02-07 22:04,Do wynajęcia atrakcyjne 2-pokojowe mieszkanie,2300,https://www.otodom.pl/pl/oferta/do-wynajecia-atrakcyjne-2-pokojowe-mieszkanie-ID4zCQj,NIE,0,4,2,Wrocław,1978,brak,brak,brak,39,2026-02-12
2026-02-07 22:04,Przestronny apartament loftowy | Szczepin,8000,https://www.otodom.pl/pl/oferta/przestronny-apartament-loftowy-szczepin-ID4zSYh,NIE,2200,2,3,"ul. Inowrocławska, Wrocław",2012,miejskie,brak,do zamieszkania,117.2,2026-02-12
2026-02-07 22:04,Ołtaszyn: Odświeżone 54m² z garderobą,3100,https://www.otodom.pl/pl/oferta/oltaszyn-odswiezone-54m-z-garderoba-ID4wbkR,NIE,643,2,2,"ul. Obrońców Poczty Gdańskiej, Wrocław",2004,miejskie,3100,do zamieszkania,54,2026-02-12
2026-02-07 22:05,2 pokoje*Ul.Jedności Narod.*Browary Wrocławskie*,2800,https://www.otodom.pl/pl/oferta/2-pokojeul-jednosci-narod-browary-wroclawskie-ID4zYUm,NIE,681,1,2,"ul. Jedności Narodowej, Wrocław",2021,miejskie,3400,do zamieszkania,38,2026-02-12
2026-02-07 22:05,3 Pokojowe 64 m2 | Wysoki Standard| Od 5 Marca,5800,https://www.otodom.pl/pl/oferta/3-pokojowe-64-m2-wysoki-standard-od-5-marca-ID4zYT9,NIE,1000,5,3,"ul. gen. Władysława Sikorskiego, Wrocław",brak,brak,brak,brak,65,2026-02-12
2026-02-07 22:05,3 pokoje | 54 m² | Port Popowice | 2× klimatyzacja | parking,4600,https://www.otodom.pl/pl/oferta/3-pokoje-54-m-port-popowice-2-klimatyzacja-parking-ID4zsT0,NIE,800,3,3,"ul. Białowieska, Wrocław",2023,miejskie,6000,do zamieszkania,54,2026-02-12
2026-02-07 22:06,Mieszkanie na wynajem 2-pokojowe |ul. Gwiaździsta,3250,https://www.otodom.pl/pl/oferta/mieszkanie-na-wynajem-2-pokojowe-ul-gwiazdzista-ID4zYSZ,NIE,970,4,2,"ul. Gwiaździsta, Wrocław",2021,miejskie,brak,do zamieszkania,49,2026-02-12
2026-02-07 22:06,Kawalerka | 29 m2 | Balkon | Małopanewska,2400,https://www.otodom.pl/pl/oferta/kawalerka-29-m2-balkon-malopanewska-ID4uP69,NIE,650,2,1,"ul. Małopanewska, Wrocław",2019,miejskie,brak,brak,29,2026-02-12
2026-02-07 22:07,"Duże 3 pok. 89mkw, 3 balkony, garaż w budynku, ul. Chrzanowskiego",3600,https://www.otodom.pl/pl/oferta/duze-3-pok-89mkw-3-balkony-garaz-w-budynku-ul-chrzanowskiego-ID4zYQ0,NIE,1086,2,3,"ul. Ignacego Chrzanowskiego, Wrocław",2006,miejskie,5000,do zamieszkania,89,2026-02-12
2026-02-07 22:07,"78 m w centrum Wrocławia dostępne od 10 marca, możliwa rezerwacja!",3900,https://www.otodom.pl/pl/oferta/78-m-w-centrum-wroclawia-dostepne-od-10-marca-mozliwa-rezerwacja-ID4zluX,NIE,880,2,3,"ul. gen. Kazimierza Pułaskiego, Wrocław",2000,miejskie,3900,do zamieszkania,78,2026-02-12
2026-02-07 22:08,"Komfort, 3pok,Psie-Pole/Kłokoczyce/55m2,brand new",2900,https://www.otodom.pl/pl/oferta/komfort-3pok-psie-pole-klokoczyce-55m2-brand-new-ID4zYMl,NIE,400,1,2,Wrocław,1925,gazowe,4500,do zamieszkania,55,2026-02-12
2026-02-07 22:08,Wynajm 2 pok 50 m2 balkon Podwale Wrocławski,2400,https://www.otodom.pl/pl/oferta/wynajm-2-pok-50-m2-balkon-podwale-wroclawski-ID4zYM2,NIE,750,1,2,"ul. Podwale, Wrocław",1967,miejskie,3500,do zamieszkania,50,2026-02-12
2026-02-07 22:08,mieszkanie dla studentów i osób pracujących,2800,https://www.otodom.pl/pl/oferta/mieszkanie-dla-studentow-i-osob-pracujacych-ID4zYL0,NIE,900,1,2,"ul. Grabiszyńska, Wrocław",1960,brak,3500,brak,54,2026-02-12
2026-02-07 22:08,"Mieszkanie, Wysoki Standard, Centrum",4000,https://www.otodom.pl/pl/oferta/mieszkanie-wysoki-standard-centrum-ID4zYKZ,NIE,1500,1,2,"ul. Walońska, Wrocław",brak,brak,6000,brak,57,2026-02-12
2026-02-07 22:08,luksusowy apartament z balkonem i garażem,2600,https://www.otodom.pl/pl/oferta/luksusowy-apartament-z-balkonem-i-garazem-ID4zYL1,NIE,850,3,2,"ul. Przedmiejska, Wrocław",brak,brak,3000,brak,45,2026-02-12
2026-02-07 22:08,Apartament dla lubiących Piękno – wyjątkowy wynajem we Wrocławiu,5600,https://www.otodom.pl/pl/oferta/apartament-dla-lubiacych-piekno-wyjatkowy-wynajem-we-wroclawiu-ID4zpR8,NIE,822,2,2,"ul. Karola Marcinkowskiego, Wrocław",brak,miejskie,10000,do zamieszkania,70,2026-02-12
2026-02-07 22:08,"W pobliżu parku i szkół,osobna kuchnia,duży garaż,",3200,https://www.otodom.pl/pl/oferta/w-poblizu-parku-i-szkol-osobna-kuchnia-duzy-garaz-ID4zYKk,NIE,455,2,3,"ul. Blacharska, Wrocław",2003,gazowe,4100,do zamieszkania,62,2026-02-12
2026-02-07 22:09,"Mieszk. 2 pokoje z aneksem kuch. ul.Piękna, Tarnogaj, Bezpośrednio!",2900,https://www.otodom.pl/pl/oferta/mieszk-2-pokoje-z-aneksem-kuch-ul-piekna-tarnogaj-bezposrednio-ID4zYJt,NIE,550,1,2,"ul. Piękna, Wrocław",2018,miejskie,4000,do zamieszkania,42,2026-02-12
2026-02-07 22:09,2 pok | Apartament | Nowe osiedle,2750,https://www.otodom.pl/pl/oferta/2-pok-apartament-nowe-osiedle-ID4zYJM,NIE,0,2,2,"Wichrowa, Wrocław",2020,miejskie,brak,do zamieszkania,42,2026-02-12
2026-02-07 22:09,"Mieszkanie, 38 m², Wrocław",2200,https://www.otodom.pl/pl/oferta/mieszkanie-38-m-wroclaw-ID4zYJE,NIE,700,7,2,Wrocław,2007,miejskie,brak,do zamieszkania,38,2026-02-12
2026-02-07 22:09,2-pokojowy apartament z tarasem i balkonem,3800,https://www.otodom.pl/pl/oferta/2-pokojowy-apartament-z-tarasem-i-balkonem-ID4zYJF,NIE,850,5,2,"al. gen. Józefa Hallera, Wrocław",2020,miejskie,brak,do zamieszkania,59,2026-02-12
2026-02-07 22:09,Kozanów | 3 pokoje | 63 m² | balkon południowy | Park Zachodni,2700,https://www.otodom.pl/pl/oferta/kozanow-3-pokoje-63-m-balkon-poludniowy-park-zachodni-ID4zYJj,NIE,1200,6,3,Wrocław,1988,brak,4100,do zamieszkania,63,2026-02-12
2026-02-07 22:10,"Wyjątkowy apartament otoczony zielenią z ogródkiem,tarasem,piwnicą.",5000,https://www.otodom.pl/pl/oferta/wyjatkowy-apartament-otoczony-zielenia-z-ogrodkiem-tarasem-piwnica-ID4zYJ8,NIE,0,0,2,Wrocław,brak,gazowe,8000,do zamieszkania,100,2026-02-12
2026-02-07 22:10,Nowoczesna kawalerka 31m² z balkonem i parkingiem | Krzyki,2300,https://www.otodom.pl/pl/oferta/nowoczesna-kawalerka-31m-z-balkonem-i-parkingiem-krzyki-ID4a8Nk,NIE,520,1,1,"ul. gen. Stefana Grota-Roweckiego, Wrocław",2020,miejskie,2400,do zamieszkania,31,2026-02-12
2026-02-07 22:10,"Nowe, klimatyzowane 2 pokoje z balkonem | ul. Syryjska | Pierwszy n...",2700,https://www.otodom.pl/pl/oferta/nowe-klimatyzowane-2-pokoje-z-balkonem-ul-syryjska-pierwszy-n-ID4zYGu,NIE,0,1,2,"Syryjska, Wrocław",2024,miejskie,3800,do zamieszkania,42,2026-02-12
2026-02-07 22:10,Ekskluzywne 2-pokojowe mieszkanie w nowym budynku 2025,2790,https://www.otodom.pl/pl/oferta/ekskluzywne-2-pokojowe-mieszkanie-w-nowym-budynku-2025-ID4zYFw,NIE,0,3,2,"ul. Grabiszyńska, Wrocław",2025,miejskie,brak,do zamieszkania,36,2026-02-12
2026-02-07 22:10,"Przestronne mieszkanie 50m2 z balkonem, ul. Poleska",2500,https://www.otodom.pl/pl/oferta/przestronne-mieszkanie-50m2-z-balkonem-ul-poleska-ID4zYFh,NIE,550,3,2,"ul. Poleska, Wrocław",2010,miejskie,3400,do zamieszkania,50,2026-02-12
2026-02-07 22:11,Na wynajem 37 m² ul. Zielińskiego 2 pokoje,3200,https://www.otodom.pl/pl/oferta/na-wynajem-37-m-ul-zielinskiego-2-pokoje-ID4zYEE,NIE,800,8,2,"ul. Tadeusza Zielińskiego, Wrocław",1960,brak,4500,do zamieszkania,37,2026-02-12
2026-02-07 22:11,Komfortowe 2 pokoje z garażem #Przy Odrze,3400,https://www.otodom.pl/pl/oferta/komfortowe-2-pokoje-z-garazem-przy-odrze-ID4zYBs,NIE,650,1,2,"al. Marcina Kromera, Wrocław",2004,miejskie,4000,do zamieszkania,54.6,2026-02-12
2026-02-07 22:11,Przestronne z balkonem,2900,https://www.otodom.pl/pl/oferta/przestronne-z-balkonem-ID4zYB7,NIE,600,0,2,Wrocław,2010,brak,3500,do zamieszkania,53,2026-02-12
2026-02-07 22:11,Mieszkanie 3 pokojowe/ 53m2/Pet Friendly/VOUCHER 1200 zł!,3200,https://www.otodom.pl/pl/oferta/mieszkanie-3-pokojowe-53m2-pet-friendly-voucher-1200-zl-ID4yvgm,NIE,800,3,3,"ul. Buforowa, Wrocław",2022,miejskie,4500,do zamieszkania,53,2026-02-12
2026-02-07 22:11,Studio Smart 17m2/Pet friendly/Voucher 1000 zł,1700,https://www.otodom.pl/pl/oferta/studio-smart-17m2-pet-friendly-voucher-1000-zl-ID4zKUs,NIE,650,brak,1,"ul. Buforowa, Wrocław",2022,miejskie,2700,do zamieszkania,17,2026-02-12
2026-02-07 22:12,2 pok/ Angel City/ Parking/ SPA & GYM/ Klimatyzacja/ Balkon,3300,https://www.otodom.pl/pl/oferta/2-pok-angel-city-parking-spa-gym-klimatyzacja-balkon-ID4zYyc,NIE,1100,3,2,"ul. Walońska, Wrocław",2023,miejskie,brak,do zamieszkania,50,2026-02-12
2026-02-07 22:12,Przestronne 3-pokojowe mieszkanie z osobną kuchnią – ul. Kiełczowska,3000,https://www.otodom.pl/pl/oferta/przestronne-3-pokojowe-mieszkanie-z-osobna-kuchnia-ul-kielczowska-ID4zYxE,NIE,1000,10,3,"ul. Kiełczowska, Wrocław",brak,miejskie,brak,do zamieszkania,65,2026-02-12
2026-02-07 22:12,"Przytulne, przyjazne dla każdego 2 pokoje na Klecinie",2700,https://www.otodom.pl/pl/oferta/przytulne-przyjazne-dla-kazdego-2-pokoje-na-klecinie-ID4zRVB,NIE,650,2,2,"ul. Cukrowa, Wrocław",2009,miejskie,brak,do zamieszkania,50,2026-02-12
2026-02-07 22:12,"księcia Witolda wyjście na taras z każdego pokoju, garaż i komórka",5800,https://www.otodom.pl/pl/oferta/ksiecia-witolda-wyjscie-na-taras-z-kazdego-pokoju-garaz-i-komorka-ID4ld0j,NIE,0,3,3,"ul. Księcia Witolda, Wrocław",2023,miejskie,brak,do zamieszkania,70,2026-02-12
2026-02-07 22:13,"osiedle ""ogrody Reja""  zamykane 2 duże pokoje, 2 balkony, garaż, winda",2500,https://www.otodom.pl/pl/oferta/osiedle-ogrody-reja-zamykane-2-duze-pokoje-2-balkony-garaz-winda-ID4xvHx,NIE,0,1,2,"ul. Mikołaja Reja, Wrocław",2010,miejskie,brak,do zamieszkania,52,2026-02-12
2026-02-07 22:13,"Tarnogajska osobne 2 duże pokoje,osobna kuchnia,dwustronne,wyposażone",2000,https://www.otodom.pl/pl/oferta/tarnogajska-osobne-2-duze-pokoje-osobna-kuchnia-dwustronne-wyposazone-ID4zITz,NIE,0,2,2,"ul. Tarnogajska, Wrocław",brak,gazowe,brak,do zamieszkania,60,2026-02-12
2026-02-07 22:13,"Nyska, 2 pokoje 48m2 - komórka lokatorska i miejsce postojowe w cenie",3000,https://www.otodom.pl/pl/oferta/nyska-2-pokoje-48m2-komorka-lokatorska-i-miejsce-postojowe-w-cenie-ID4mCyB,NIE,770,3,2,"ul. Nyska, Wrocław",2015,miejskie,3000,do zamieszkania,48,2026-02-12
2026-02-07 22:13,"Wrocław, Sępolno | Dwustronna kawalerka z osobną kuchnią",1950,https://www.otodom.pl/pl/oferta/wroclaw-sepolno-dwustronna-kawalerka-z-osobna-kuchnia-ID4zSSe,NIE,650,0,1,"ul. Zygmunta Sierakowskiego, Wrocław",1930,gazowe,2600,do zamieszkania,31.15,2026-02-12
2026-02-07 22:13,"Zadbane 2-pokojowe mieszkanie z balkonem i loggią – Gaj, duzo zieleńi",2650,https://www.otodom.pl/pl/oferta/zadbane-2-pokojowe-mieszkanie-z-balkonem-i-loggia-gaj-duzo-zieleni-ID4yOIC,NIE,500,1,2,"ul. Piławska, Wrocław",brak,miejskie,3750,brak,47,2026-02-12
2026-02-07 22:14,"Wrocław ! Maślice ! 55m2, 2pok + balkon! Piwnica!",2300,https://www.otodom.pl/pl/oferta/wroclaw-maslice-55m2-2pok-balkon-piwnica-ID4oGqT,NIE,1000,1,2,Wrocław,brak,gazowe,3000,do zamieszkania,55,2026-02-12
2026-02-07 22:14,Sienkiewicza 32 - przy ogrodzie botanicznym,2600,https://www.otodom.pl/pl/oferta/sienkiewicza-32-przy-ogrodzie-botanicznym-ID4zYtF,NIE,0,6,2,"Sienkiewicza 32 - przy ogrodzie botanicznym, Wrocław",2024,brak,3500,do zamieszkania,32,2026-02-12
2026-02-07 22:14,Nowoczesne na Brochowie,2400,https://www.otodom.pl/pl/oferta/nowoczesne-na-brochowie-ID4zYt6,NIE,600,1,2,Wrocław,2024,miejskie,3000,do zamieszkania,46,2026-02-12
2026-02-07 22:15,Mieszkanie 3 pok z balkonem-ul.Piławska,2500,https://www.otodom.pl/pl/oferta/mieszkanie-3-pok-z-balkonem-ul-pilawska-ID4zYsC,NIE,0,4,3,"ul. Piławska, Wrocław",1990,miejskie,brak,do zamieszkania,60,2026-02-12
2026-02-07 22:15,2 pokoje | Oporów | Cesarzowicka | ogródek | garaż  | od zaraz,3000,https://www.otodom.pl/pl/oferta/2-pokoje-oporow-cesarzowicka-ogrodek-garaz-od-zaraz-ID4zYrW,NIE,680,0,2,"ul. Cesarzowicka, Wrocław",2021,brak,4000,do zamieszkania,47.67,2026-02-12
2026-02-07 22:15,"Na wynajem mieszkanie 2 pokojowe w pełnym rozkładzie, bez pośredników",2400,https://www.otodom.pl/pl/oferta/na-wynajem-mieszkanie-2-pokojowe-w-pelnym-rozkladzie-bez-posrednikow-ID4zYqY,NIE,830,brak,2,"ul. Dokerska, Wrocław",brak,miejskie,3500,do zamieszkania,48,2026-02-12
2026-02-07 22:15,"Mieszkanie na wynajem, Wrocław, 3 pokoje",3200,https://www.otodom.pl/pl/oferta/mieszkanie-na-wynajem-wroclaw-3-pokoje-ID4zYqv,NIE,0,2,3,Wrocław,brak,brak,brak,brak,66,2026-02-12
2026-02-07 22:16,Nowa kawalerka Psie Pole z miejscem parkingowym,2300,https://www.otodom.pl/pl/oferta/nowa-kawalerka-psie-pole-z-miejscem-parkingowym-ID4zYq6,NIE,700,2,1,"ul. Miłoszycka, Wrocław",2024,miejskie,3000,do zamieszkania,25,2026-02-12
2026-02-07 22:16,nowe - Białowieska 45A/35A - bez prowizji,3032,https://www.otodom.pl/pl/oferta/nowe-bialowieska-45a-35a-bez-prowizji-ID4zYpy,NIE,429,4,2,Wrocław,2025,miejskie,brak,do zamieszkania,45.13,2026-02-12
2026-02-07 22:16,kawalerka z miejscem postojowym,1800,https://www.otodom.pl/pl/oferta/kawalerka-z-miejscem-postojowym-ID4nooK,NIE,500,0,1,"ul. Saperów, Wrocław",1980,miejskie,2500,do zamieszkania,26,2026-02-12
2026-02-07 22:17,Studio/Grunwaldzka/pierwszy najem/od zaraz!,2800,https://www.otodom.pl/pl/oferta/studio-grunwaldzka-pierwszy-najem-od-zaraz-ID4zRh1,NIE,450,3,1,"ul. Grunwaldzka, Wrocław",2024,miejskie,5000,do zamieszkania,25,2026-02-12
2026-02-07 22:17,"Loft w ścisłym centrum, 3 pokoje + kuchnia, 3 bedrooms in city centre",2800,https://www.otodom.pl/pl/oferta/loft-w-scislym-centrum-3-pokoje-kuchnia-3-bedrooms-in-city-centre-ID4mQqg,NIE,1100,3,3,"ul. gen. Karola Kniaziewicza, Wrocław",brak,miejskie,3900,do zamieszkania,53,2026-02-12
2026-02-07 22:17,Wynajmę mieszkanie 2 pokojowe w wysokim standardzie Port Popowice,2800,https://www.otodom.pl/pl/oferta/wynajme-mieszkanie-2-pokojowe-w-wysokim-standardzie-port-popowice-ID4ebUe,NIE,500,3,2,Wrocław,2021,miejskie,3500,do zamieszkania,37,2026-02-12
2026-02-07 22:17,"Mieszkanie 3 pokoje, 67m2, Po remoncie od zaraz, Wrocław, Fabryczna",3400,https://www.otodom.pl/pl/oferta/mieszkanie-3-pokoje-67m2-po-remoncie-od-zaraz-wroclaw-fabryczna-ID4hzMg,NIE,800,0,3,"ul. Franciszka Juszczaka, Wrocław",2004,miejskie,4200,do zamieszkania,67,2026-02-12
2026-02-07 22:17,Zamieszkaj wygodnie na Gaju |2pok|2balkony|komórka,2600,https://www.otodom.pl/pl/oferta/zamieszkaj-wygodnie-na-gaju-2pok-2balkony-komorka-ID4zYlM,NIE,800,1,2,"ul. Srebrnogórska, Wrocław",2012,miejskie,3500,do zamieszkania,49,2026-02-12
2026-02-07 22:17,2 pokoje | Garaż | Komórka lokatorska | Legnicka,2700,https://www.otodom.pl/pl/oferta/2-pokoje-garaz-komorka-lokatorska-legnicka-ID4zYkO,NIE,750,6,2,"ul. Legnicka, Wrocław",2021,miejskie,brak,do zamieszkania,40,2026-02-12
2026-02-07 22:18,2 POKOJE | KRZYKI-HUBY | WINDA | BLISKO CENTRUM,2000,https://www.otodom.pl/pl/oferta/2-pokoje-krzyki-huby-winda-blisko-centrum-ID4zYkL,NIE,600,4,2,"ul. Śliczna, Wrocław",1979,miejskie,brak,brak,42,2026-02-12
2026-02-07 22:18,Wyjątkowe Dwupokojowe Mieszkanie Nadodrze,3800,https://www.otodom.pl/pl/oferta/wyjatkowe-dwupokojowe-mieszkanie-nadodrze-ID4zYjR,NIE,700,3,2,"ul. Pomorska, Wrocław",brak,gazowe,4500,brak,70,2026-02-12
2026-02-07 22:18,Przytulne dwa pokoje - 31 m2 - Głogowska - boczna Legnickiej,2250,https://www.otodom.pl/pl/oferta/przytulne-dwa-pokoje-31-m2-glogowska-boczna-legnickiej-ID4zEBU,NIE,600,0,2,"ul. Głogowska, Wrocław",1980,miejskie,3000,do zamieszkania,31,2026-02-12
2026-02-07 22:19,2 pokoje | ul. Drabika - Jagodno | Nowe osiedle,2200,https://www.otodom.pl/pl/oferta/2-pokoje-ul-drabika-jagodno-nowe-osiedle-ID4zCzA,NIE,650,4,2,"Stanisława Drabika, Wrocław",2022,miejskie,brak,do zamieszkania,32,2026-02-12
2026-02-07 22:19,3-Pokojowe Mieszkanie W Centrum Wrocławia,3750,https://www.otodom.pl/pl/oferta/3-pokojowe-mieszkanie-w-centrum-wroclawia-ID4zYj1,NIE,850,1,3,"ul. Mieszczańska, Wrocław",2019,miejskie,brak,do zamieszkania,57,2026-02-12
2026-02-07 22:19,"2 pokoje, oddzielna kuchnia, OGRÓDEK + 2 tarasy",3200,https://www.otodom.pl/pl/oferta/2-pokoje-oddzielna-kuchnia-ogrodek-2-tarasy-ID4iSjR,NIE,497,0,2,Wrocław,2022,kotłownia,5000,do zamieszkania,49,2026-02-12
2026-02-07 22:19,"Mieszkanie do wynajęcia 3 pokoje 52,5 m  Krzyki Brochów ul. Semaforowa",3000,https://www.otodom.pl/pl/oferta/mieszkanie-do-wynajecia-3-pokoje-52-5-m-krzyki-brochow-ul-semaforowa-ID4zMIA,NIE,1000,0,3,"ul. Semaforowa, Wrocław",2008,brak,4000,do zamieszkania,52.5,2026-02-12
2026-02-07 22:19,3 pokoje | Balkon | Garaż | Spokojna okolica,3000,https://www.otodom.pl/pl/oferta/3-pokoje-balkon-garaz-spokojna-okolica-ID4zYia,NIE,1050,0,3,"ul. Smardzowska, Wrocław",2019,inne,brak,do zamieszkania,57,2026-02-12
2026-02-07 22:20,Przytulne mieszkanie przy Hali Stulecia,2100,https://www.otodom.pl/pl/oferta/przytulne-mieszkanie-przy-hali-stulecia-ID4rh7D,NIE,350,3,1,"ul. Zygmunta Wróblewskiego, Wrocław",brak,electrical,2500,do zamieszkania,20,2026-02-12
2026-02-07 22:20,Mieszkanie 3-pokojowe z chillout roomem | Możliwość wynajęcia biura,2999,https://www.otodom.pl/pl/oferta/mieszkanie-3-pokojowe-z-chillout-roomem-mozliwosc-wynajecia-biura-ID4zYgv,NIE,860,0,3,"ul. Drukarska, Wrocław",brak,miejskie,brak,brak,51,2026-02-12
2026-02-07 22:20,Mieszkanie przy Parku Szczytnickim | Brak czynszu,2100,https://www.otodom.pl/pl/oferta/mieszkanie-przy-parku-szczytnickim-brak-czynszu-ID4zYgp,NIE,0,0,1,"al. Ignacego Jana Paderewskiego, Wrocław",brak,gazowe,brak,brak,35,2026-02-12
2026-02-07 22:20,Mieszkanie z balkonem | Ścisłe centrum Wrocławia,2200,https://www.otodom.pl/pl/oferta/mieszkanie-z-balkonem-scisle-centrum-wroclawia-ID4zYgg,NIE,650,3,1,"ul. Władysława Jagiełły, Wrocław",brak,miejskie,brak,brak,33,2026-02-12
2026-02-07 22:20,"2pok + kuchnia + balkon + parking, Tarnogaj, ul. Międzyleska",3200,https://www.otodom.pl/pl/oferta/2pok-kuchnia-balkon-parking-tarnogaj-ul-miedzyleska-ID4zRny,NIE,850,1,2,"ul. Międzyleska, Wrocław",2025,miejskie,4050,do zamieszkania,42,2026-02-12
2026-02-07 22:21,Piekna Kawalerka W Atal Towers -Sikorskiego,2500,https://www.otodom.pl/pl/oferta/piekna-kawalerka-w-atal-towers-sikorskiego-ID4zYcQ,NIE,550,6,1,"ul. gen. Władysława Sikorskiego, Wrocław",2017,miejskie,3100,to_completion,29,2026-02-12
2026-02-07 22:21,Przestronna Kawalerka mieszkanie przy ul. Duboisa,2450,https://www.otodom.pl/pl/oferta/przestronna-kawalerka-mieszkanie-przy-ul-duboisa-ID4zYcN,NIE,550,4,1,"ul. Stanisława Dubois, Wrocław",2015,miejskie,brak,to_completion,40,2026-02-12
2026-02-07 22:21,PetsFriendly | 2 pokoje | Balkon | 3200 zł za całość | OD ZARAZ,2500,https://www.otodom.pl/pl/oferta/petsfriendly-2-pokoje-balkon-3200-zl-za-calosc-od-zaraz-ID4zHa7,NIE,600,2,2,"ul. gen. Karola Kniaziewicza, Wrocław",brak,miejskie,3500,do zamieszkania,45,2026-02-12
2026-02-07 22:22,"Stylowe 2 pokoje | Zakładowa, Wrocław – zamieszkaj w prestiżowej ok...",2850,https://www.otodom.pl/pl/oferta/stylowe-2-pokoje-zakladowa-wroclaw-zamieszkaj-w-prestizowej-ok-ID4zYcy,NIE,0,1,2,"ul. Zakładowa, Wrocław",2018,miejskie,3500,do zamieszkania,40,2026-02-12
2026-02-07 22:22,"Ładna, zadbana kawalerka z osobną kuchnią! Miejsce postojowe.",2600,https://www.otodom.pl/pl/oferta/ladna-zadbana-kawalerka-z-osobna-kuchnia-miejsce-postojowe-ID4nsxM,NIE,550,6,1,"ul. Tadeusza Kościuszki, Wrocław",2022,miejskie,3150,do zamieszkania,30,2026-02-12
2026-02-07 22:23,Kawalerka / taras + ogródek / Atal Towers,2500,https://www.otodom.pl/pl/oferta/kawalerka-taras-ogrodek-atal-towers-ID4zYaK,NIE,780,4,1,"ul. gen. Władysława Sikorskiego, Wrocław",2018,miejskie,6000,brak,34.4,2026-02-12
2026-02-07 22:23,Bezczynszowe|duży ogród|po remoncie,3400,https://www.otodom.pl/pl/oferta/bezczynszowe-duzy-ogrod-po-remoncie-ID4zPhL,NIE,0,0,3,"ul. Krzemieniecka, Wrocław",brak,gazowe,4500,brak,50,2026-02-12
2026-02-07 22:24,"mieszkanie ul. Legnicka, 2 pokoje, osobna kuchnia, KLIMATYZACJA",2750,https://www.otodom.pl/pl/oferta/mieszkanie-ul-legnicka-2-pokoje-osobna-kuchnia-klimatyzacja-ID4zXeV,NIE,700,6,2,"ul. Głogowska, Wrocław",brak,miejskie,7000,do zamieszkania,40,2026-02-12
2026-02-07 22:24,Przytulna kawalerka na Sadybie,2600,https://www.otodom.pl/pl/oferta/przytulna-kawalerka-na-sadybie-ID4t2yF,NIE,0,3,1,"ul. Katalońska, Warszawa",brak,miejskie,2600,do zamieszkania,35,2026-02-12
2026-02-07 22:24,Przestronne | Jasne | Centrum | Balkon | Od zaraz,2299,https://www.otodom.pl/pl/oferta/przestronne-jasne-centrum-balkon-od-zaraz-ID4zY6N,NIE,750,2,2,"pl. marsz. Józefa Piłsudskiego, Wrocław",brak,brak,3000,brak,51.95,2026-02-12
2026-02-07 22:24,Przestronny apartament z oddzielną kuchnią,3450,https://www.otodom.pl/pl/oferta/przestronny-apartament-z-oddzielna-kuchnia-ID4zY6t,NIE,1200,2,3,"ul. gen. Kazimierza Pułaskiego, Wrocław",1992,miejskie,0,do zamieszkania,69.3,2026-02-12
2026-02-07 22:25,Wysoki standard | Sienkiewicza Residents,3600,https://www.otodom.pl/pl/oferta/wysoki-standard-sienkiewicza-residents-ID4zY5C,NIE,500,1,2,"ul. Henryka Sienkiewicza, Wrocław",2025,brak,4100,do zamieszkania,40,2026-02-12
2026-02-07 22:28,"Słoneczne, rozkładowe 3 pokoje z miejscem do parkowania, ok. Pl.Bema",2900,https://www.otodom.pl/pl/oferta/sloneczne-rozkladowe-3-pokoje-z-miejscem-do-parkowania-ok-pl-bema-ID4zXRF,NIE,1050,3,3,"ul. Nowowiejska, Wrocław",brak,miejskie,4000,do zamieszkania,51,2026-02-12
2026-02-07 22:28,2 pokoje / 54m2 / Balkon / Parking / ul. Zatorska,2500,https://www.otodom.pl/pl/oferta/2-pokoje-54m2-balkon-parking-ul-zatorska-ID4zXPp,NIE,750,1,3,"ul. Zatorska, Wrocław",brak,miejskie,4500,do zamieszkania,54.4,2026-02-12
2026-02-07 22:29,614/9296/OMW,3300,https://www.otodom.pl/pl/oferta/614-9296-omw-ID4zwjo,NIE,800,0,3,"al. Piastów, Wrocław",brak,miejskie,3300,do zamieszkania,65.6,2026-02-12
2026-02-07 22:46,Mieszkanie z klasą | Rynek | m.p,2600,https://www.otodom.pl/pl/oferta/mieszkanie-z-klasa-rynek-m-p-ID4zHVJ,NIE,820,4,1,"ul. Krawiecka, Wrocław",2006,miejskie,3000,brak,27,2026-02-12
2026-02-07 22:46,#ERROR!,3300,https://www.otodom.pl/pl/oferta/hit-w-pelni-rozkladowe-3-pokoje-olimpia-port-ID4zM83,NIE,0,3,3,"ul. Marca Polo, Wrocław",2018,kotłownia,4300,do zamieszkania,58,2026-02-12
2026-02-07 22:46,"Kawalerka, wysoki standard, samo centrum",2300,https://www.otodom.pl/pl/oferta/kawalerka-wysoki-standard-samo-centrum-ID4zR7C,NIE,600,2,1,"ul. Walońska, Wrocław",brak,brak,2300,brak,28,2026-02-12
2026-02-07 22:46,749875,3000,https://www.otodom.pl/pl/oferta/749875-ID4zF4l,NIE,1000,1,2,"ul. Przejazdowa, Wrocław",brak,miejskie,5000,do zamieszkania,63,2026-02-12
2026-02-07 22:49,2 pokoje | Nowe | Pierwszy Najem | Kozanów,2500,https://www.otodom.pl/pl/oferta/2-pokoje-nowe-pierwszy-najem-kozanow-ID4z4qs,NIE,0,4,2,"ul. Dokerska, Wrocław",1987,miejskie,2300,brak,50.5,2026-02-12
2026-02-07 22:49,3 pok | Apartament nad Odrą | Centrum| Atal Towers,4000,https://www.otodom.pl/pl/oferta/3-pok-apartament-nad-odra-centrum-atal-towers-ID4zI5r,NIE,1200,4,3,"ul. gen. Władysława Sikorskiego, Wrocław",2018,miejskie,5000,do zamieszkania,55,2026-02-12
2026-02-07 22:51,3 POK z balkonem | Promenady Zakładowa | Bezpośrednio,3669,https://www.otodom.pl/pl/oferta/3-pok-z-balkonem-promenady-zakladowa-bezposrednio-ID4zHWM,NIE,509,6,3,"ul. Zakładowa, Wrocław",2019,miejskie,4586,do zamieszkania,61.1,2026-02-12
2026-02-07 22:52,Mieszkanie na wynajem w cichej i spokojnej okolicy,3800,https://www.otodom.pl/pl/oferta/mieszkanie-na-wynajem-w-cichej-i-spokojnej-okolicy-ID4zVJS,NIE,1100,3,4,"ul. Tadeusza Mikulskiego, Wrocław",brak,inne,brak,do zamieszkania,98,2026-02-12
2026-02-07 22:55,3-pok| Klima| Komórka| Parking | Kurkowa,3500,https://www.otodom.pl/pl/oferta/3-pok-klima-komorka-parking-kurkowa-ID4qFrx,NIE,1100,7,3,"ul. Kurkowa, Wrocław",2022,miejskie,4800,brak,61,2026-02-12
2026-02-07 22:55,Mieszkanie 2 pokoje | Wysoki Standard | Ul.Ołbińska |Wrocław| Nadodrze,2600,https://www.otodom.pl/pl/oferta/mieszkanie-2-pokoje-wysoki-standard-ul-olbinska-wroclaw-nadodrze-ID4zVzJ,NIE,800,0,2,"ul. Ołbińska, Wrocław",brak,brak,4000,do zamieszkania,37,2026-02-12
2026-02-07 23:10,"Pierwszy najem, M. Postojowe, Browary Wrocławskie",5000,https://www.otodom.pl/pl/oferta/pierwszy-najem-m-postojowe-browary-wroclawskie-ID4zMAr,NIE,1300,3,4,"ul. Jedności Narodowej, Wrocław",2025,miejskie,brak,do zamieszkania,71,2026-02-12
2026-02-07 22:27,"Od zaraz, 2 pokoje, winda",2399,https://www.otodom.pl/pl/oferta/od-zaraz-2-pokoje-winda-ID4zXWP,TAK,500,10,2,"ul. Zemska, Wrocław",1980,miejskie,3100,do zamieszkania,33,2026-02-13
2026-02-07 23:02,PL/UA Księcia Witolda | Apartament z klimatyzacją | Od Zaraz | Centrum,2599,https://www.otodom.pl/pl/oferta/pl-ua-ksiecia-witolda-apartament-z-klimatyzacja-od-zaraz-centrum-ID4zVkA,TAK,851,5,1,"ul. Księcia Witolda, Wrocław",brak,miejskie,3500,do zamieszkania,35,2026-02-13
2026-02-07 23:15,Mieszkanie 50m2 Olimpia Port-wynajem,3250,https://www.otodom.pl/pl/oferta/mieszkanie-50m2-olimpia-port-wynajem-ID3Jy56,NIE,1000,3,2,"ul. Jamesa Cooka, Wrocław",2018,miejskie,4000,do zamieszkania,50,2026-02-13
2026-02-07 23:22,2 -pok.| Po remoncie| Piwnica| Brochów,2350,https://www.otodom.pl/pl/oferta/2-pok-po-remoncie-piwnica-brochow-ID4sPz3,NIE,900,0,2,"ul. Centralna, Wrocław",1920,gazowe,3200,do zamieszkania,39,2026-02-13
2026-02-07 23:22,Kawalerka| Wysoki standard| Balkon| Kępa,2300,https://www.otodom.pl/pl/oferta/kawalerka-wysoki-standard-balkon-kepa-ID4tJhA,NIE,750,1,1,"ul. Zyndrama z Maszkowic, Wrocław",2019,miejskie,3100,do zamieszkania,29,2026-02-13
2026-02-07 23:22,2pok | Nowe | Klima | Quorum | Sikorskiego,3300,https://www.otodom.pl/pl/oferta/2pok-nowe-klima-quorum-sikorskiego-ID4yIFM,TAK,710,7,2,"ul. gen. Władysława Sikorskiego, Wrocław",2024,miejskie,4400,brak,46,2026-02-13
2026-02-07 23:23,3-pok| Przyjazne zwierzakom| Taras | Obornicka,2500,https://www.otodom.pl/pl/oferta/3-pok-przyjazne-zwierzakom-taras-obornicka-ID4yKUY,NIE,1500,5,3,"ul. Obornicka, Wrocław",brak,miejskie,4000,brak,71,2026-02-13
2026-02-07 23:23,2-pok | Parking | Komórka | Klima | Port Popowice,3000,https://www.otodom.pl/pl/oferta/2-pok-parking-komorka-klima-port-popowice-ID4zpMy,TAK,850,8,2,"ul. Białowieska, Wrocław",2021,miejskie,4150,brak,42.22,2026-02-13
2026-02-07 23:38,Mieszkanie po remoncie 32 m2 w Śródmieściu - Plac Grunwaldzki,2900,https://www.otodom.pl/pl/oferta/mieszkanie-po-remoncie-32-m2-w-srodmiesciu-plac-grunwaldzki-ID4zP5E,TAK,0,1,2,"ul. Marii Curie-Skłodowskiej, Wrocław",brak,gazowe,3400,do zamieszkania,32,2026-02-13
2026-02-07 23:55,Słoneczne mieszkanie z balkonem na plac,3600,https://www.otodom.pl/pl/oferta/sloneczne-mieszkanie-z-balkonem-na-plac-ID4zTJV,NIE,1000,2,3,Wrocław,1940,gazowe,5000,do zamieszkania,78,2026-02-13
2026-02-07 23:58,Mieszkanie w sercu Wrocławia (3 pok) / Three-room apartment for rent,3000,https://www.otodom.pl/pl/oferta/mieszkanie-w-sercu-wroclawia-3-pok-three-room-apartment-for-rent-ID4zTvD,NIE,1090,3,3,"ul. Lucjana Siemieńskiego, Wrocław",brak,miejskie,4000,do zamieszkania,70,2026-02-13
2026-02-08 00:04,BEZ POŚREDNIKÓW/ Wrocław/Krzyki/91m2/Zaolziańska/ 3pok.+garaż w cenie,3000,https://www.otodom.pl/pl/oferta/bez-posrednikow-wroclaw-krzyki-91m2-zaolzianska-3pok-garaz-w-cenie-ID4zT13,NIE,1712,4,3,"ul. Zaolziańska, Wrocław",brak,miejskie,5000,do zamieszkania,91,2026-02-13
2026-02-08 00:06,Browary Wrocławskie/Apartament/Taras,9400,https://www.otodom.pl/pl/oferta/browary-wroclawskie-apartament-taras-ID4zNOX,NIE,2500,10,3,"ul. Jedności Narodowej, Wrocław",2023,miejskie,brak,do zamieszkania,100,2026-02-13
2026-02-08 00:07,Apartament na Krzykach we Wrocławiu do WYNAJĘCIA,5800,https://www.otodom.pl/pl/oferta/apartament-na-krzykach-we-wroclawiu-do-wynajecia-ID4zSSx,TAK,1400,1,3,"ul. Drukarska, Wrocław",2023,miejskie,brak,do zamieszkania,67.62,2026-02-13
2026-02-08 00:10,"Apartament LOFT Angel City, Siłownia i SPA, 2 x garaż",4000,https://www.otodom.pl/pl/oferta/apartament-loft-angel-city-silownia-i-spa-2-x-garaz-ID4zKkP,TAK,1500,1,2,"ul. Walońska, Wrocław",2022,miejskie,6000,do zamieszkania,57,2026-02-13
2026-02-08 00:12,Dwupokojowe mieszkanie z balkonem i oddzielną kuchnią,2500,https://www.otodom.pl/pl/oferta/dwupokojowe-mieszkanie-z-balkonem-i-oddzielna-kuchnia-ID4zSuu,NIE,685,0,2,"ul. Hermanowska, Wrocław",2018,miejskie,3500,do zamieszkania,49.81,2026-02-13
2026-02-08 00:28,Mieszkanie w centrum wolne od zaraz,3500,https://www.otodom.pl/pl/oferta/mieszkanie-w-centrum-wolne-od-zaraz-ID4tuj4,TAK,500,5,2,Wrocław,brak,brak,3500,do zamieszkania,47.5,2026-02-13
2026-02-08 00:33,"4 pokoje z ogrodem 108 m2,Biskupin, cisza i spokój",5000,https://www.otodom.pl/pl/oferta/4-pokoje-z-ogrodem-108-m2-biskupin-cisza-i-spokoj-ID4svwv,NIE,0,0,4,Wrocław,brak,gazowe,5000,do zamieszkania,108,2026-02-13
2026-02-08 00:36,"3pok., International School, garaż, Krzyki, Racławicka, Wichrowa",5000,https://www.otodom.pl/pl/oferta/3pok-international-school-garaz-krzyki-raclawicka-wichrowa-ID4zIPs,TAK,805,0,3,"ul. Racławicka, Wrocław",2021,miejskie,6000,do zamieszkania,66.41,2026-02-13
2026-02-08 00:49,Wysoki standard-Garaż-Klimatyzacja-2Balkony,3100,https://www.otodom.pl/pl/oferta/wysoki-standard-garaz-klimatyzacja-2balkony-ID4zPOC,NIE,1100,1,3,"ul. Chabrowa, Wysoka",2007,miejskie,5000,do zamieszkania,64,2026-02-13
2026-02-08 00:55,Osobna kuchnia | Winda | Rozkład | Hynka,1900,https://www.otodom.pl/pl/oferta/osobna-kuchnia-winda-rozklad-hynka-ID4r6hZ,NIE,740,3,1,"ul. Franciszka Hynka, Wrocław",brak,miejskie,2640,brak,34.3,2026-02-13
2026-02-08 00:55,Wysoki standard | Zieleń | Balkon | parking,3800,https://www.otodom.pl/pl/oferta/wysoki-standard-zielen-balkon-parking-ID4zJLA,TAK,1000,1,3,"ul. ks. Jana Dzierżonia, Wrocław",2015,miejskie,8000,do zamieszkania,75,2026-02-13
2026-02-08 00:57,Mieszkanie 3-pok | Parking | Rozkład | Braniborska,3500,https://www.otodom.pl/pl/oferta/mieszkanie-3-pok-parking-rozklad-braniborska-ID4sxJc,NIE,1000,5,3,"ul. Braniborska, Wrocław",2021,miejskie,5550,brak,50,2026-02-13
2026-02-08 01:04,Mieszkanie do wynajęcia Olimpia Port - 50 m2,3250,https://www.otodom.pl/pl/oferta/mieszkanie-do-wynajecia-olimpia-port-50-m2-ID45ioD,NIE,1000,1,2,"ul. Ferdynanda Magellana, Wrocław",2018,miejskie,4000,do zamieszkania,55,2026-02-13
2026-02-08 01:05,"Racławicka, apartament z garażem i ochroną",4500,https://www.otodom.pl/pl/oferta/raclawicka-apartament-z-garazem-i-ochrona-ID4zrkU,NIE,2000,1,3,"ul. Racławicka, Wrocław",brak,miejskie,6500,do zamieszkania,91,2026-02-13
2026-02-08 01:09,Trzypokojowe mieszkanie z balkonem w Wrocławiu,3500,https://www.otodom.pl/pl/oferta/trzypokojowe-mieszkanie-z-balkonem-w-wroclawiu-ID4ztyn,NIE,600,5,3,Wrocław,brak,brak,3500,brak,50,2026-02-13
2026-02-08 01:12,"Mieszkanie 49m2, Promenady Wrocławskie, Wrocław",2900,https://www.otodom.pl/pl/oferta/mieszkanie-49m2-promenady-wroclawskie-wroclaw-ID2OeRb,NIE,700,2,2,"ul. Zakładowa, Wrocław",2015,miejskie,3500,do zamieszkania,49,2026-02-13
2026-02-08 01:22,Słoneczne 3pokoje na Osiedlu Przyjaźni na Krzykach,2600,https://www.otodom.pl/pl/oferta/sloneczne-3pokoje-na-osiedlu-przyjazni-na-krzykach-ID4zMOF,TAK,1030,2,3,"ul. Krzycka, Wrocław",1980,miejskie,2600,do zamieszkania,58,2026-02-13
2026-02-08 01:22,"Dwupokojowe, Legnicka/Głogowska, 44mkw, 2750zł całość",2100,https://www.otodom.pl/pl/oferta/dwupokojowe-legnicka-glogowska-44mkw-2750zl-calosc-ID4zpuC,NIE,500,9,2,Wrocław,brak,miejskie,2500,do zamieszkania,44,2026-02-13
2026-02-08 01:22,Atrakcyjne mieszkanie do wynajmu,2600,https://www.otodom.pl/pl/oferta/atrakcyjne-mieszkanie-do-wynajmu-ID4zdUm,TAK,750,2,2,"ul. Tomaszowska, Wrocław",brak,brak,2600,do zamieszkania,51,2026-02-13
2026-02-08 01:22,Do wynajęcia 2 pokojowe w domu jednorodzinnym,2200,https://www.otodom.pl/pl/oferta/do-wynajecia-2-pokojowe-w-domu-jednorodzinnym-ID4yB2O,NIE,0,1,2,"al. Jana Kasprowicza, Wrocław",1987,gazowe,brak,do zamieszkania,47,2026-02-13
2026-02-08 01:23,3-pok | 3900 za całość | Od Zaraz | Pets Friendly | Centrum | Parking,3000,https://www.otodom.pl/pl/oferta/3-pok-3900-za-calosc-od-zaraz-pets-friendly-centrum-parking-ID4zHxx,TAK,750,2,3,"ul. gen. Romualda Traugutta, Wrocław",brak,miejskie,3000,do zamieszkania,50,2026-02-13
2026-02-08 01:23,3 Oddzielne Pok | Komórka Lokatorska | Balkon | Pets Friendly,3200,https://www.otodom.pl/pl/oferta/3-oddzielne-pok-komorka-lokatorska-balkon-pets-friendly-ID4zHvL,NIE,1000,4,3,"ul. Szybowcowa, Wrocław",brak,miejskie,brak,do zamieszkania,60,2026-02-13
2026-02-08 01:23,Pierwszy najem I miejsce postojowe I wyposażone,2300,https://www.otodom.pl/pl/oferta/pierwszy-najem-i-miejsce-postojowe-i-wyposazone-ID4zp6I,NIE,550,0,1,"gen. Antoniego Madalińskiego, Wrocław",2025,miejskie,3000,do zamieszkania,32,2026-02-13
2026-02-08 01:23,Od zaraz - Ogródek | Garaż | Komórka | Balkon | 75 m2,3999,https://www.otodom.pl/pl/oferta/od-zaraz-ogrodek-garaz-komorka-balkon-75-m2-ID4zGPs,NIE,1099,0,3,"ul. Kawalerzystów, Wrocław",brak,miejskie,brak,do zamieszkania,75,2026-02-13
2026-02-08 01:23,"Wojszyce/Ołtaszyn-Orawska,2pok,loggia9m2-południe,1piętro,garaż,2025r.",2600,https://www.otodom.pl/pl/oferta/wojszyce-oltaszyn-orawska-2pok-loggia9m2-poludnie-1pietro-garaz-2025r-ID4zoqH,TAK,668,1,2,"ul. Orawska, Wrocław",2025,kotłownia,3500,do zamieszkania,40.73,2026-02-13
2026-02-08 01:24,"2 pokoje z klimatyzacją | 49,83 m2 | Garaż",2700,https://www.otodom.pl/pl/oferta/2-pokoje-z-klimatyzacja-49-83-m2-garaz-ID4zMLi,NIE,680,3,2,"ul. Zabrodzka, Wrocław",2004,miejskie,3500,do zamieszkania,49.83,2026-02-13
2026-02-08 01:24,Elegancka kawalerka w sercu Wrocławia - centrum | pierwszy najem,2600,https://www.otodom.pl/pl/oferta/elegancka-kawalerka-w-sercu-wroclawia-centrum-pierwszy-najem-ID4zMHN,TAK,400,2,1,"ul. Prosta, Wrocław",brak,miejskie,3000,do zamieszkania,23,2026-02-13
2026-02-08 01:25,Nowoczesne 2-pokojowe mieszkanie | Port Popowice | Wysoki standard,3000,https://www.otodom.pl/pl/oferta/nowoczesne-2-pokojowe-mieszkanie-port-popowice-wysoki-standard-ID4zME6,TAK,650,3,2,"ul. Białowieska, Wrocław",2023,miejskie,3900,brak,43,2026-02-13
2026-02-08 01:25,2 pokoje | Centrum | Balkon | Garaż w cenie | Po remoncie | Winda,3700,https://www.otodom.pl/pl/oferta/2-pokoje-centrum-balkon-garaz-w-cenie-po-remoncie-winda-ID4zMzE,NIE,750,2,2,"ul. gen. Jana Henryka Dąbrowskiego, Wrocław",2014,miejskie,3700,do zamieszkania,43.4,2026-02-13
2026-02-08 01:25,Wysokiej klasy 2-pokojowy apartament na Kępie,4950,https://www.otodom.pl/pl/oferta/wysokiej-klasy-2-pokojowy-apartament-na-kepie-ID4zMyd,NIE,1200,6,2,Wrocław,2022,miejskie,brak,do zamieszkania,63.09,2026-02-13
2026-02-08 01:25,"W Rynku, przestronne, eleganckie, duże okna",3500,https://www.otodom.pl/pl/oferta/w-rynku-przestronne-eleganckie-duze-okna-ID4zMua,NIE,1000,1,2,"ul. Świdnicka, Wrocław",brak,miejskie,4800,do zamieszkania,60.52,2026-02-13
2026-02-08 01:26,Ovo Modern Studio For Rent,2600,https://www.otodom.pl/pl/oferta/ovo-modern-studio-for-rent-ID4zMig,TAK,0,5,1,"ul. Podwale, Wrocław",2017,miejskie,3500,do zamieszkania,25,2026-02-13
2026-02-08 01:26,Nowoczesna Kawalerka z osobnym wejściem OD ZARAZ,1900,https://www.otodom.pl/pl/oferta/nowoczesna-kawalerka-z-osobnym-wejsciem-od-zaraz-ID4zMhf,NIE,0,0,1,"ul. Strachocińska, Wrocław",2001,miejskie,2500,do zamieszkania,22,2026-02-13
2026-02-08 01:26,"Słoneczne mieszkanie, 2pok.-blisko lotniska, AOW",2750,https://www.otodom.pl/pl/oferta/sloneczne-mieszkanie-2pok-blisko-lotniska-aow-ID4zMcQ,NIE,780,2,2,Wrocław,2018,brak,5500,do zamieszkania,51,2026-02-13
2026-02-08 01:27,Pl/UA/RU/ Kawalerka / Walonska / Angel City / SPA,3100,https://www.otodom.pl/pl/oferta/pl-ua-ru-kawalerka-walonska-angel-city-spa-ID4zMcI,NIE,750,brak,1,"ul. Walońska, Wrocław",brak,miejskie,brak,do zamieszkania,30,2026-02-13
2026-02-08 08:36,"Kawalerka z balkonem i siłownią, ul. Braniborska",2500,https://www.otodom.pl/pl/oferta/kawalerka-z-balkonem-i-silownia-ul-braniborska-ID4sLK1,NIE,700,4,1,"ul. Braniborska, Wrocław",2023,miejskie,5000,do zamieszkania,36.3,2026-02-13
2026-02-08 08:37,Świetny stan mieszkania w świetnej lokalizacji,2950,https://www.otodom.pl/pl/oferta/swietny-stan-mieszkania-w-swietnej-lokalizacji-ID4zSdm,TAK,400,0,1,"ul. marsz. Józefa Piłsudskiego, Wrocław",1958,miejskie,2500,do zamieszkania,19.4,2026-02-13
2026-02-08 08:50,2 pok. Olimpia Port,2700,https://www.otodom.pl/pl/oferta/2-pok-olimpia-port-ID4uJMB,TAK,800,1,2,"ul. Krzysztofa Kolumba, Wrocław",brak,kotłownia,3500,do zamieszkania,43,2026-02-13
2026-02-09 09:45,"Do wynajęcia 2-pokojowe mieszkanie | 47 m² | Wrocław, ul. Gazowa",3500,https://www.otodom.pl/pl/oferta/do-wynajecia-2-pokojowe-mieszkanie-47-m-wroclaw-ul-gazowa-ID4zOMx,TAK,700,1,2,"ul. Gazowa, Wrocław",2019,miejskie,4500,do zamieszkania,47,2026-02-13
2026-02-10 17:28,2 Oddzielne Pokoje | Pets Friendly | Bezpośrednio | Coworking,2794,https://www.otodom.pl/pl/oferta/2-oddzielne-pokoje-pets-friendly-bezposrednio-coworking-ID4zSHK,NIE,706,1,2,Wrocław,brak,miejskie,brak,do zamieszkania,34.92,2026-02-13
2026-02-12 09:30,"Przytulne, ciche i słoneczne mieszkanie w samym centrum Wrocławia",2100,https://www.otodom.pl/pl/oferta/przytulne-ciche-i-sloneczne-mieszkanie-w-samym-centrum-wroclawia-ID4zSct,NIE,700,1,2,"ul. Tadeusza Kościuszki, Wrocław",brak,miejskie,2500,do zamieszkania,40,2026-02-13
2026-02-07 21:15,2pok | Pierwszy najem | Internet w cenie | Parking,3000,https://www.otodom.pl/pl/oferta/2pok-pierwszy-najem-internet-w-cenie-parking-ID4A0rb,TAK,700,8,2,"ul. Tadeusza Zielińskiego, Wrocław",brak,miejskie,4500,do zamieszkania,37,2026-02-13
2026-02-07 21:16,"Mieszkanie 2-pokojowe, Legnicka Residence, Siłownia",2999,https://www.otodom.pl/pl/oferta/mieszkanie-2-pokojowe-legnicka-residence-silownia-ID4zUly,TAK,900,7,2,"ul. Braniborska, Wrocław",2024,miejskie,4000,do zamieszkania,36.5,2026-02-13
2026-02-07 21:37,"ZAKŁADOWA, 51 m2, 2 pokoje + kuchnia osobno, klimatyzacja 2x",3300,https://www.otodom.pl/pl/oferta/zakladowa-51-m2-2-pokoje-kuchnia-osobno-klimatyzacja-2x-ID4zJgS,NIE,505,4,2,"ul. Zakładowa, Wrocław",2017,miejskie,3800,do zamieszkania,51,2026-02-13
2026-02-07 21:43,4-pokojowe mieszkanie Balkon+Piwnica-Strzegomska,4100,https://www.otodom.pl/pl/oferta/4-pokojowe-mieszkanie-balkon-piwnica-strzegomska-ID4zWiM,NIE,1100,1,4,"ul. Strzegomska, Wrocław",1980,miejskie,5300,do zamieszkania,65,2026-02-13
2026-02-07 21:54,Mieszkanie po generalnym remoncie,3000,https://www.otodom.pl/pl/oferta/mieszkanie-po-generalnym-remoncie-ID4zZkH,NIE,250,0,3,"ul. Spółdzielcza, Wrocław",1945,gazowe,3000,do zamieszkania,48,2026-02-13
2026-02-07 22:01,"Pobożnego - kawalerka z antresolą, BLISKO CENTRUM",2100,https://www.otodom.pl/pl/oferta/poboznego-kawalerka-z-antresola-blisko-centrum-ID4zMmI,TAK,500,0,1,"ul. Henryka Pobożnego, Wrocław",brak,gazowe,3100,do zamieszkania,20,2026-02-13
2026-02-07 22:04,2 pokoje | idealny dla pary | miejsce postojowe,3200,https://www.otodom.pl/pl/oferta/2-pokoje-idealny-dla-pary-miejsce-postojowe-ID4zYVQ,NIE,589,6,2,Wrocław,brak,brak,3200,do zamieszkania,43,2026-02-13
2026-02-07 22:04,"Komfortowe 2-pokojowe mieszkanie 55 m² na wynajem Gądów Mały, Wrocław",2790,https://www.otodom.pl/pl/oferta/komfortowe-2-pokojowe-mieszkanie-55-m-na-wynajem-gadow-maly-wroclaw-ID4zYWn,TAK,990,0,2,"ul. Skrzydlata, Wrocław",2010,miejskie,3000,do zamieszkania,55,2026-02-13
2026-02-07 22:05,***Osobna Widna Kuchnia*Balkon*Pełny Rozkład***,2000,https://www.otodom.pl/pl/oferta/osobna-widna-kuchniabalkonpelny-rozklad-ID4zYUx,NIE,900,2,2,"ul. Antonia Vivaldiego, Wrocław",2006,brak,2000,do zamieszkania,54,2026-02-13
2026-02-07 22:05,Prestiżowa lokalizacja | 3 pok. z balkonem,5100,https://www.otodom.pl/pl/oferta/prestizowa-lokalizacja-3-pok-z-balkonem-ID4zvlk,TAK,900,1,3,"ul. Księcia Witolda, Wrocław",2019,brak,0,brak,60,2026-02-13
2026-02-07 22:07,"Stylowe 2 pokoje z balkonem, z widokiem na zieleń",2550,https://www.otodom.pl/pl/oferta/stylowe-2-pokoje-z-balkonem-z-widokiem-na-zielen-ID4zYQI,TAK,850,1,2,"ul. Odolanowska, Wrocław",2023,miejskie,3500,do zamieszkania,37.06,2026-02-13
2026-02-07 22:11,"Jasne 3 pokoje dla rodziny, widok na zieleń, Krzywoustego 7, Wrocław",3650,https://www.otodom.pl/pl/oferta/jasne-3-pokoje-dla-rodziny-widok-na-zielen-krzywoustego-7-wroclaw-ID4zU8N,TAK,850,3,3,"ul. Bolesława Krzywoustego, Wrocław",2007,brak,4500,do zamieszkania,71,2026-02-13
2026-02-07 22:14,ul. Świeradowska / Nowe,2700,https://www.otodom.pl/pl/oferta/ul-swieradowska-nowe-ID4zYtK,TAK,0,3,2,"ul. Świeradowska / Nowe, Wrocław",2025,miejskie,brak,do zamieszkania,41,2026-02-13
2026-02-07 22:16,Stabłowice - Idealne - 2 Pokoje-Ogród /Blisko Aow,2500,https://www.otodom.pl/pl/oferta/stablowice-idealne-2-pokoje-ogrod-blisko-aow-ID4zYoK,TAK,0,brak,2,Wrocław,brak,gazowe,3500,brak,42,2026-02-13
2026-02-07 22:22,Dwupoziomowy penthouse na wynajem,9180,https://www.otodom.pl/pl/oferta/dwupoziomowy-penthouse-na-wynajem-ID4zcgk,NIE,2231,4,4,"ul. Świdnicka, Wrocław",1873,miejskie,9120,do zamieszkania,107.83,2026-02-13
2026-02-07 22:23,Komfortowe 2 pok. z balkonem / siłownia / Ogrody Hallera,3000,https://www.otodom.pl/pl/oferta/komfortowe-2-pok-z-balkonem-silownia-ogrody-hallera-ID4zY8A,TAK,700,2,2,"al. gen. Józefa Hallera, Wrocław",2017,miejskie,3000,do zamieszkania,44,2026-02-13
2026-02-13 08:44,Ovo - Hilton - 2 Pokoje - Balkon / Stare Miasto,4000,https://www.otodom.pl/pl/oferta/ovo-hilton-2-pokoje-balkon-stare-miasto-ID4A64x,TAK,0,6,2,Wrocław,brak,miejskie,5000,brak,51,2026-02-13
2026-02-13 08:46,Wysoki Standard | Balkon + Poddasze | M.p,3440,https://www.otodom.pl/pl/oferta/wysoki-standard-balkon-poddasze-m-p-ID4A63C,TAK,750,2,3,"ul. Honoriusza Balzaka, Wrocław",2018,miejskie,0,brak,65.45,2026-02-13
2026-02-13 08:47,Mieszkanie z klasą | Rynek | m.p,2599,https://www.otodom.pl/pl/oferta/mieszkanie-z-klasa-rynek-m-p-ID4A63A,TAK,820,4,1,"ul. Krawiecka, Wrocław",2006,miejskie,3000,brak,27,2026-02-13
2026-02-13 08:48,"Apartamenty Czysta ok.Renomy 2‑pok, taras, klima",3500,https://www.otodom.pl/pl/oferta/apartamenty-czysta-ok-renomy-2pok-taras-klima-ID4A62G,NIE,0,3,2,Wrocław,2007,miejskie,brak,brak,52.7,2026-02-13
2026-02-13 08:48,"Kawalerka w apartamentowcu ul. Podwórcowa , Wrocław Śródmieście",2100,https://www.otodom.pl/pl/oferta/kawalerka-w-apartamentowcu-ul-podworcowa-wroclaw-srodmiescie-ID4A5SQ,NIE,650,3,1,"ul. Podwórcowa, Wrocław",2015,miejskie,2000,brak,27.3,2026-02-13
2026-02-13 08:48,"Mieszkanie, 84 m², Wrocław",3500,https://www.otodom.pl/pl/oferta/mieszkanie-84-m-wroclaw-ID4A62a,NIE,0,0,4,"ul. Oboźna, Wrocław",brak,gazowe,5000,brak,84,2026-02-13
2026-02-13 08:50,2-pokojowe mieszkanie na wynajem - ulica Tadeusza Zielińskiego,2500,https://www.otodom.pl/pl/oferta/2-pokojowe-mieszkanie-na-wynajem-ulica-tadeusza-zielinskiego-ID4A61A,NIE,800,4,2,"ul. Tadeusza Zielińskiego, Wrocław",brak,miejskie,3400,brak,39,2026-02-13
2026-02-13 08:52,Mieszkanie po remoncie blisko Magnolii,2000,https://www.otodom.pl/pl/oferta/mieszkanie-po-remoncie-blisko-magnolii-ID46FQK,TAK,570,7,2,"ul. Na Ostatnim Groszu, Wrocław",brak,miejskie,2700,brak,36,2026-02-13
2026-02-13 08:53,Wynajmę nowoczesne mieszkanie z balkonem w centrum,3150,https://www.otodom.pl/pl/oferta/wynajme-nowoczesne-mieszkanie-z-balkonem-w-centrum-ID4A60R,TAK,650,4,2,Wrocław,brak,brak,brak,brak,32,2026-02-13
2026-02-13 08:54,Dwupoziomowe mieszkanie z ogródkiem,4000,https://www.otodom.pl/pl/oferta/dwupoziomowe-mieszkanie-z-ogrodkiem-ID4A5Yx,NIE,950,0,3,Wrocław,2019,boiler_room,4000,brak,72,2026-02-13
2026-02-13 08:56,Bez prowizji I Niska kaucja I Ścisłe centrum I Nowe,3031,https://www.otodom.pl/pl/oferta/bez-prowizji-i-niska-kaucja-i-scisle-centrum-i-nowe-ID4yxKt,NIE,465,5,3,"ul. Kolejowa, Wrocław",2023,miejskie,6062,brak,63,2026-02-13
2026-02-13 08:58,2 pokoje zaraz obok Rynku | od marca | tanio,2400,https://www.otodom.pl/pl/oferta/2-pokoje-zaraz-obok-rynku-od-marca-tanio-ID4ziVD,TAK,680,4,2,"ul. Wita Stwosza, Wrocław",brak,miejskie,3400,brak,38,2026-02-13
2026-02-13 09:00,2 pokoje - rozkładowe - duży balkon,2000,https://www.otodom.pl/pl/oferta/2-pokoje-rozkladowe-duzy-balkon-ID4yWke,NIE,1300,3,2,"ul. Kłodzka, Wrocław",2009,brak,2200,brak,53,2026-02-13
2026-02-13 09:06,Drabika | 2 pok | Pierwszy najem | Balkon,2600,https://www.otodom.pl/pl/oferta/drabika-2-pok-pierwszy-najem-balkon-ID4rXgZ,NIE,860,1,2,Wrocław,brak,brak,2700,brak,38,2026-02-13
2026-02-13 09:11,Wynajmę 3 pokojowe mieszkanie przy ul. Chorwackiej,3000,https://www.otodom.pl/pl/oferta/wynajme-3-pokojowe-mieszkanie-przy-ul-chorwackiej-ID4tBC5,NIE,1000,10,3,Wrocław,1975,miejskie,3000,brak,54,2026-02-13
2026-02-13 09:13,Do wynajęcia mieszkanie| 2-pokoje | ul.Matejki,3000,https://www.otodom.pl/pl/oferta/do-wynajecia-mieszkanie-2-pokoje-ul-matejki-ID4A5WF,TAK,750,3,2,"al. Jana Matejki, Wrocław",brak,miejskie,brak,brak,40,2026-02-13
2026-02-13 09:16,0% PROWIZJI I KOSZAROWA 1 |2-pokojowe mieszkanie|ANIMAL FRIENDLY,2500,https://www.otodom.pl/pl/oferta/0-prowizji-i-koszarowa-1-2-pokojowe-mieszkanie-animal-friendly-ID4A5Uz,NIE,1000,2,2,"ul. Koszarowa, Wrocław",brak,miejskie,3500,brak,40,2026-02-13
2026-02-13 09:16,0% PROWIZJI I KOSZAROWA 1 |2-pokojowe mieszkanie|ANIMAL FRIENDLY,2500,https://www.otodom.pl/pl/oferta/0-prowizji-i-koszarowa-1-2-pokojowe-mieszkanie-animal-friendly-ID4A5Uk,NIE,1000,2,2,"ul. Koszarowa, Wrocław",brak,miejskie,3500,brak,40,2026-02-13
2026-02-13 09:17,"KRZYKI, OFICERSKA/PRETFICZA",4150,https://www.otodom.pl/pl/oferta/krzyki-oficerska-pretficza-ID4A5Ui,TAK,800,1,2,"ul. Oficerska, Wrocław",2014,miejskie,5500,brak,65,2026-02-13
2026-02-13 09:18,Do wynajęcia Duże mieszkanie na Sępolnie Ul. Partyzantów.,2800,https://www.otodom.pl/pl/oferta/do-wynajecia-duze-mieszkanie-na-sepolnie-ul-partyzantow-ID4A5U1,NIE,0,2,3,"ul. Partyzantów, Wrocław",brak,brak,2800,brak,75,2026-02-13
2026-02-13 09:18,0% PROWIZJI I KOSZAROWA 1 | Kawalerka | Animal Friendly,1800,https://www.otodom.pl/pl/oferta/0-prowizji-i-koszarowa-1-kawalerka-animal-friendly-ID4A5TR,NIE,800,2,1,"ul. Koszarowa, Wrocław",brak,miejskie,2600,brak,25,2026-02-13
2026-02-13 09:19,"Mieszkanie na osiedlu Nowa Tęczowa, 52m2 + parking",2900,https://www.otodom.pl/pl/oferta/mieszkanie-na-osiedlu-nowa-teczowa-52m2-parking-ID4A5TL,NIE,780,brak,2,"ul. Tęczowa, Wrocław",2021,miejskie,6000,brak,52,2026-02-13
2026-02-13 09:20,0% PROWIZJI I KOSZAROWA 1 | Kawalerka | Animal Friendly,1900,https://www.otodom.pl/pl/oferta/0-prowizji-i-koszarowa-1-kawalerka-animal-friendly-ID4A5Tn,NIE,800,1,1,"ul. Koszarowa, Wrocław",brak,miejskie,2700,brak,25,2026-02-13
2026-02-13 09:21,"Mieszkanie, 37 m², Wrocław",2700,https://www.otodom.pl/pl/oferta/mieszkanie-37-m-wroclaw-ID4A5SO,TAK,0,1,1,Wrocław,2021,miejskie,brak,brak,37,2026-02-13
2026-02-13 09:21,2 pokoje /oddzielna kuchnia- 49 m² - ul. Czartoryskiego 12 -Wrocław-0%,3100,https://www.otodom.pl/pl/oferta/2-pokoje-oddzielna-kuchnia-49-m-ul-czartoryskiego-12-wroclaw-0-ID4zJTA,NIE,500,6,2,"ul. Adama Jerzego Czartoryskiego, Wrocław",brak,miejskie,3600,brak,49,2026-02-13
2026-02-13 09:24,"2 Niezależne sypialnie, Osobny salon, Osobna kuchnia, balkon,",2600,https://www.otodom.pl/pl/oferta/2-niezalezne-sypialnie-osobny-salon-osobna-kuchnia-balkon-ID4A5Rz,NIE,800,4,3,"ul. Ścinawska, Wrocław",1970,miejskie,3800,brak,50,2026-02-13
2026-02-13 09:27,Apartament 44m w kamienicy,3250,https://www.otodom.pl/pl/oferta/apartament-44m-w-kamienicy-ID4aj1l,TAK,300,brak,2,Wrocław,brak,brak,3000,brak,44,2026-02-13
2026-02-13 09:28,Klimatyzacja | MP | Komórka | Przy rzece | Balkon,3200,https://www.otodom.pl/pl/oferta/klimatyzacja-mp-komorka-przy-rzece-balkon-ID4A5P2,TAK,780,2,2,"ul. Kazimierza Michalczyka, Wrocław",2023,miejskie,5,brak,47,2026-02-13
2026-02-13 09:29,Angel Wings | na pól roku | Centrum | 2000 Pln,1999,https://www.otodom.pl/pl/oferta/angel-wings-na-pol-roku-centrum-2000-pln-ID4A5P3,TAK,600,1,1,"ul. Walońska, Wrocław",2012,miejskie,0,brak,28,2026-02-13
2026-02-13 09:30,"Apartament, wysokie sufity, słoneczny",2200,https://www.otodom.pl/pl/oferta/apartament-wysokie-sufity-sloneczny-ID4A5OB,TAK,285,2,1,"ul. Piastowska, Wrocław",1902,electrical,0,brak,21,2026-02-13
2026-02-13 09:31,Przytulne | Przy Odrze | Balkon | Promenady,2899,https://www.otodom.pl/pl/oferta/przytulne-przy-odrze-balkon-promenady-ID4A5KU,NIE,700,2,2,"ul. Zakładowa, Wrocław",brak,miejskie,3500,brak,49,2026-02-13
2026-02-13 09:32,Wysoki standard/Osobna kuchnia/Garderoba/ Nowy budynek/Tarnogaj,2950,https://www.otodom.pl/pl/oferta/wysoki-standard-osobna-kuchnia-garderoba-nowy-budynek-tarnogaj-ID4A5JM,NIE,780,1,2,"ul. Międzyleska, Wrocław",2025,miejskie,5000,brak,50,2026-02-13
2026-02-13 09:38,Nowy apartament na wynajem Browary Wrocławskie,6000,https://www.otodom.pl/pl/oferta/nowy-apartament-na-wynajem-browary-wroclawskie-ID4nxYx,TAK,1050,10,3,"ul. Jedności Narodowej, Wrocław",2023,miejskie,9000,brak,72,2026-02-13
2026-02-13 09:39,Nowoczesne_3_pokoje_z_balkonem_klimatyzowane_garaż_spokojna_okolica,4400,https://www.otodom.pl/pl/oferta/nowoczesne-3-pokoje-z-balkonem-klimatyzowane-garaz-spokojna-okolica-ID4A5H9,TAK,850,1,3,"ul. Brylantowa, Wrocław",2018,electrical,9000,brak,85,2026-02-13
2026-02-13 09:39,Dwupokojowe nowe mieszkanie/Browary Wrocławskie,3200,https://www.otodom.pl/pl/oferta/dwupokojowe-nowe-mieszkanie-browary-wroclawskie-ID4A5H0,NIE,300,2,2,Wrocław,2021,miejskie,brak,brak,40,2026-02-13
2026-02-08 01:27,Mieszkanie 28m2|Serce Miasta | Uniwersytet | Lux,1999,https://www.otodom.pl/pl/oferta/mieszkanie-28m2-serce-miasta-uniwersytet-lux-ID4zM9r,NIE,500,5,1,"ul. Śrutowa, Wrocław",2020,miejskie,3000,brak,28.01,2026-02-13
2026-02-08 01:27,Od marca! Mieszkanie w centrum Wrocławia!,2100,https://www.otodom.pl/pl/oferta/od-marca-mieszkanie-w-centrum-wroclawia-ID4zM97,TAK,700,3,1,"ul. Legnicka, Wrocław",brak,brak,2100,brak,24,2026-02-13
2026-02-08 01:28,4 pokoje 65 m² | 2 balkony | ul. Niedźwiedzia,3700,https://www.otodom.pl/pl/oferta/4-pokoje-65-m-2-balkony-ul-niedzwiedzia-ID4zM7Q,TAK,900,4,4,"ul. Niedźwiedzia, Wrocław",1975,miejskie,3700,brak,65,2026-02-13
2026-02-08 01:28,4 rooms/Center/ Prusa/130 m2/For family,6800,https://www.otodom.pl/pl/oferta/4-rooms-center-prusa-130-m2-for-family-ID4zM6R,TAK,1900,4,4,"ul. Bolesława Prusa, Wrocław",brak,brak,10000,brak,130,2026-02-13
2026-02-08 01:28,UA | Eng | PL | Комиссия 0% | Bez Prowizji,5200,https://www.otodom.pl/pl/oferta/ua-eng-pl-0-bez-prowizji-ID4zM4W,TAK,700,4,3,"ul. Racławicka, Wrocław",brak,miejskie,6500,brak,69,2026-02-13
2026-02-08 01:28,Pl|Ua|Eng|Prowizja 0%|Коммисия 0%|Lokal usługowy,6500,https://www.otodom.pl/pl/oferta/pl-ua-eng-prowizja-0-0-lokal-uslugowy-ID4zM4T,NIE,850,1,4,"bulw. kard. Stefana Wyszyńskiego, Wrocław",brak,brak,13000,brak,72,2026-02-13
2026-02-08 01:29,Ua | Eng | Pl | Коммисия 0% | Bez Prowizji,43000,https://www.otodom.pl/pl/oferta/ua-eng-pl-0-bez-prowizji-ID4zM4S,NIE,5000,0,6,"pl. Wolności, Wrocław",brak,brak,43000,brak,267,2026-02-13
2026-02-08 01:29,Wrocław – Browary | 2-pokojowe mieszkanie w świetnej lokalizacji,3900,https://www.otodom.pl/pl/oferta/wroclaw-browary-2-pokojowe-mieszkanie-w-swietnej-lokalizacji-ID4zM2Q,TAK,900,6,2,"ul. Jedności Narodowej, Wrocław",brak,miejskie,7800,brak,48.67,2026-02-13
2026-02-08 01:29,Mieszczańska- mieszkanie 2 pokojowe- 39m2,3300,https://www.otodom.pl/pl/oferta/mieszczanska-mieszkanie-2-pokojowe-39m2-ID4zgf1,TAK,500,3,2,"ul. Mieszczańska, Wrocław",2020,brak,2999,brak,39,2026-02-13
2026-02-08 01:29,"Złota Podkowa, Kawalerzystów, 3 pokoje, ogród, taras, garaż",4200,https://www.otodom.pl/pl/oferta/zlota-podkowa-kawalerzystow-3-pokoje-ogrod-taras-garaz-ID4zLYX,NIE,850,0,3,"ul. Kawalerzystów, Wrocław",2016,miejskie,4200,brak,74,2026-02-13
2026-02-08 01:30,"Mieszkanie-2pok, 8min pieszo od Rynku (pl. Legionów, Stare Miasto)",2900,https://www.otodom.pl/pl/oferta/mieszkanie-2pok-8min-pieszo-od-rynku-pl-legionow-stare-miasto-ID4xUHR,NIE,750,1,2,"pl. Legionów, Wrocław",1970,miejskie,4200,brak,51,2026-02-13
2026-02-08 01:30,Przestrzeń gotowa na Twój pomysł,3700,https://www.otodom.pl/pl/oferta/przestrzen-gotowa-na-twoj-pomysl-ID4yj1b,NIE,650,2,4,"ul. Drohobycka, Wrocław",brak,gazowe,brak,brak,100,2026-02-13
2026-02-08 01:30,"3 pokoje z aneksem, 48,6 m²  Księże Małe",2700,https://www.otodom.pl/pl/oferta/3-pokoje-z-aneksem-48-6-m-ksieze-male-ID4zLPR,TAK,800,2,3,"ul. Chorzowska, Wrocław",1930,gazowe,3500,brak,48.6,2026-02-13
2026-02-08 01:31,"3 pokojowe, Powstańców Śląskich, parking pod blokiem",3300,https://www.otodom.pl/pl/oferta/3-pokojowe-powstancow-slaskich-parking-pod-blokiem-ID4zGBe,NIE,900,7,3,"ul. Powstańców Śląskich, Wrocław",brak,miejskie,4500,brak,60,2026-02-13
2026-02-08 01:31,2-pokojowe | Balkon | Parking | Odświeżone | Pełne wyposażenie,2850,https://www.otodom.pl/pl/oferta/2-pokojowe-balkon-parking-odswiezone-pelne-wyposazenie-ID4zGAR,NIE,650,1,2,"ul. Gorlicka, Wrocław",brak,miejskie,4000,brak,38,2026-02-13
2026-02-08 01:31,Port Popowice | Klimatyzacja  | Parking | Balkon | Od zaraz,3399,https://www.otodom.pl/pl/oferta/port-popowice-klimatyzacja-parking-balkon-od-zaraz-ID4zGrQ,TAK,650,7,2,"ul. Białowieska, Wrocław",brak,miejskie,3400,brak,40,2026-02-13
2026-02-08 01:31,Mieszkanie 3-pok | Rozkładowe | Balkon | Długa,2650,https://www.otodom.pl/pl/oferta/mieszkanie-3-pok-rozkladowe-balkon-dluga-ID4p1i0,NIE,880,4,3,"ul. Długa, Wrocław",1970,miejskie,3800,brak,51,2026-02-13
2026-02-08 01:32,3 Pokoje / Oddzielna Kuchnia / Balkon / Po Remoncie,3500,https://www.otodom.pl/pl/oferta/3-pokoje-oddzielna-kuchnia-balkon-po-remoncie-ID4y8IA,NIE,0,0,3,"ul. Litomska, Wrocław",1984,miejskie,3500,brak,57,2026-02-13
2026-02-08 01:33,Centrum 3-pokojowe mieszkanie ul. Wita Stwosza,3700,https://www.otodom.pl/pl/oferta/centrum-3-pokojowe-mieszkanie-ul-wita-stwosza-ID4zFK8,NIE,800,0,3,"ul. Wita Stwosza, Wrocław",1980,brak,3000,brak,64,2026-02-13
2026-02-08 01:33,2-pokojowe z balkonem | Klecina | 2021 | Od zaraz,3100,https://www.otodom.pl/pl/oferta/2-pokojowe-z-balkonem-klecina-2021-od-zaraz-ID4zLIf,TAK,500,2,2,"ul. Dożynkowa, Wrocław",2021,miejskie,6000,brak,36.65,2026-02-13
2026-02-08 01:33,3-pok ul. Róży Wiatrów ARCHICOM *Garaż* Ładne *Siłownia* od 01.02.26,4500,https://www.otodom.pl/pl/oferta/3-pok-ul-rozy-wiatrow-archicom-garaz-ladne-silownia-od-01-02-26-ID4zLGA,TAK,0,4,3,"ul. Róży Wiatrów, Wrocław",brak,miejskie,brak,brak,60,2026-02-13
2026-02-08 01:34,wynajmę 2- pokojowe mieszkanie,2800,https://www.otodom.pl/pl/oferta/wynajme-2-pokojowe-mieszkanie-ID4xpSb,TAK,750,0,2,"ul. Żwirki i Wigury, Wrocław",2010,gazowe,3600,brak,50,2026-02-13
2026-02-08 01:34,"Mieszkanie na wynajem, świetna lokalizacja!",3000,https://www.otodom.pl/pl/oferta/mieszkanie-na-wynajem-swietna-lokalizacja-ID4zLBI,NIE,480,1,2,"ul. św. Mikołaja, Wrocław",brak,miejskie,3000,brak,45,2026-02-13
2026-02-08 01:34,"Wynajmę 2 pokoje, ul. Krawiecka 3, Wrocław",2500,https://www.otodom.pl/pl/oferta/wynajme-2-pokoje-ul-krawiecka-3-wroclaw-ID4zLzO,NIE,1150,4,2,"ul. Krawiecka, Wrocław",2009,miejskie,4000,brak,52.6,2026-02-13
2026-02-08 01:34,Luksusowe_2_pokoje_antresola_klimatyzacja_pierwszy_najem_garaż,3500,https://www.otodom.pl/pl/oferta/luksusowe-2-pokoje-antresola-klimatyzacja-pierwszy-najem-garaz-ID4zItM,TAK,450,2,2,"ul. Brylantowa, Wrocław",2025,gazowe,6000,brak,45,2026-02-13
2026-02-08 01:35,Od 01/02 Nowoczesne mieszkanie ul. Czartoryskiego 49m2,3100,https://www.otodom.pl/pl/oferta/od-01-02-nowoczesne-mieszkanie-ul-czartoryskiego-49m2-ID4nafs,NIE,650,4,2,Wrocław,2023,miejskie,3500,brak,49,2026-02-13
2026-02-08 01:35,"Apartament 2 pokoje, ul. Krawiecka 3,",3250,https://www.otodom.pl/pl/oferta/apartament-2-pokoje-ul-krawiecka-3-ID4zLoZ,NIE,1150,4,2,"ul. Krawiecka, Wrocław",2009,miejskie,5000,brak,54,2026-02-13
2026-02-08 01:35,0 % PRO 3-pok od zaraz Ogrody Hallera *Borek* Hallera 90 Balkon*Ładne*,3900,https://www.otodom.pl/pl/oferta/0-pro-3-pok-od-zaraz-ogrody-hallera-borek-hallera-90-balkonladne-ID4zLo3,TAK,0,2,3,"al. gen. Józefa Hallera, Wrocław",brak,brak,brak,brak,60,2026-02-13
2026-02-08 01:35,2 pokoje z aneksem/38m2/balkon/parking/ul. Krzycka/Klecina,2900,https://www.otodom.pl/pl/oferta/2-pokoje-z-aneksem-38m2-balkon-parking-ul-krzycka-klecina-ID4zGed,TAK,550,1,2,"ul. Krzycka, Wrocław",2017,miejskie,4000,brak,38,2026-02-13
2026-02-08 01:36,3 pokoje z aneksem kuchennym /56m2/ balkon/ ul. Augustowska/ Maślice,2800,https://www.otodom.pl/pl/oferta/3-pokoje-z-aneksem-kuchennym-56m2-balkon-ul-augustowska-maslice-ID4zyZd,TAK,1010,1,3,"ul. Augustowska, Wrocław",brak,miejskie,4600,brak,56,2026-02-13
2026-02-08 01:36,Wynajem: 3 pokoje z ogródkiem + miejsce postojowe,6800,https://www.otodom.pl/pl/oferta/wynajem-3-pokoje-z-ogrodkiem-miejsce-postojowe-ID4zLjN,NIE,1200,0,3,"ul. Motylkowa, Wysoka",2006,other,brak,brak,94.42,2026-02-13
2026-02-08 01:36,PL UA RU | Premium 2 pokoje | Balkon | Planty Racławickie,4500,https://www.otodom.pl/pl/oferta/pl-ua-ru-premium-2-pokoje-balkon-planty-raclawickie-ID4zLhU,TAK,850,2,2,"ul. Racławicka, Wrocław",brak,miejskie,8000,brak,45,2026-02-13
2026-02-08 01:37,Jagodno mieszkanie 2 pokoje,2400,https://www.otodom.pl/pl/oferta/jagodno-mieszkanie-2-pokoje-ID4utkM,NIE,550,1,2,Wrocław,brak,electrical,3000,brak,54,2026-02-13
2026-02-08 01:37,"3 Pokojowe 63,5 m2 | Atal Towers | Wysoki Standard",5600,https://www.otodom.pl/pl/oferta/3-pokojowe-63-5-m2-atal-towers-wysoki-standard-ID4zLeH,TAK,0,3,3,"ul. gen. Władysława Sikorskiego, Wrocław",brak,brak,brak,brak,63.5,2026-02-13
2026-02-08 01:37,okolice ul. Obornickiej Nowe2018/Garaż/LUX,2800,https://www.otodom.pl/pl/oferta/okolice-ul-obornickiej-nowe2018-garaz-lux-ID4zLct,TAK,630,3,2,Wrocław,2018,miejskie,5000,brak,56,2026-02-13
2026-02-08 01:38,Nowoczesny funkcjonalny apartament-2 pokoje balkon,2700,https://www.otodom.pl/pl/oferta/nowoczesny-funkcjonalny-apartament-2-pokoje-balkon-ID4mT94,TAK,600,2,2,"ul. Zakładowa, Wrocław",brak,miejskie,3000,brak,30,2026-02-13
2026-02-08 01:38,Komfortowe 2 pok. | os. kuchnia | Pl. Legionów,2500,https://www.otodom.pl/pl/oferta/komfortowe-2-pok-os-kuchnia-pl-legionow-ID4zL5X,NIE,0,3,2,"ul. Jęczmienna, Wrocław",brak,gazowe,brak,brak,60,2026-02-13
2026-02-08 01:38,Poddasze użytkowe  / PETS FRIENDLY / 2-pokoje,2999,https://www.otodom.pl/pl/oferta/poddasze-uzytkowe-pets-friendly-2-pokoje-ID4zKVA,NIE,1000,brak,2,"ul. Konstantego Ildefonsa Gałczyńskiego, Wrocław",brak,miejskie,brak,brak,45,2026-02-13
2026-02-08 01:38,Przestronne mieszkanie! 3 pokoje! Parking!,3500,https://www.otodom.pl/pl/oferta/przestronne-mieszkanie-3-pokoje-parking-ID4vFvB,NIE,1000,2,3,"ul. Obrońców Poczty Gdańskiej, Wrocław",2001,brak,4500,brak,70,2026-02-13
2026-02-08 01:38,Przytulne 2-Pokojowe Mieszkanie NA Maślicach,2400,https://www.otodom.pl/pl/oferta/przytulne-2-pokojowe-mieszkanie-na-maslicach-ID4zeXl,TAK,800,1,2,"ul. Ostródzka, Wrocław",2000,brak,3200,brak,51.3,2026-02-13
2026-02-08 01:39,"Wrocław/Ołtaszyn, 80m2, duży balkon, garaż, klimatyzacja",4000,https://www.otodom.pl/pl/oferta/wroclaw-oltaszyn-80m2-duzy-balkon-garaz-klimatyzacja-ID4zKRV,NIE,920,2,3,"ul. Motylkowa, Wrocław",2014,miejskie,5000,brak,80,2026-02-13
2026-02-08 01:39,Kukuczki/Balkon/Winda/Całość 3500,3000,https://www.otodom.pl/pl/oferta/kukuczki-balkon-winda-calosc-3500-ID4xg3V,TAK,380,3,3,"ul. Jerzego Kukuczki, Wrocław",2013,miejskie,3000,brak,50,2026-02-13
2026-02-08 01:39,Apartament 3-pokojowy | Kępa Mieszczańska| Garaż |,3700,https://www.otodom.pl/pl/oferta/apartament-3-pokojowy-kepa-mieszczanska-garaz-ID4zeMZ,TAK,800,5,3,"ul. Romana Dmowskiego, Wrocław",2015,miejskie,5000,brak,53.65,2026-02-13
2026-02-08 01:39,Przestronne 3-pokojowe mieszkanie z osobną kuchnią – ul. Kiełczowska,3000,https://www.otodom.pl/pl/oferta/przestronne-3-pokojowe-mieszkanie-z-osobna-kuchnia-ul-kielczowska-ID4zKQm,NIE,1000,10,3,"ul. Kiełczowska, Wrocław",brak,miejskie,brak,brak,65,2026-02-13
2026-02-08 01:40,Nowoczesne mieszkanie z balkonem we Wrocławiu,2200,https://www.otodom.pl/pl/oferta/nowoczesne-mieszkanie-z-balkonem-we-wroclawiu-ID4yBlb,NIE,1050,2,1,"ul. Kozia, Wrocław",2002,gazowe,3300,brak,39.3,2026-02-13
2026-02-08 01:40,Klimatyzacja | TARAS | PetsFriendly | Garaż | Garderoba | OD ZARAZ,4900,https://www.otodom.pl/pl/oferta/klimatyzacja-taras-petsfriendly-garaz-garderoba-od-zaraz-ID4zFEx,TAK,600,6,3,"pl. Jana Pawła II, Wrocław",brak,miejskie,0,brak,83,2026-02-13
2026-02-08 01:40,"Okazja!!! Pierwszy najem, Sikorskiego 13, luksus",13000,https://www.otodom.pl/pl/oferta/okazja-pierwszy-najem-sikorskiego-13-luksus-ID4y98l,TAK,0,10,4,"ul. gen. Władysława Sikorskiego, Wrocław",brak,brak,26000,brak,71.4,2026-02-13
2026-02-08 01:40,3-pok Kępa Mieszczańska/ ul. Dmowskiego,5400,https://www.otodom.pl/pl/oferta/3-pok-kepa-mieszczanska-ul-dmowskiego-ID4zF2u,NIE,850,1,3,"ul. Romana Dmowskiego, Wrocław",2019,miejskie,8000,brak,70,2026-02-13
2026-02-08 01:41,2 pokoje do wynajęcia | Rozkład| ul. Tęczowa |  Centrum | od 15 lutego,2400,https://www.otodom.pl/pl/oferta/2-pokoje-do-wynajecia-rozklad-ul-teczowa-centrum-od-15-lutego-ID4zEZS,NIE,930,3,2,"ul. Tęczowa, Wrocław",2017,miejskie,3500,brak,47,2026-02-13
2026-02-08 08:47,Legnicka 33 - wygodna kawalerka dla Singla,2200,https://www.otodom.pl/pl/oferta/legnicka-33-wygodna-kawalerka-dla-singla-ID4zVbt,TAK,350,4,1,"ul. Legnicka, Wrocław",2020,miejskie,2200,brak,20.5,2026-02-13
2026-02-08 01:32,"2 pokoje z osobną kuchnią, przy Sky Tower",2800,https://www.otodom.pl/pl/oferta/2-pokoje-z-osobna-kuchnia-przy-sky-tower-ID4zFMr,NIE,700,4,2,Wrocław,1970,miejskie,brak,brak,45.23,2026-02-13
2026-02-08 01:41,Nowoczesne lux Księcia Witolda,3250,https://www.otodom.pl/pl/oferta/nowoczesne-lux-ksiecia-witolda-ID4zKLf,NIE,950,2,2,"ul. Księcia Witolda, Wrocław",2022,miejskie,4000,brak,50,2026-02-13
2026-02-08 01:41,3 Pokojowy 73 m2 | Księcia Witolda |Wolne Od Zaraz,7450,https://www.otodom.pl/pl/oferta/3-pokojowy-73-m2-ksiecia-witolda-wolne-od-zaraz-ID4zKLd,TAK,0,1,3,"ul. Księcia Witolda, Wrocław",brak,brak,brak,brak,73,2026-02-13
2026-02-08 01:41,"Krzyki, Ul. Partynicka, 2 Pokoje, IIp., 43m2",2400,https://www.otodom.pl/pl/oferta/krzyki-ul-partynicka-2-pokoje-iip-43m2-ID4zKKY,TAK,500,2,2,"ul. Partynicka, Wrocław",2004,brak,3500,brak,43,2026-02-13
2026-02-08 01:42,3M | Balkon | Pierwszy najem | Tramwaj,3200,https://www.otodom.pl/pl/oferta/3m-balkon-pierwszy-najem-tramwaj-ID4zKJ8,NIE,800,4,3,Wrocław,brak,miejskie,4000,brak,60.4,2026-02-13
2026-02-08 01:42,Wysoki standard/Apartament/Stylowe,3600,https://www.otodom.pl/pl/oferta/wysoki-standard-apartament-stylowe-ID4kHy5,TAK,840,1,3,"ul. gen. Stefana Grota-Roweckiego, Wrocław",2021,miejskie,brak,brak,60.29,2026-02-13
2026-02-08 01:42,"Wynajmę nowe mieszkanie 3-pokojowe Klecina, Krzyki",3700,https://www.otodom.pl/pl/oferta/wynajme-nowe-mieszkanie-3-pokojowe-klecina-krzyki-ID4zKCR,TAK,0,1,3,"ul. Dożynkowa, Wrocław",2025,brak,7400,brak,56,2026-02-13
2026-02-08 01:43,3 pokoje z ogródkiem | Ogrody Hallera | wysoki standard,4700,https://www.otodom.pl/pl/oferta/3-pokoje-z-ogrodkiem-ogrody-hallera-wysoki-standard-ID4zKC1,NIE,1100,0,3,"al. gen. Józefa Hallera, Wrocław",2018,miejskie,9000,brak,65,2026-02-13
2026-02-08 01:43,Centrum - 3 pokoje - 70 mkw. - parter,3200,https://www.otodom.pl/pl/oferta/centrum-3-pokoje-70-mkw-parter-ID4z7gw,NIE,1030,0,3,"ul. Prosta, Wrocław",1970,miejskie,brak,brak,69.98,2026-02-13
2026-02-08 01:43,Piękny apartament Klimatyzacja|Ks. Witolda|Garaż|,3500,https://www.otodom.pl/pl/oferta/piekny-apartament-klimatyzacja-ks-witolda-garaz-ID4zKAF,TAK,800,1,2,"ul. Księcia Witolda, Wrocław",2021,miejskie,4500,brak,50.71,2026-02-13
2026-02-08 01:43,PL| |UA|RU| Atal Towers| 2-pok| Centrum| 46 m2,3000,https://www.otodom.pl/pl/oferta/pl-ua-ru-atal-towers-2-pok-centrum-46-m2-ID4zKxL,TAK,750,10,2,"ul. gen. Władysława Sikorskiego, Wrocław",brak,miejskie,4150,brak,46,2026-02-13
2026-02-08 01:43,Nowoczesny lokal z klimatyzacją na Psie Polu,1600,https://www.otodom.pl/pl/oferta/nowoczesny-lokal-z-klimatyzacja-na-psie-polu-ID4zKv8,NIE,654,3,1,"ul. Bierutowska, Wrocław",brak,brak,2600,brak,17.72,2026-02-13
2026-02-08 01:44,"Piękne, nowe 2 pok. przy Pl. Kościuszki, 0%",3600,https://www.otodom.pl/pl/oferta/piekne-nowe-2-pok-przy-pl-kosciuszki-0-ID4zKuZ,NIE,620,2,2,"pl. Tadeusza Kościuszki, Wrocław",1940,miejskie,4500,brak,40,2026-02-13
2026-02-08 01:44,"Kawalerka, osobna kuchnia, balkon, dobre miejsce!",2000,https://www.otodom.pl/pl/oferta/kawalerka-osobna-kuchnia-balkon-dobre-miejsce-ID4zKsN,NIE,600,3,1,"ul. Oporowska, Wrocław",brak,miejskie,2800,brak,25,2026-02-13
2026-02-08 01:44,"2 pokoje, balkon, nowy budynek,",2600,https://www.otodom.pl/pl/oferta/2-pokoje-balkon-nowy-budynek-ID4zKsj,TAK,0,4,2,"ul. Władysława Jagiełły, Wrocław",2007,miejskie,brak,brak,38,2026-02-13
2026-02-08 01:44,"Apartamenty Strzegomska, 2 pokoje, balkon!",2350,https://www.otodom.pl/pl/oferta/apartamenty-strzegomska-2-pokoje-balkon-ID4prP9,TAK,950,5,2,Wrocław,2008,miejskie,3200,brak,50,2026-02-13
2026-02-08 01:45,Przestronne 2 pokoje w sercu Wrocławia - Ołbin,2100,https://www.otodom.pl/pl/oferta/przestronne-2-pokoje-w-sercu-wroclawia-olbin-ID4zKnn,NIE,600,3,2,Wrocław,1930,gazowe,4500,brak,60,2026-02-13
2026-02-08 01:45,"Wrocław, Centrum, Grabiszynska",2500,https://www.otodom.pl/pl/oferta/wroclaw-centrum-grabiszynska-ID4zKk4,NIE,800,0,2,Wrocław,brak,brak,brak,brak,54,2026-02-13
2026-02-08 01:45,wynajme mieszkanie przy ul. H. Sienkiewicza we Wrocławiu,3200,https://www.otodom.pl/pl/oferta/wynajme-mieszkanie-przy-ul-h-sienkiewicza-we-wroclawiu-ID4zKjf,NIE,0,4,2,"ul. Henryka Sienkiewicza, Wrocław",1960,gazowe,3200,brak,53,2026-02-13
2026-02-08 01:46,Do wynajęcia 2 pok. mieszkanie na Krzykach z piwnicą i ogródkiem.,2400,https://www.otodom.pl/pl/oferta/do-wynajecia-2-pok-mieszkanie-na-krzykach-z-piwnica-i-ogrodkiem-ID4e4cr,NIE,0,1,2,Wrocław,brak,electrical,2400,brak,40,2026-02-13
2026-02-08 01:46,"Mieszkanie, 25 m², Wrocław",1800,https://www.otodom.pl/pl/oferta/mieszkanie-25-m-wroclaw-ID4zKg9,TAK,0,1,1,Wrocław,brak,brak,brak,brak,25,2026-02-13
2026-02-08 01:46,"Mieszkanie 2 pokojowe, Wrocław, Jagodno",2700,https://www.otodom.pl/pl/oferta/mieszkanie-2-pokojowe-wroclaw-jagodno-ID4zKfu,NIE,650,0,2,Wrocław,2021,boiler_room,brak,brak,41.85,2026-02-13
2026-02-08 01:46,Balkon Media Miejskie Nowe Budownictwo Parking dla Mieszkańców,3000,https://www.otodom.pl/pl/oferta/balkon-media-miejskie-nowe-budownictwo-parking-dla-mieszkancow-ID4zK7z,TAK,500,4,2,"ul. Skarbowców, Wrocław",brak,miejskie,3000,brak,50,2026-02-13
2026-02-08 01:46,Mieszkanie w centrum Wrocławia,3000,https://www.otodom.pl/pl/oferta/mieszkanie-w-centrum-wroclawia-ID4hNIv,NIE,620,0,2,"ul. Podwale, Wrocław",brak,miejskie,5000,brak,50,2026-02-13
2026-02-08 01:46,Księże Małe | 61 m² + duży balkon | rozkładowe | po remoncie,3000,https://www.otodom.pl/pl/oferta/ksieze-male-61-m-duzy-balkon-rozkladowe-po-remoncie-ID4zK0k,NIE,700,2,2,"ul. Księska, Wrocław",2005,gazowe,6000,brak,61,2026-02-13
2026-02-08 01:47,"Długa Lokum Porto  |  Dwupokojowe mieszkanie z balkonem 38,5 m2",2800,https://www.otodom.pl/pl/oferta/dluga-lokum-porto-dwupokojowe-mieszkanie-z-balkonem-38-5-m2-ID4zJYB,TAK,550,2,2,"ul. Długa, Wrocław",2023,miejskie,3500,brak,38.5,2026-02-13
2026-02-08 01:47,2 pokoje w Angel City | Gym&Spa,3200,https://www.otodom.pl/pl/oferta/2-pokoje-w-angel-city-gym-spa-ID4zJZG,TAK,900,5,2,"ul. Walońska, Wrocław",2022,miejskie,brak,brak,43,2026-02-13
2026-02-08 01:47,"W centrum 72 mkw, pod mieszkanie, gabinet, biuro",3500,https://www.otodom.pl/pl/oferta/w-centrum-72-mkw-pod-mieszkanie-gabinet-biuro-ID4zJXf,TAK,600,4,3,"ul. Strzegomska, Wrocław",2009,miejskie,brak,brak,72,2026-02-13
2026-02-08 01:47,2-pokojowe po remoncie|Pierwszy najem|Balkon,3200,https://www.otodom.pl/pl/oferta/2-pokojowe-po-remoncie-pierwszy-najem-balkon-ID4zsL4,NIE,620,2,2,"ul. Kolejowa, Wrocław",brak,miejskie,brak,brak,49,2026-02-13
2026-02-08 01:47,Designerski apartament w sercu Wrocławia,5450,https://www.otodom.pl/pl/oferta/designerski-apartament-w-sercu-wroclawia-ID4wadg,NIE,1650,4,2,"ul. Bolesława Drobnera, Wrocław",2025,miejskie,brak,brak,60,2026-02-13
2026-02-08 01:48,Apartament przy Pl. Grunwaldzkim we Wrocławiu do WYNAJĘCIA,13000,https://www.otodom.pl/pl/oferta/apartament-przy-pl-grunwaldzkim-we-wroclawiu-do-wynajecia-ID4zJTz,TAK,2000,5,6,"al. Jana Matejki, Wrocław",2016,miejskie,brak,brak,231,2026-02-13
2026-02-08 01:49,Apartament Premium z klimatyzacją i m. postojowym,3500,https://www.otodom.pl/pl/oferta/apartament-premium-z-klimatyzacja-i-m-postojowym-ID4s6d5,TAK,778,2,2,Wrocław,2023,miejskie,5000,brak,47,2026-02-13
2026-02-08 01:49,Przytulne 2 pokoje z balkonem i komórką na wynajem,2600,https://www.otodom.pl/pl/oferta/przytulne-2-pokoje-z-balkonem-i-komorka-na-wynajem-ID4zEqt,NIE,600,2,2,"ul. Zakładowa, Wrocław",2014,miejskie,3000,brak,31.38,2026-02-13
2026-02-08 01:49,Wynajmuję,2500,https://www.otodom.pl/pl/oferta/wynajmuje-ID4zJlc,NIE,800,10,2,"ul. Oficerska, Wrocław",1970,miejskie,3500,brak,39,2026-02-13
2026-02-08 01:50,"Tęczowa, MP, od 6 lutego.",2300,https://www.otodom.pl/pl/oferta/teczowa-mp-od-6-lutego-ID4zJLd,NIE,400,5,1,"ul. Tęczowa, Wrocław",2021,other,brak,brak,26.28,2026-02-13
2026-02-08 01:50,Angel River*Balkon*Garaż*Klimatyzacja*15 piętro,3800,https://www.otodom.pl/pl/oferta/angel-riverbalkongarazklimatyzacja15-pietro-ID4zJKp,TAK,1300,10,2,"ul. Walońska, Wrocław",2019,miejskie,brak,brak,40,2026-02-13
2026-02-08 01:50,Śródmieście_Oleśnicka_42m2_2 pokoje_od zaraz,2000,https://www.otodom.pl/pl/oferta/srodmiescie-olesnicka-42m2-2-pokoje-od-zaraz-ID4zJGP,TAK,742,0,2,"ul. Oleśnicka, Wrocław",2012,miejskie,3000,brak,42.27,2026-02-13
2026-02-08 01:50,Kameralne 3-pokojowe mieszkanie niedaleko Wyspy Opatowickiej!,5000,https://www.otodom.pl/pl/oferta/kameralne-3-pokojowe-mieszkanie-niedaleko-wyspy-opatowickiej-ID4ztbl,NIE,400,1,3,"ul. Edwarda Dembowskiego, Wrocław",1900,gazowe,5000,brak,65.99,2026-02-13
2026-02-08 01:51,2 pokoje|nowe budownictwo|centrum,2900,https://www.otodom.pl/pl/oferta/2-pokoje-nowe-budownictwo-centrum-ID4zswz,TAK,550,2,2,"ul. Ludwika Rydygiera, Wrocław",2012,miejskie,5000,brak,48.16,2026-02-13
2026-02-08 01:51,Angel River Centrum 2 pokoje_Strefa Fitness parkin,3500,https://www.otodom.pl/pl/oferta/angel-river-centrum-2-pokoje-strefa-fitness-parkin-ID4znFD,TAK,790,6,2,"ul. Walońska, Wrocław",2018,brak,4000,brak,45,2026-02-13
2026-02-08 01:51,Wynajmę Jugosławiańska Wroclaw 2 pok. okol.centrum,2450,https://www.otodom.pl/pl/oferta/wynajme-jugoslawianska-wroclaw-2-pok-okol-centrum-ID4nwtg,TAK,0,brak,2,Wrocław,brak,gazowe,3500,brak,30,2026-02-13
2026-02-08 01:51,Wynajmę mieszkanie Wrocław Bezpieczna 3 pokoje,2750,https://www.otodom.pl/pl/oferta/wynajme-mieszkanie-wroclaw-bezpieczna-3-pokoje-ID4vNT4,NIE,0,0,3,"ul. Bezpieczna, Wrocław",brak,gazowe,3500,brak,55,2026-02-13
2026-02-08 01:51,2-pokojowe mieszkanie | Plac Powstańców Śląskich | Garaż podziemny,3000,https://www.otodom.pl/pl/oferta/2-pokojowe-mieszkanie-plac-powstancow-slaskich-garaz-podziemny-ID4zEqj,TAK,880,4,2,"pl. Powstańców Śląskich, Wrocław",2008,miejskie,3900,brak,44.72,2026-02-13
2026-02-08 01:52,Muchobór Mały - pokój do wynajęcia od 1.01.2026,1000,https://www.otodom.pl/pl/oferta/muchobor-maly-pokoj-do-wynajecia-od-1-01-2026-ID4yadz,NIE,1,1,1,"ul. Belgijska, Wrocław",brak,brak,1100,brak,10,2026-02-13
2026-02-08 01:52,Wrocław! TOP Lokalizacja! Kawalerka przy Fosie Miejskiej | Rynek 5 min,1900,https://www.otodom.pl/pl/oferta/wroclaw-top-lokalizacja-kawalerka-przy-fosie-miejskiej-rynek-5-min-ID4zDKO,NIE,750,7,1,"ul. Grabiszyńska, Wrocław",brak,miejskie,2000,brak,18,2026-02-13
2026-02-08 01:52,"Kawalerka do wynajęcia 22,5m^2 - Kępa mieszczańska",4500,https://www.otodom.pl/pl/oferta/kawalerka-do-wynajecia-22-5m2-kepa-mieszczanska-ID4wuLK,NIE,500,1,1,"ul. Mieszczańska, Wrocław",2020,miejskie,2500,brak,22.5,2026-02-13
2026-02-08 01:52,Do wynajęcia apartament premium 2-pok. – Planty Racławickie | 1. najem,4500,https://www.otodom.pl/pl/oferta/do-wynajecia-apartament-premium-2-pok-planty-raclawickie-1-najem-ID4zJxj,TAK,850,2,2,"ul. Racławicka, Wrocław",2025,miejskie,8000,brak,45.5,2026-02-13
2026-02-08 01:52,Przy dworcu | Niskie opłaty | Od Stycznia! |,2500,https://www.otodom.pl/pl/oferta/przy-dworcu-niskie-oplaty-od-stycznia-ID4zJv9,NIE,700,4,2,"ul. gen. Jana Henryka Dąbrowskiego, Wrocław",brak,brak,3500,brak,35,2026-02-13
2026-02-08 01:53,Przestronna kawalerka | Niskie opłaty | Kolejowa,2390,https://www.otodom.pl/pl/oferta/przestronna-kawalerka-niskie-oplaty-kolejowa-ID4zJv7,NIE,300,0,1,"ul. Kolejowa, Wrocław",brak,brak,3000,brak,40,2026-02-13
2026-02-08 01:53,Mieszkanie nowe 3 pokojowe Strachowicka Żerniki,3300,https://www.otodom.pl/pl/oferta/mieszkanie-nowe-3-pokojowe-strachowicka-zerniki-ID4zJul,TAK,1000,2,3,"ul. Strachowicka, Wrocław",2025,miejskie,6000,brak,60,2026-02-13
2026-02-08 01:53,"Wrocław, Krzyki, Skarbowócw",2700,https://www.otodom.pl/pl/oferta/wroclaw-krzyki-skarbowocw-ID4xXgJ,NIE,0,5,2,"Skarbowców/ Krzycka, Wrocław",2000,brak,3600,brak,38,2026-02-13
2026-02-08 01:53,"Wrocław, Stare Miasto, Strzegomska",2500,https://www.otodom.pl/pl/oferta/wroclaw-stare-miasto-strzegomska-ID4zzi5,TAK,0,4,2,"Strzegomska vis a vis Green Tower, Wrocław",2006,miejskie,3500,brak,45,2026-02-13
2026-02-08 01:54,Bezpieczna / 3-pokojowe mieszkanie po remoncie z balkonem,2800,https://www.otodom.pl/pl/oferta/bezpieczna-3-pokojowe-mieszkanie-po-remoncie-z-balkonem-ID4zJtL,NIE,1000,1,3,"ul. Bezpieczna, Wrocław",1982,miejskie,5000,brak,55,2026-02-13
2026-02-08 01:54,MIESZKANIE PORT POPOWICE ZUPEŁNIE NOWE,2700,https://www.otodom.pl/pl/oferta/mieszkanie-port-popowice-zupelnie-nowe-ID4zJtG,TAK,460,8,1,"ul. Białowieska, Wrocław",2025,miejskie,2700,brak,28.5,2026-02-13
2026-02-08 01:54,"W pobliżu Dworca PKP,pełen rozkład,osobna kuchnia,miejsce parkingowe.",2800,https://www.otodom.pl/pl/oferta/w-poblizu-dworca-pkp-pelen-rozklad-osobna-kuchnia-miejsce-parkingowe-ID4zJsE,NIE,670,4,2,"ul. Dworcowa, Wrocław",brak,miejskie,3900,brak,47,2026-02-13
2026-02-08 01:54,Kawalerka do wynajęcia Oporów,2200,https://www.otodom.pl/pl/oferta/kawalerka-do-wynajecia-oporow-ID4tZuz,NIE,400,4,1,"ul. Honoriusza Balzaka, Wrocław",1999,miejskie,3000,brak,30,2026-02-13
2026-02-08 01:55,Wysoki standard | Duży ogródek | Klimatyzacja,7900,https://www.otodom.pl/pl/oferta/wysoki-standard-duzy-ogrodek-klimatyzacja-ID4xzsK,TAK,1000,0,3,"Giserska, Wrocław",2021,miejskie,brak,brak,74.83,2026-02-13
2026-02-08 01:55,"3 pokoje + balkon + garaż, Kępa Mieszczańska - OD LUTEGO",3700,https://www.otodom.pl/pl/oferta/3-pokoje-balkon-garaz-kepa-mieszczanska-od-lutego-ID4zfM4,TAK,950,1,3,"ul. Mieszczańska, Wrocław",brak,miejskie,4800,brak,50,2026-02-13
2026-02-08 01:55,Wynajmę jasne mieszkanie w centrum,2700,https://www.otodom.pl/pl/oferta/wynajme-jasne-mieszkanie-w-centrum-ID4zJml,NIE,500,8,3,"ul. Rybacka, Wrocław",brak,brak,2700,brak,48,2026-02-13
2026-02-08 01:55,2-pok od zaraz Ogrody Hallera ul. Hallera  86 OGRÓDEK *BOREK*,3200,https://www.otodom.pl/pl/oferta/2-pok-od-zaraz-ogrody-hallera-ul-hallera-86-ogrodek-borek-ID4zJiB,NIE,0,3,2,"al. gen. Józefa Hallera, Wrocław",brak,miejskie,brak,brak,50,2026-02-13
2026-02-08 01:56,Do wynajęcia 2 pokoje ogródek garaż komórka lok,3600,https://www.otodom.pl/pl/oferta/do-wynajecia-2-pokoje-ogrodek-garaz-komorka-lok-ID4zJhN,TAK,560,0,2,Wrocław,2021,gazowe,3600,brak,45.99,2026-02-13
2026-02-08 01:56,Śliczne mieszkanko na Nowym Dworze,2450,https://www.otodom.pl/pl/oferta/sliczne-mieszkanko-na-nowym-dworze-ID4zJhA,TAK,600,4,2,Wrocław,brak,miejskie,2450,brak,33,2026-02-14
2026-02-08 01:58,Biskupin: stylowe 3-pokojowe mieszkanie,4800,https://www.otodom.pl/pl/oferta/biskupin-stylowe-3-pokojowe-mieszkanie-ID4qKV8,NIE,663,2,3,"ul. Artura Grottgera, Wrocław",2023,miejskie,5463,brak,63,2026-02-14
2026-02-08 01:58,"W pełni wyposażone, klimatyzacja, garaż",2850,https://www.otodom.pl/pl/oferta/w-pelni-wyposazone-klimatyzacja-garaz-ID4zmkb,NIE,1159,3,2,"ul. Sokolnicza, Wrocław",2005,miejskie,4000,brak,50,2026-02-14
2026-02-08 01:59,Duże 2 pokoje (27m2!) dla studentów/pary | Osobna Kuchnia + Zmywarka |,3200,https://www.otodom.pl/pl/oferta/duze-2-pokoje-27m2-dla-studentow-pary-osobna-kuchnia-zmywarka-ID4zJ6x,NIE,650,2,2,"ul. Jedności Narodowej, Wrocław",brak,gazowe,3200,brak,72,2026-02-14
2026-02-08 02:00,Stylowe studio z antresolą - Krzyki,2600,https://www.otodom.pl/pl/oferta/stylowe-studio-z-antresola-krzyki-ID4yuwG,TAK,800,1,2,"ul. Lwowska, Wrocław",brak,brak,5000,brak,36,2026-02-14
2026-02-08 02:00,"OFERTA PRYWATNA: Odnowione 44m2, 15 min od Starego Miasta",2800,https://www.otodom.pl/pl/oferta/oferta-prywatna-odnowione-44m2-15-min-od-starego-miasta-ID4wVpp,NIE,670,brak,2,"ul. Gwarecka, Wrocław",brak,miejskie,4500,brak,44,2026-02-14
2026-02-08 02:01,"ul. Jaracza/ Ołbin 58,5m2 with balcony",3000,https://www.otodom.pl/pl/oferta/ul-jaracza-olbin-58-5m2-with-balcony-ID4yGCC,NIE,700,2,2,"ul. Stefana Jaracza, Wrocław",1997,brak,4000,brak,58.5,2026-02-14
2026-02-08 02:02,"Przestronny apartament z dużym balkonem w OVO- parking, concierge 24/7",3800,https://www.otodom.pl/pl/oferta/przestronny-apartament-z-duzym-balkonem-w-ovo-parking-concierge-24-7-ID4zD9S,NIE,0,4,2,"ul. Podwale, Wrocław",2016,miejskie,6000,brak,65,2026-02-14
2026-02-08 02:03,UA | Eng | PL | Комиссия 0% | Bez Prowizji,5200,https://www.otodom.pl/pl/oferta/ua-eng-pl-0-bez-prowizji-ID4zIHt,TAK,700,4,3,"ul. Racławicka, Wrocław",brak,miejskie,6500,brak,69,2026-02-14
2026-02-08 02:04,Luksusowy apartament w centrum z parkingiem,4999,https://www.otodom.pl/pl/oferta/luksusowy-apartament-w-centrum-z-parkingiem-ID4hUBJ,TAK,720,5,3,Wrocław,2016,miejskie,5000,brak,56,2026-02-14
2026-02-08 02:05,Pl.Legionów|Rozkład|DlaRodziny i na biuro|Od zara,3500,https://www.otodom.pl/pl/oferta/pl-legionow-rozklad-dlarodziny-i-na-biuro-od-zara-ID4zIB1,NIE,1050,1,3,"Sądowa/Świebodzka, Wrocław",1960,other,4500,brak,68.15,2026-02-14
2026-02-08 02:06,PL/UA Apartament Na Wynajem | Pet Friendly | Parking | Balkon,1900,https://www.otodom.pl/pl/oferta/pl-ua-apartament-na-wynajem-pet-friendly-parking-balkon-ID4zIwt,NIE,585,1,1,Wrocław,2021,miejskie,2700,brak,27,2026-02-14
2026-02-08 02:07,Apartament 2-pokojowy na Oporowie,3200,https://www.otodom.pl/pl/oferta/apartament-2-pokojowy-na-oporowie-ID4zI87,TAK,390,1,2,"ul. Ibn Siny Awicenny, Wrocław",2019,miejskie,5000,brak,45,2026-02-14
2026-02-08 02:08,Rozkładowe Mieszkanie Z Balkonem Do Wynajęcia,2800,https://www.otodom.pl/pl/oferta/rozkladowe-mieszkanie-z-balkonem-do-wynajecia-ID4zHSZ,NIE,900,2,3,"ul. Bezpieczna, Wrocław",brak,miejskie,brak,brak,58.2,2026-02-14
2026-02-08 02:09,"Mieszkanie 3-pokojowe, 75m2, Strachocin",3000,https://www.otodom.pl/pl/oferta/mieszkanie-3-pokojowe-75m2-strachocin-ID4zHKE,NIE,930,0,3,Wrocław,brak,miejskie,3000,brak,75,2026-02-14
2026-02-08 02:12,Jagodno -2 pokoje|Pierwszy Najem|balkon|M.Post|ENG,2600,https://www.otodom.pl/pl/oferta/jagodno-2-pokoje-pierwszy-najem-balkon-m-post-eng-ID4tpRX,TAK,650,4,2,"ul. Stanisława Drabika, Wrocław",2024,miejskie,3000,brak,40,2026-02-14
2026-02-08 02:12,mieszkanie 3 pokoje dostępne do wynajęcia | centrum,3200,https://www.otodom.pl/pl/oferta/mieszkanie-3-pokoje-dostepne-do-wynajecia-centrum-ID4zHuV,NIE,640,brak,3,"ul. Hubska, Wrocław",brak,miejskie,3000,brak,48,2026-02-14
2026-02-08 02:14,Przytulne mieszkanie  przy rzece/Centrum,3000,https://www.otodom.pl/pl/oferta/przytulne-mieszkanie-przy-rzece-centrum-ID4xWkR,TAK,800,1,2,"ul. Mieszczańska, Wrocław",2020,miejskie,3390,brak,43.65,2026-02-14
2026-02-08 02:14,Wynajmę piękne mieszkanie w cichej i spokojnej dzielnicy,2300,https://www.otodom.pl/pl/oferta/wynajme-piekne-mieszkanie-w-cichej-i-spokojnej-dzielnicy-ID4zGQN,TAK,600,1,1,"ul. Anyżowa, Wrocław",2024,miejskie,4000,brak,39,2026-02-14
2026-02-08 02:15,Wrocław! ul. Graniczna! 2-pok! 49m2! Factory! Od zaraz!,3000,https://www.otodom.pl/pl/oferta/wroclaw-ul-graniczna-2-pok-49m2-factory-od-zaraz-ID4oNLV,NIE,800,3,2,"ul. Graniczna, Wrocław",brak,miejskie,3000,brak,49,2026-02-14
2026-02-08 02:16,NOWE | Pierwszy najem | 3 pokoje | Zakrzów | Bezpośrednio,3200,https://www.otodom.pl/pl/oferta/nowe-pierwszy-najem-3-pokoje-zakrzow-bezposrednio-ID4zGxv,TAK,1000,0,3,Wrocław,2023,miejskie,3200,brak,53,2026-02-14
2026-02-08 02:17,Stylowy apartament w centrum Wrocławia,4300,https://www.otodom.pl/pl/oferta/stylowy-apartament-w-centrum-wroclawia-ID4yTNQ,TAK,1500,1,2,"ul. Ruska, Wrocław",1938,miejskie,brak,brak,45,2026-02-14
2026-02-08 02:19,Kawalerka w prestiżowej lokalizacji – Angel River,2700,https://www.otodom.pl/pl/oferta/kawalerka-w-prestizowej-lokalizacji-angel-river-ID4yf9z,TAK,900,5,1,"ul. Walońska, Wrocław",2022,miejskie,4000,brak,30,2026-02-14
2026-02-08 02:19,Przestronne 3-pokojowe mieszkanie Ul. Słowiańska,2700,https://www.otodom.pl/pl/oferta/przestronne-3-pokojowe-mieszkanie-ul-slowianska-ID4pVBG,NIE,1300,5,3,"ul. Słowiańska, Wrocław",brak,miejskie,4500,brak,62,2026-02-14
2026-02-08 02:20,"Nowy apartament – ATAL City Square, ul. Madalińskiego - Pet friendly!",2399,https://www.otodom.pl/pl/oferta/nowy-apartament-atal-city-square-ul-madalinskiego-pet-friendly-ID4zFQY,TAK,700,1,1,Wrocław,2024,miejskie,3099,brak,33,2026-02-14
2026-02-08 02:22,Pełny rozkład - przy rzece - umeblowane,2800,https://www.otodom.pl/pl/oferta/pelny-rozklad-przy-rzece-umeblowane-ID4zFDl,NIE,0,1,2,Wrocław,brak,brak,brak,brak,49.51,2026-02-14
2026-02-08 02:24,Komfortowe 2-pokojowe mieszkanie z dużym ogrodem | Wysoki standard,3400,https://www.otodom.pl/pl/oferta/komfortowe-2-pokojowe-mieszkanie-z-duzym-ogrodem-wysoki-standard-ID4zFkR,NIE,900,0,2,"ul. Babiego Lata, Wrocław",2014,miejskie,4000,brak,53,2026-02-14
2026-02-08 02:25,2 pokoje| osobna kuchnia | centrum |Komandorska,2700,https://www.otodom.pl/pl/oferta/2-pokoje-osobna-kuchnia-centrum-komandorska-ID4zF4Q,NIE,0,3,2,"ul. Komandorska, Wrocław",brak,miejskie,brak,brak,51.3,2026-02-14
2026-02-08 02:26,Mieszkanie na wynajem - możliwość negocjacji ceny,2500,https://www.otodom.pl/pl/oferta/mieszkanie-na-wynajem-mozliwosc-negocjacji-ceny-ID4zEVT,TAK,550,3,1,"wyb. Ludwika Pasteura, Wrocław",brak,miejskie,4200,brak,16.93,2026-02-14
2026-02-08 02:26,Stare Miasto I 2 pokoje I Rozkład I,2000,https://www.otodom.pl/pl/oferta/stare-miasto-i-2-pokoje-i-rozklad-i-ID4yzTh,NIE,800,4,2,"ul. Rybacka, Wrocław",1969,miejskie,2100,brak,38,2026-02-14
2026-02-08 02:27,"Strońska, CH FerioGaj, 2 pokoje,osobna kuchnia",2400,https://www.otodom.pl/pl/oferta/stronska-ch-feriogaj-2-pokoje-osobna-kuchnia-ID4zEQn,NIE,650,3,2,"ul. Strońska, Wrocław",2002,miejskie,brak,brak,42,2026-02-14
2026-02-08 02:29,3 pok / Osobna kuchnia / Prywatny ogród / Parking,3800,https://www.otodom.pl/pl/oferta/3-pok-osobna-kuchnia-prywatny-ogrod-parking-ID4zEwJ,NIE,600,1,3,Wrocław,1935,gazowe,4600,brak,72,2026-02-14
2026-02-08 02:34,Luksusowy apartament z dużym ogrodem  szkoła Cosmopolitan,8000,https://www.otodom.pl/pl/oferta/luksusowy-apartament-z-duzym-ogrodem-szkola-cosmopolitan-ID4zDQd,TAK,600,0,5,"ul. Stanisławowska, Wrocław",brak,gazowe,12000,brak,120,2026-02-14
2026-02-08 02:35,2 pokoje na Ołtaszynie|pierwszy najem|przyjazne psom,2500,https://www.otodom.pl/pl/oferta/2-pokoje-na-oltaszynie-pierwszy-najem-przyjazne-psom-ID4zcQO,NIE,900,2,2,"KutrzebyTadeusza, Wrocław",brak,miejskie,3600,brak,50,2026-02-14
2026-02-08 02:36,"Do wynajęcia mieszkanie 55m, 3 pokoje, ul. Zdrowa",3200,https://www.otodom.pl/pl/oferta/do-wynajecia-mieszkanie-55m-3-pokoje-ul-zdrowa-ID4zDlL,TAK,1000,2,2,"ul. Zdrowa, Wrocław",2009,miejskie,4500,brak,54,2026-02-14
2026-02-08 02:40,2 pokoje w Centrum + garaż podziemny,4000,https://www.otodom.pl/pl/oferta/2-pokoje-w-centrum-garaz-podziemny-ID4z9JA,TAK,654,2,2,"ul. gen. Józefa Haukego-Bosaka, Wrocław",2022,miejskie,brak,brak,50,2026-02-14
2026-02-08 02:41,0 % PRO Duża Kawalerka36m2 osobna kuchnia ul. Powiewna Krzyki od zaraz,1900,https://www.otodom.pl/pl/oferta/0-pro-duza-kawalerka36m2-osobna-kuchnia-ul-powiewna-krzyki-od-zaraz-ID4zCHY,NIE,465,1,1,"ul. Powiewna, Wrocław",brak,brak,brak,brak,36,2026-02-14
2026-02-08 02:43,"Studio, 4,6 m wysokości z antresolą. Pierwszy najem.",3500,https://www.otodom.pl/pl/oferta/studio-4-6-m-wysokosci-z-antresola-pierwszy-najem-ID4yT4m,NIE,650,2,1,"pl. Jana Pawła II, Wrocław",2024,miejskie,4500,brak,42,2026-02-14
2026-02-08 02:44,2 pokoje|Przyjaźni|garaż|balkon,3250,https://www.otodom.pl/pl/oferta/2-pokoje-przyjazni-garaz-balkon-ID4zCna,TAK,650,3,2,"ul. Przyjaźni, Wrocław",2015,miejskie,4500,brak,43,2026-02-14
2026-02-08 02:45,Studio w Angel River | taras | Spa&Gym,2700,https://www.otodom.pl/pl/oferta/studio-w-angel-river-taras-spa-gym-ID4zCdy,TAK,0,0,1,"ul. Walońska, Wrocław",2019,brak,brak,brak,30.68,2026-02-14
2026-02-08 02:46,Krzyki/Kawalerka/Balkon,2000,https://www.otodom.pl/pl/oferta/krzyki-kawalerka-balkon-ID4zC4z,NIE,0,3,1,"ul. Lubuska, Wrocław",1960,brak,2600,brak,27,2026-02-14
2026-02-08 02:47,"Borek | 3 pokoje | 70,33 m2 | Pewny najem",4500,https://www.otodom.pl/pl/oferta/borek-3-pokoje-70-33-m2-pewny-najem-ID4zaCX,TAK,1000,3,3,"Aleja Wiśniowa, Wrocław",2013,miejskie,5000,brak,70.33,2026-02-14
2026-02-08 02:47,Stylowe 2-pokojowe mieszkanie w centrum,3200,https://www.otodom.pl/pl/oferta/stylowe-2-pokojowe-mieszkanie-w-centrum-ID4zBWQ,NIE,440,2,2,"ul. Nowa, Wrocław",1930,gazowe,4000,brak,60,2026-02-14
2026-02-08 02:48,"Centrum, od marca, nad rzeką, uniwersytet",2400,https://www.otodom.pl/pl/oferta/centrum-od-marca-nad-rzeka-uniwersytet-ID4zBzZ,TAK,100,1,1,"ul. Wojciecha Cybulskiego, Wrocław",1900,gazowe,3000,brak,22.57,2026-02-14
2026-02-08 02:49,Przestronne z balkonem,2900,https://www.otodom.pl/pl/oferta/przestronne-z-balkonem-ID4zB6A,NIE,600,0,2,Wrocław,2010,brak,3500,brak,53,2026-02-14
2026-02-08 02:49,Kawalerka na wynajem - ul. Długa - Nowe Budownictwo - 0% prowizji,2400,https://www.otodom.pl/pl/oferta/kawalerka-na-wynajem-ul-dluga-nowe-budownictwo-0-prowizji-ID4zr0k,TAK,550,4,1,"ul. Długa, Wrocław",2009,miejskie,3000,brak,34.29,2026-02-14
2026-02-08 02:49,Pierwszy najem - 3 pokoje z ogródkiem | Ołtaszyn,3500,https://www.otodom.pl/pl/oferta/pierwszy-najem-3-pokoje-z-ogrodkiem-oltaszyn-ID4zoYR,TAK,800,0,3,"ul. Orawska, Wrocław",2025,brak,3500,brak,61,2026-02-14
2026-02-08 02:50,"Wrocław Michalczyka – 2 pokoje, 45 m², do umeblowania, wynajem",3500,https://www.otodom.pl/pl/oferta/wroclaw-michalczyka-2-pokoje-45-m-do-umeblowania-wynajem-ID4zAs5,TAK,1300,5,2,"ul. Kazimierza Michalczyka, Wrocław",brak,miejskie,4800,brak,45,2026-02-14
2026-02-08 02:51,Angel City* Winda* Tramwaj*Balkon* Gym&Spa,3000,https://www.otodom.pl/pl/oferta/angel-city-winda-tramwajbalkon-gym-spa-ID4zAkO,TAK,1000,5,2,"ul. gen. Romualda Traugutta, Wrocław",2022,miejskie,brak,brak,42,2026-02-14
2026-02-08 02:51,Śródmieście -3 Osobne Pokoje-Plac Świętego Macieja,3000,https://www.otodom.pl/pl/oferta/srodmiescie-3-osobne-pokoje-plac-swietego-macieja-ID4zA7f,NIE,0,4,3,"ul. Bolesława Chrobrego, Wrocław",brak,gazowe,4500,brak,49,2026-02-14
2026-02-08 02:52,Stylowe dwupokojowe mieszkanie w centrum miasta,2200,https://www.otodom.pl/pl/oferta/stylowe-dwupokojowe-mieszkanie-w-centrum-miasta-ID4zzPk,TAK,550,1,2,Wrocław,brak,gazowe,brak,brak,40,2026-02-14
2026-02-08 02:52,"Pokój do wynajęcia – ul. Kuźnicza, obok Rynku",1590,https://www.otodom.pl/pl/oferta/pokoj-do-wynajecia-ul-kuznicza-obok-rynku-ID4zjD0,NIE,550,3,1,Wrocław,brak,miejskie,brak,brak,9.1,2026-02-14
2026-02-08 02:53,Dwupoziomowe 3-pokojowe z balkonem | 2 łazienki,3200,https://www.otodom.pl/pl/oferta/dwupoziomowe-3-pokojowe-z-balkonem-2-lazienki-ID4zvgF,TAK,1000,3,3,Wrocław,brak,brak,4200,brak,61,2026-02-14
2026-02-08 02:54,Nowe 2 pokoje z balkonem - ul. Grabiszyńska,2900,https://www.otodom.pl/pl/oferta/nowe-2-pokoje-z-balkonem-ul-grabiszynska-ID4zz01,NIE,630,5,2,"ul. Grabiszyńska, Wrocław",2018,miejskie,brak,brak,43,2026-02-14
2026-02-08 02:54,Mieszkanie Plac Grunwaldzki przy PolitechniceWroclaw,2500,https://www.otodom.pl/pl/oferta/mieszkanie-plac-grunwaldzki-przy-politechnicewroclaw-ID4sB8O,NIE,1090,9,2,Wrocław,brak,miejskie,5000,brak,51.8,2026-02-14
2026-02-08 02:55,"Mieszkanie 3 pokoje, blisko Rynku, blisko placu Grunwaldzkiego",3490,https://www.otodom.pl/pl/oferta/mieszkanie-3-pokoje-blisko-rynku-blisko-placu-grunwaldzkiego-ID4zy6u,NIE,700,3,3,"ul. Mikołaja Sępa-Szarzyńskiego, Wrocław",1990,miejskie,5000,brak,70,2026-02-14
2026-02-08 02:56,Krakowskie Tarasy - kawalerka do wynajęcia,2000,https://www.otodom.pl/pl/oferta/krakowskie-tarasy-kawalerka-do-wynajecia-ID4zvIl,TAK,0,1,1,"ul. Krakowska, Wrocław",2025,brak,brak,brak,20,2026-02-14
2026-02-08 02:58,2 Pokoje - Taras - Garaż - Park Grabiszyński,2800,https://www.otodom.pl/pl/oferta/2-pokoje-taras-garaz-park-grabiszynski-ID4zumv,TAK,0,3,2,Wrocław,brak,miejskie,3800,brak,56,2026-02-14
2026-02-08 02:59,"2 pokojowe na Karłowicach, w cichej okolicy",2000,https://www.otodom.pl/pl/oferta/2-pokojowe-na-karlowicach-w-cichej-okolicy-ID4zu4X,NIE,700,1,2,"ul. Mieczysława Romanowskiego, Wrocław",brak,gazowe,2900,brak,45,2026-02-14
2026-02-08 03:00,Pierwszy wynajem Mieszkanie z ogródkiem Księże Małe,3200,https://www.otodom.pl/pl/oferta/pierwszy-wynajem-mieszkanie-z-ogrodkiem-ksieze-male-ID4zsFv,NIE,800,0,2,Wrocław,2024,miejskie,3200,brak,48.39,2026-02-14
2026-02-08 03:00,Apartament 83 m2 z tarasem 20 m2 / Zdrowa,4990,https://www.otodom.pl/pl/oferta/apartament-83-m2-z-tarasem-20-m2-zdrowa-ID4xfzg,NIE,1090,6,2,"ul. Zdrowa, Wrocław",2007,miejskie,brak,brak,83,2026-02-14
2026-02-08 03:01,"2 pokoje, dla singla lub pary.",2350,https://www.otodom.pl/pl/oferta/2-pokoje-dla-singla-lub-pary-ID4zrFe,NIE,0,10,2,"ul. Zaporoska, Wrocław",1970,miejskie,0,brak,34.5,2026-02-14
2026-02-08 03:01,"Unikatowy apartament, Odra, Uniwersytet Wrocławski",6000,https://www.otodom.pl/pl/oferta/unikatowy-apartament-odra-uniwersytet-wroclawski-ID4yThj,TAK,1200,2,2,Wrocław,2023,other,12000,brak,41.51,2026-02-14
2026-02-08 03:03,3 pok. wynajem plac Grunwaldzki,2890,https://www.otodom.pl/pl/oferta/3-pok-wynajem-plac-grunwaldzki-ID4zpxz,NIE,980,3,3,"pl. Grunwaldzki, Wrocław",1973,miejskie,3500,brak,48,2026-02-14
2026-02-08 03:04,3-pokojowe mieszkanie ul. Zakładowa Promenady,3000,https://www.otodom.pl/pl/oferta/3-pokojowe-mieszkanie-ul-zakladowa-promenady-ID4zp3L,NIE,1060,1,3,"ul. Zakładowa, Wrocław",2019,miejskie,brak,brak,56,2026-02-14
2026-02-08 03:04,2pok mieszkanie na wynajem Wrocław | ul. Mieszczańska | garaż | rzeka,3000,https://www.otodom.pl/pl/oferta/2pok-mieszkanie-na-wynajem-wroclaw-ul-mieszczanska-garaz-rzeka-ID4zod3,TAK,400,5,2,"ul. Mieszczańska, Wrocław",2020,miejskie,3500,brak,40,2026-02-14
2026-02-08 03:05,***OVO Wrocław * TARAS * WyposażonyApartament * TylkoDlaFirm * FV ***,13356,https://www.otodom.pl/pl/oferta/ovo-wroclaw-taras-wyposazonyapartament-tylkodlafirm-fv-ID4ywcM,TAK,2075,6,4,"ul. Podwale, Wrocław",2016,brak,13356,brak,123,2026-02-14
2026-02-08 03:06,28 piętro/panorama miasta/2 pokoje,11500,https://www.otodom.pl/pl/oferta/28-pietro-panorama-miasta-2-pokoje-ID4zmAI,TAK,2200,10,2,"ul. Gwiaździsta, Wrocław",2012,miejskie,brak,brak,70,2026-02-14
2026-02-08 03:06,Komfortowa kawalerka w centrum/parking+komórka,2600,https://www.otodom.pl/pl/oferta/komfortowa-kawalerka-w-centrum-parking-komorka-ID4zlxH,TAK,507,5,1,"ul. Braniborska, Wrocław",2025,miejskie,4000,brak,30,2026-02-14
2026-02-08 03:07,Quorum/Wysoki standard/Taras,7000,https://www.otodom.pl/pl/oferta/quorum-wysoki-standard-taras-ID4yO0U,TAK,1500,10,3,"ul. Parkowa, Wrocław",2024,miejskie,brak,brak,70,2026-02-14
2026-02-08 03:07,Dwupokojowe mieszkanie od zaraz - Obornicka,3500,https://www.otodom.pl/pl/oferta/dwupokojowe-mieszkanie-od-zaraz-obornicka-ID4zkHz,TAK,604,3,2,Wrocław,2018,miejskie,3500,brak,36,2026-02-14
2026-02-08 03:08,"duży balkon, MP, Kopycińskiego, bez prowizji",2500,https://www.otodom.pl/pl/oferta/duzy-balkon-mp-kopycinskiego-bez-prowizji-ID4zkvH,TAK,650,2,2,"Kopycińskiego, Wrocław",brak,other,brak,brak,37.04,2026-02-14
2026-02-09 04:19,"Również psy, 2 pokoje z garażem",2800,https://www.otodom.pl/pl/oferta/rowniez-psy-2-pokoje-z-garazem-ID4A0Sx,TAK,700,0,2,"ul. Obornicka, Wrocław",2019,miejskie,brak,brak,53,2026-02-14
2026-02-09 04:41,Na wynajem 60m2 - LOKUM DI TREVI - KLIMASA/MIĘDZYLESKA,4000,https://www.otodom.pl/pl/oferta/na-wynajem-60m2-lokum-di-trevi-klimasa-miedzyleska-ID4A0Ci,NIE,0,1,3,"ul. Międzyleska, Wrocław",brak,miejskie,7000,brak,60,2026-02-14
2026-02-09 04:44,"Mieszkanie, 40 m², Wrocław",2600,https://www.otodom.pl/pl/oferta/mieszkanie-40-m-wroclaw-ID4A0N7,NIE,0,2,2,Wrocław,brak,other,brak,brak,40,2026-02-14
2026-02-09 04:48,2 490 zł /miesiąc + Czynsz 850 zł,2490,https://www.otodom.pl/pl/oferta/2-490-zl-miesiac-czynsz-850-zl-ID4zVd1,NIE,850,6,2,"ul. Zachodnia, Wrocław",brak,miejskie,3500,brak,39,2026-02-14
2026-02-09 15:34,Wyjątkowy apartament premium do wynajęcia/centrum/garaz/taras,14000,https://www.otodom.pl/pl/oferta/wyjatkowy-apartament-premium-do-wynajecia-centrum-garaz-taras-ID4A1RD,TAK,1500,2,5,"ul. Szybka, Wrocław",2024,miejskie,20000,brak,130,2026-02-14
2026-02-09 15:36,Wynajem 4-pokojowego mieszkania przy ulicy Zawalne,3000,https://www.otodom.pl/pl/oferta/wynajem-4-pokojowego-mieszkania-przy-ulicy-zawalne-ID4A1PW,NIE,0,1,4,"ul. Zawalna, Wrocław",1996,brak,0,brak,77.9,2026-02-14
2026-02-09 15:37,"Nowoczesne, wyjątkowe mieszkanie do wynajęcia na Kępie Mieszczańskiej.",3500,https://www.otodom.pl/pl/oferta/nowoczesne-wyjatkowe-mieszkanie-do-wynajecia-na-kepie-mieszczanskiej-ID4A1Mo,TAK,620,3,2,"ul. Romana Dmowskiego, Wrocław",2015,boiler_room,4500,brak,47,2026-02-14
2026-02-09 15:41,Klimatyzacja | Cicha Okolica | Pets Friendly,2600,https://www.otodom.pl/pl/oferta/klimatyzacja-cicha-okolica-pets-friendly-ID4A1JT,TAK,750,2,2,"Vespucciego, Wrocław",2020,brak,4000,brak,38,2026-02-14
2026-02-09 15:46,"Centrum, ul. Kotlarska 39m2",2200,https://www.otodom.pl/pl/oferta/centrum-ul-kotlarska-39m2-ID4A1Iv,NIE,1100,2,1,"ul. Kotlarska, Wrocław",brak,brak,brak,brak,39.78,2026-02-14
2026-02-09 15:48,Piękne M3 - blisko autobus i tramwaj - ul. Krzycka,3200,https://www.otodom.pl/pl/oferta/piekne-m3-blisko-autobus-i-tramwaj-ul-krzycka-ID4A1Hi,NIE,800,2,3,"ul. Krzycka, Wrocław",brak,gazowe,3200,brak,61,2026-02-14
2026-02-09 15:51,"Madalińskiego 71, 2 pokoje, mp naziemne, zmywarka, Pierwszy Najem",2900,https://www.otodom.pl/pl/oferta/madalinskiego-71-2-pokoje-mp-naziemne-zmywarka-pierwszy-najem-ID4A1GF,NIE,700,2,2,Wrocław,2025,miejskie,3850,brak,41,2026-02-14
2026-02-09 15:53,Przestronne 3-pok | Balkon | Rynek,3450,https://www.otodom.pl/pl/oferta/przestronne-3-pok-balkon-rynek-ID4A1Gk,TAK,0,5,3,"ul. Więzienna, Wrocław",brak,miejskie,brak,brak,55,2026-02-14
2026-02-09 16:03,3 pokojowe mieszkanie na osiedlu Olimpia Port,3500,https://www.otodom.pl/pl/oferta/3-pokojowe-mieszkanie-na-osiedlu-olimpia-port-ID4jHrA,TAK,900,0,3,Wrocław,2018,other,4000,brak,61,2026-02-14
2026-02-09 16:05,mieszkanie z tarasem - ogrodem,3100,https://www.otodom.pl/pl/oferta/mieszkanie-z-tarasem-ogrodem-ID4A1F5,TAK,800,0,2,"Drabika, Wrocław",2022,brak,4500,brak,40,2026-02-14
2026-02-09 16:07,PL/RU/UA Osobna kuchnia|Centrum |Komórka,3000,https://www.otodom.pl/pl/oferta/pl-ru-ua-osobna-kuchnia-centrum-komorka-ID4A1Em,NIE,750,4,2,"ul. Tęczowa, Wrocław",brak,miejskie,3800,brak,50,2026-02-14
2026-02-09 16:10,"Mieszkanie, 56,29 m², Wrocław",4300,https://www.otodom.pl/pl/oferta/mieszkanie-56-29-m-wroclaw-ID4A1DL,NIE,0,2,2,"ul. Księcia Witolda, Wrocław",2020,miejskie,brak,brak,56.29,2026-02-14
2026-02-09 16:16,Studio 19 m2 / Legnicka 60C,2200,https://www.otodom.pl/pl/oferta/studio-19-m2-legnicka-60c-ID4A1z9,NIE,737,1,1,"ul. Legnicka, Wrocław",2022,miejskie,brak,brak,19,2026-02-14
2026-02-09 16:28,Kawalerka Wrocław Kowale dostępna od zaraz,1900,https://www.otodom.pl/pl/oferta/kawalerka-wroclaw-kowale-dostepna-od-zaraz-ID4lGBX,TAK,400,1,1,Wrocław,2022,electrical,2900,brak,24,2026-02-14
2026-02-09 16:35,Przestronne mieszkanie na wynajem,2500,https://www.otodom.pl/pl/oferta/przestronne-mieszkanie-na-wynajem-ID4A1wL,TAK,760,1,2,Wrocław,2021,miejskie,3500,brak,43,2026-02-14
2026-02-09 16:40,Apartament 3 pok. | Duży ogród | Taras | Partynice,4900,https://www.otodom.pl/pl/oferta/apartament-3-pok-duzy-ogrod-taras-partynice-ID4A1st,TAK,0,0,3,"ul. Kawalerzystów, Wrocław",brak,miejskie,brak,brak,71,2026-02-14
2026-02-09 16:42,2 pokoje | Ac | Balkon | Garaż | Stare Miasto,3250,https://www.otodom.pl/pl/oferta/2-pokoje-ac-balkon-garaz-stare-miasto-ID4A1sn,TAK,0,9,2,"ul. Braniborska, Wrocław",2023,miejskie,brak,brak,42,2026-02-14
2026-02-09 16:48,2pok. mieszkanie | Taras | Lipa Piotrowska,2600,https://www.otodom.pl/pl/oferta/2pok-mieszkanie-taras-lipa-piotrowska-ID4A1sj,TAK,0,0,2,"Gorczycowa, Wrocław",brak,miejskie,brak,brak,36,2026-02-14
2026-02-09 16:51,Wyjątkowa Przestrzeń Biurowa | Sky Tower | 42 Pięt,14900,https://www.otodom.pl/pl/oferta/wyjatkowa-przestrzen-biurowa-sky-tower-42-piet-ID4A1se,NIE,0,10,2,"ul. Gwiaździsta, Wrocław",brak,miejskie,brak,brak,145,2026-02-14
2026-02-09 16:57,Dwustronne mieszkanie dla rodziny z balkonem,3100,https://www.otodom.pl/pl/oferta/dwustronne-mieszkanie-dla-rodziny-z-balkonem-ID4A1pu,TAK,800,1,3,"ul. Łączności, Wrocław",1976,miejskie,4000,brak,53,2026-02-14
2026-02-09 17:03,"2 pokoje, Nowy Grabiszyn, miejsce w garażu podziemnym",3200,https://www.otodom.pl/pl/oferta/2-pokoje-nowy-grabiszyn-miejsce-w-garazu-podziemnym-ID4A1mr,TAK,660,6,2,"ul. Miedziana, Wrocław",2023,miejskie,3200,brak,39,2026-02-14
2026-02-09 17:20,Piękne mieszkanie w centrum - 60m2,3200,https://www.otodom.pl/pl/oferta/piekne-mieszkanie-w-centrum-60m2-ID4ygzy,NIE,850,5,3,"ul. Zielonogórska, Wrocław",brak,miejskie,4000,brak,60,2026-02-14
2026-02-09 17:22,Ołtaszyn | 4 Pokoje | Balkon | Osobna Kuchnia,3500,https://www.otodom.pl/pl/oferta/oltaszyn-4-pokoje-balkon-osobna-kuchnia-ID4A1jS,NIE,0,2,4,"ul. gen. dyw. Tadeusza  Kutrzeby, Wrocław",2001,miejskie,4000,brak,81.4,2026-02-14
2026-02-09 17:25,Nowoczesna Kawalerka | Ołbin | Plac Grunwaldzki,1950,https://www.otodom.pl/pl/oferta/nowoczesna-kawalerka-olbin-plac-grunwaldzki-ID4A1hK,NIE,500,0,1,"ul. Stefana Żeromskiego, Wrocław",brak,electrical,2550,brak,20,2026-02-14
2026-02-09 18:35,Ładne mieszkanie z klimatyzacją i balkonem,2600,https://www.otodom.pl/pl/oferta/ladne-mieszkanie-z-klimatyzacja-i-balkonem-ID4tPrr,TAK,0,1,2,"ul. ks. Czesława Klimasa, Wrocław",brak,miejskie,brak,brak,45,2026-02-14
2026-02-11 09:22,"3 oddzielne pokoje + salon z kuchnią, z balkonem",4500,https://www.otodom.pl/pl/oferta/3-oddzielne-pokoje-salon-z-kuchnia-z-balkonem-ID4A3iG,TAK,1235,2,4,Wrocław,1990,brak,0,brak,84.37,2026-02-14
2026-02-11 11:17,Przestronne mieszkanie 84m2 - Klecina,3500,https://www.otodom.pl/pl/oferta/przestronne-mieszkanie-84m2-klecina-ID4A2vi,NIE,0,0,2,"ul. Wałbrzyska, Wrocław",brak,gazowe,0,brak,83.68,2026-02-14
2026-02-11 11:23,Nowoczesne 2-pokojowe mieszkanie | Wichrowa | garaż x2 | klimatyzacja,3700,https://www.otodom.pl/pl/oferta/nowoczesne-2-pokojowe-mieszkanie-wichrowa-garaz-x2-klimatyzacja-ID4w0QT,NIE,950,1,2,Wrocław,2025,miejskie,3700,brak,52,2026-02-14
2026-02-11 11:26,"Jasne i wysokie, dwupokojowe mieszkanie z windą",2400,https://www.otodom.pl/pl/oferta/jasne-i-wysokie-dwupokojowe-mieszkanie-z-winda-ID4A2sD,TAK,730,3,2,"ul. Jurija Gagarina, Wrocław",2017,miejskie,3300,brak,41,2026-02-14
2026-02-11 11:29,2 pokoje|Mieszczańska|miejsce postojowe,3200,https://www.otodom.pl/pl/oferta/2-pokoje-mieszczanska-miejsce-postojowe-ID4A2rv,TAK,820,2,2,"ul. Mieszczańska, Wrocław",2024,miejskie,5000,brak,36,2026-02-14
2026-02-11 11:33,2-pokojowe mieszkanie w Śródmieściu Wrocławia do WYNAJĘCIA,2200,https://www.otodom.pl/pl/oferta/2-pokojowe-mieszkanie-w-srodmiesciu-wroclawia-do-wynajecia-ID4A2pQ,NIE,600,2,2,"ul. Bolesława Krzywoustego, Wrocław",2004,miejskie,2800,brak,38,2026-02-14
2026-02-11 11:38,Kawalerka | Tęczowa | Osobna kuchnia | bezpośrednio,2350,https://www.otodom.pl/pl/oferta/kawalerka-teczowa-osobna-kuchnia-bezposrednio-ID4A1rj,NIE,700,0,1,"ul. Tęczowa, Wrocław",brak,miejskie,3050,brak,30,2026-02-14
2026-02-11 11:44,3 pokojowe / Wojaczka / Bezpośrednio,2600,https://www.otodom.pl/pl/oferta/3-pokojowe-wojaczka-bezposrednio-ID4A1AW,TAK,1000,6,3,"ul. Rafała Wojaczka, Wrocław",brak,miejskie,3600,brak,49,2026-02-14
2026-02-11 11:48,"Apartament w Justin Center – 2 pokoje, centrum Wrocławia",2500,https://www.otodom.pl/pl/oferta/apartament-w-justin-center-2-pokoje-centrum-wroclawia-ID4A2kD,TAK,900,3,2,"ul. Krawiecka, Wrocław",brak,miejskie,brak,brak,50,2026-02-14
2026-02-11 11:51,Komfortowe 3-pokojowe mieszkanie -53 m² blisko Sky Tower,3100,https://www.otodom.pl/pl/oferta/komfortowe-3-pokojowe-mieszkanie-53-m-blisko-sky-tower-ID4A2jE,TAK,900,1,3,"ul. Łączności, Wrocław",brak,miejskie,4000,brak,53,2026-02-14
2026-02-11 11:55,"Dwupokojowe mieszkanie z balkonem na Krzykach,45m2 blisko PKP i rynku",2199,https://www.otodom.pl/pl/oferta/dwupokojowe-mieszkanie-z-balkonem-na-krzykach-45m2-blisko-pkp-i-rynku-ID4zuRC,NIE,0,3,2,"ul. Tadeusza Kościuszki, Wrocław",brak,miejskie,2500,brak,45,2026-02-14
2026-02-11 11:56,Komfortowe mieszkanie trzypokojowe blisko centrum | Pierwszy najem,3950,https://www.otodom.pl/pl/oferta/komfortowe-mieszkanie-trzypokojowe-blisko-centrum-pierwszy-najem-ID4zVVG,TAK,500,3,3,"ul. Paczkowska, Wrocław",brak,gazowe,5500,brak,80,2026-02-14
2026-02-11 11:58,"Nowoczesne mieszkanie 2-pok., 41 m2, 5 min od Rynku, GARAŻ W CENIE",3200,https://www.otodom.pl/pl/oferta/nowoczesne-mieszkanie-2-pok-41-m2-5-min-od-rynku-garaz-w-cenie-ID4A2gw,TAK,0,brak,2,"ul. Tęczowa, Wrocław",2021,brak,4000,brak,41,2026-02-14
2026-02-11 12:08,2 pokojowe mieszkanie w świetnej lokalizacji - bez prowizji!,3700,https://www.otodom.pl/pl/oferta/2-pokojowe-mieszkanie-w-swietnej-lokalizacji-bez-prowizji-ID4A2fq,NIE,850,2,2,"ul. Inżynierska, Wrocław",2019,miejskie,3700,brak,46,2026-02-14
2026-02-11 12:12,Kawalerka z balkonem,1750,https://www.otodom.pl/pl/oferta/kawalerka-z-balkonem-ID4A2bT,TAK,697,1,1,Wrocław,2022,miejskie,2450,brak,20,2026-02-14
2026-02-11 12:15,"Nowe, 3 pokoje, klimatyzacja, rolety antywłamaniowe Zakrzów",2950,https://www.otodom.pl/pl/oferta/nowe-3-pokoje-klimatyzacja-rolety-antywlamaniowe-zakrzow-ID4A27G,TAK,850,0,3,"ul. Odolanowska, Wrocław",2024,miejskie,4000,brak,52,2026-02-14
2026-02-11 12:18,"Mieszkanie [24m²], partynice obok Parku Klecińskiego.",2250,https://www.otodom.pl/pl/oferta/mieszkanie-24m-partynice-obok-parku-klecinskiego-ID4A1Ze,TAK,700,5,1,"ul. Partynicka, Wrocław",2023,brak,brak,brak,24,2026-02-14
2026-02-11 12:21,"Wynajmie mieszkanie Premium z antresolą, miejsce parkingowe",5500,https://www.otodom.pl/pl/oferta/wynajmie-mieszkanie-premium-z-antresola-miejsce-parkingowe-ID4w96K,NIE,1350,2,4,"ul. gen. Stanisława Maczka, Wrocław",2006,miejskie,5000,brak,100,2026-02-14
2026-02-11 12:22,"Kawalerka Blisko AOW, Komunikacja Miejska, Parking",2250,https://www.otodom.pl/pl/oferta/kawalerka-blisko-aow-komunikacja-miejska-parking-ID4A22U,TAK,400,4,1,"ul. Ramiszowska, Wrocław",2021,miejskie,brak,brak,30,2026-02-14
2026-02-11 12:25,Mieszkanie 2 pokojowe 50m2 2km od centrum + garaż,2700,https://www.otodom.pl/pl/oferta/mieszkanie-2-pokojowe-50m2-2km-od-centrum-garaz-ID4qplr,NIE,980,1,2,"ul. Śliczna, Wrocław",2012,miejskie,2700,brak,50,2026-02-14
2026-02-11 12:30,"3pok. rozkład, Bałtycka / Obornicka, 10min. do Rynku! studenci też!",3000,https://www.otodom.pl/pl/oferta/3pok-rozklad-baltycka-obornicka-10min-do-rynku-studenci-tez-ID4A1ZJ,NIE,750,3,3,"ul. Bałtycka, Wrocław",1970,miejskie,3900,brak,58,2026-02-14
2026-02-11 12:34,"Mieszkanie, 37 m², Wrocław",2600,https://www.otodom.pl/pl/oferta/mieszkanie-37-m-wroclaw-ID4A1Yo,TAK,400,3,1,Wrocław,brak,miejskie,5000,brak,37,2026-02-14
2026-02-11 12:37,Planty Racławickie- Wysoki standard- Siłownia,5000,https://www.otodom.pl/pl/oferta/planty-raclawickie-wysoki-standard-silownia-ID4A1WX,TAK,1000,4,3,"ul. Racławicka, Wrocław",2020,brak,6500,brak,70,2026-02-14
2026-02-11 12:45,Taras Garaż Centrum Apartamentowiec duże aż 80m2 3-pok,3800,https://www.otodom.pl/pl/oferta/taras-garaz-centrum-apartamentowiec-duze-az-80m2-3-pok-ID4A1Wd,NIE,1200,5,3,"ul. Komuny Paryskiej, Wrocław",brak,brak,brak,brak,82,2026-02-14
2026-02-11 12:47,Wyjątkowe Mieszkanie ul. Jutrzenki Klima*Garaż od zaraz 2 x parking,6500,https://www.otodom.pl/pl/oferta/wyjatkowe-mieszkanie-ul-jutrzenki-klimagaraz-od-zaraz-2-x-parking-ID4A1TT,TAK,0,0,4,"ul. Jutrzenki, Wrocław",brak,miejskie,brak,brak,90,2026-02-14
2026-02-11 12:51,Mieszkanie dwupoziomowe || 3-pok. || Klecina,3150,https://www.otodom.pl/pl/oferta/mieszkanie-dwupoziomowe-3-pok-klecina-ID4A1Sx,TAK,0,3,3,"ul. Szparagowa, Wrocław",brak,gazowe,brak,brak,68,2026-02-14
2026-02-11 13:22,"Mieszkanie 40m2, 2 pokoje, klimatyzacja, garaż podziemny",2800,https://www.otodom.pl/pl/oferta/mieszkanie-40m2-2-pokoje-klimatyzacja-garaz-podziemny-ID4A1EB,TAK,750,3,2,Wrocław,2024,miejskie,2000,brak,40,2026-02-14
