data_pobrania,tytul,cena,link,metraz,czynsz,pietro,pokoje,lokalizacja,rok_budowy,ogrzewanie,kaucja,stan,powierzchnia,data_aktualizacji
2026-02-07 21:13,Komfortowa kawalerka po remoncie blisko centrum,2150,https://www.otodom.pl/hpr/pl/oferta/komfortowa-kawalerka-po-remoncie-blisko-centrum-ID4A0DN,,250,0,1,"ul. Kaszubska, Wrocław",brak,miejskie,2800,do zamieszkania,25,2026-02-10
2026-02-07 21:19,Do wynajęcia dwupokojowe mieszkanie przy ul. Partynickiej,2500,https://www.otodom.pl/hpr/pl/oferta/do-wynajecia-dwupokojowe-mieszkanie-przy-ul-partynickiej-ID4A0sh,,580,1,2,"ul. Partynicka, Wrocław",brak,brak,3500,brak,40,2026-02-10
2026-02-07 21:26,2 pok. Olimpia Port,3000,https://www.otodom.pl/hpr/pl/oferta/2-pok-olimpia-port-ID4uJMB,,800,1,2,"ul. Krzysztofa Kolumba, Wrocław",brak,kotłownia,3500,do zamieszkania,43,2026-02-10
2026-02-07 21:33,Mieszkanie na wynajem | 3 -pokoje | ul. Hubska,3150,https://www.otodom.pl/hpr/pl/oferta/mieszkanie-na-wynajem-3-pokoje-ul-hubska-ID4A0bQ,,1000,3,3,"ul. Hubska, Wrocław",brak,miejskie,brak,do zamieszkania,56,2026-02-10
2026-02-07 21:40,Bilard & taras✩Centrum✩Drugi najem✩ENG,3099,https://www.otodom.pl/hpr/pl/oferta/bilard-tarascentrumdrugi-najemeng-ID4zZXo,,599,2,2,"ul. Henryka Sienkiewicza, Wrocław",2024,miejskie,0,do zamieszkania,36.5,2026-02-10
2026-02-07 21:46,"Mieszkanie na wynajem, Wrocław, 2 pokoje",2600,https://www.otodom.pl/hpr/pl/oferta/mieszkanie-na-wynajem-wroclaw-2-pokoje-ID4zZKw,,700,1,2,"ul. Buska, Wrocław",brak,brak,3500,brak,55,2026-02-10
2026-02-07 21:53,Prestiżowy apartament w centrum Wrocławia,4000,https://www.otodom.pl/hpr/pl/oferta/prestizowy-apartament-w-centrum-wroclawia-ID4zZrl,,1500,2,2,"ul. Bernardyńska, Wrocław",2025,miejskie,5000,do zamieszkania,49,2026-02-10
2026-02-07 21:57,"Wysoki standard 2 pokoje 46 m² | Home office, garderoba| Balkon| Długa",3200,https://www.otodom.pl/pl/oferta/wysoki-standard-2-pokoje-46-m-home-office-garderoba-balkon-dluga-ID4qRjj,,500,0,2,"ul. Długa, Wrocław",2024,miejskie,4000,do zamieszkania,46,2026-02-10
2026-02-07 22:00,Wynajmę 2-pok. mieszkanie na Widawie | Drugi najem | Bez pośredników!,2900,https://www.otodom.pl/hpr/pl/oferta/wynajme-2-pok-mieszkanie-na-widawie-drugi-najem-bez-posrednikow-ID4zZnM,,500,2,2,"ul. Sułowska, Wrocław",2000,gazowe,3400,do zamieszkania,40,2026-02-10
2026-02-07 22:06,2 pok | 54 m² | 1 piętro | budynek 2019 | parking | ul. Rychtalska,3300,https://www.otodom.pl/hpr/pl/oferta/2-pok-54-m-1-pietro-budynek-2019-parking-ul-rychtalska-ID4zZ7v,,700,1,2,"ul. Rychtalska, Wrocław",2019,miejskie,4500,do zamieszkania,54,2026-02-10
2026-02-07 22:12,Pachnące nowością | klimatyzacja | garaż | balkon,3200,https://www.otodom.pl/hpr/pl/oferta/pachnace-nowoscia-klimatyzacja-garaz-balkon-ID4zYSD,,800,4,2,"ul. Wichrowa, Wrocław",2024,miejskie,4200,do zamieszkania,37.18,2026-02-10
2026-02-07 22:18,"Stylowy apartament, Bulwar Staromiejski, FA Vat",2706,https://www.otodom.pl/hpr/pl/oferta/stylowy-apartament-bulwar-staromiejski-fa-vat-ID4zYza,,650,0,1,"pl. Jana Pawła II, Wrocław",brak,gazowe,5000,do zamieszkania,3615,2026-02-10
2026-02-07 22:25,"2 pokojowe mieszkanie na wynajem, Ołtaszyn, 60 m2, 2 balkony, od zaraz",2400,https://www.otodom.pl/pl/oferta/2-pokojowe-mieszkanie-na-wynajem-oltaszyn-60-m2-2-balkony-od-zaraz-ID4zY4l,,700,2,2,"ul. Marcelego Nenckiego, Wrocław",brak,kotłownia,3250,do zamieszkania,60,2026-02-10
2026-02-07 22:25,ul. Księcia Witolda | 2 pokoje | garaż podziemny,2900,https://www.otodom.pl/hpr/pl/oferta/ul-ksiecia-witolda-2-pokoje-garaz-podziemny-ID4zdl3,,820,6,2,"ul. Księcia Witolda, Wrocław",2020,miejskie,brak,do zamieszkania,40.57,2026-02-10
2026-02-07 22:26,2 osobne sypialnie-55m2-balkon-parking-Przystanek-Czartoryskiego-Psie,2700,https://www.otodom.pl/pl/oferta/2-osobne-sypialnie-55m2-balkon-parking-przystanek-czartoryskiego-psie-ID4zY3O,,980,2,2,"ul. Adama Jerzego Czartoryskiego, Wrocław",2018,miejskie,3000,do zamieszkania,55,2026-02-10
2026-02-07 22:26,Wrocław Strzegomska Kawalerka Balkon Garaż Kwota Brutto Odlicz Vat !!,2500,https://www.otodom.pl/pl/oferta/wroclaw-strzegomska-kawalerka-balkon-garaz-kwota-brutto-odlicz-vat-ID4zLkr,,500,4,1,"ul. Otyńska, Wrocław",2023,miejskie,3500,do zamieszkania,28.54,2026-02-10
2026-02-07 22:26,MIESZKANIE 2 POKOJE + KUCHNIA + BALKON,2400,https://www.otodom.pl/pl/oferta/mieszkanie-2-pokoje-kuchnia-balkon-ID4zY1k,,400,2,2,"ul. Piękna, Wrocław",2011,miejskie,2000,do zamieszkania,52,2026-02-10
2026-02-07 22:26,Kawalerka do wynajęcia 29 m² Gaj Żegiestowska,2400,https://www.otodom.pl/pl/oferta/kawalerka-do-wynajecia-29-m-gaj-zegiestowska-ID4zY04,,600,2,1,"ul. Żegiestowska, Wrocław",2023,brak,2600,do zamieszkania,29,2026-02-10
2026-02-07 22:26,Cisza i Spokój | 2 pokoje 55m2 | Taras 20 m2,3150,https://www.otodom.pl/pl/oferta/cisza-i-spokoj-2-pokoje-55m2-taras-20-m2-ID4zXYO,,650,1,2,"ul. Arbuzowa, Wrocław",2020,brak,4000,do zamieszkania,55,2026-02-10
2026-02-07 22:26,Apartament przy Księcia Witolda z widokiem na rzekę,3950,https://www.otodom.pl/pl/oferta/apartament-przy-ksiecia-witolda-z-widokiem-na-rzeke-ID4znmV,,776,2,2,Wrocław,brak,brak,4500,do zamieszkania,49,2026-02-10
2026-02-07 22:27,Nowoczesne 2 pokoje w zacisznej okolicy – blisko komunikacji i sklepów,2900,https://www.otodom.pl/pl/oferta/nowoczesne-2-pokoje-w-zacisznej-okolicy-blisko-komunikacji-i-sklepow-ID4zXTm,,0,2,2,"ul. Seweryna Udzieli, Wrocław",2001,miejskie,3000,do zamieszkania,51,2026-02-10
2026-02-07 22:27,"Dwupokojowe, nowe budownictwo 38mkw, balkon! 2800 całość",2100,https://www.otodom.pl/pl/oferta/dwupokojowe-nowe-budownictwo-38mkw-balkon-2800-calosc-ID4zXTr,,550,5,5,"ul. Gorlicka, Wrocław",2005,miejskie,2300,do zamieszkania,38,2026-02-10
2026-02-07 22:27,Garaż-Nowe Centrum Południowe-Wysoki Standard-,6200,https://www.otodom.pl/pl/oferta/garaz-nowe-centrum-poludniowe-wysoki-standard-ID4zXWL,,1000,5,4,"ul. Gwiaździsta, Wrocław",2019,miejskie,7000,do zamieszkania,78,2026-02-10
2026-02-07 22:27,0 % prowizji | 3 pokoje | pierwszy wynajem | balkon | klimatyzacja,3900,https://www.otodom.pl/pl/oferta/0-prowizji-3-pokoje-pierwszy-wynajem-balkon-klimatyzacja-ID4zXWp,,800,5,3,"ul. Braniborska, Wrocław",2026,miejskie,5000,do zamieszkania,55,2026-02-10
2026-02-07 22:27,"Od zaraz, 2 pokoje, winda",2399,https://www.otodom.pl/pl/oferta/od-zaraz-2-pokoje-winda-ID4zXWP,,500,10,2,"ul. Zemska, Wrocław",1980,miejskie,3100,do zamieszkania,33,2026-02-10
2026-02-07 22:27,Stylowy apartament ★ Zieleń wokół ★ 2mp,3800,https://www.otodom.pl/pl/oferta/stylowy-apartament-zielen-wokol-2mp-ID4zXW7,,1220,1,4,"ul. Adama Jerzego Czartoryskiego, Wrocław",brak,kotłownia,0,brak,68,2026-02-10
2026-02-07 22:28,"Klimatyczne 2-pokojowe mieszkanie po remoncie – Nadodrze, ul. Jagie...",3500,https://www.otodom.pl/pl/oferta/klimatyczne-2-pokojowe-mieszkanie-po-remoncie-nadodrze-ul-jagie-ID4zXLC,,0,2,2,"ul. Kazimierza Jagiellończyka, Wrocław",brak,gazowe,4000,do zamieszkania,56,2026-02-10
2026-02-07 22:28,"Zieleń,taras,miejsce parkingowe,klimatyzacja",6200,https://www.otodom.pl/pl/oferta/zielen-taras-miejsce-parkingowe-klimatyzacja-ID4zoex,,800,2,4,"al. Śliwowa, Wrocław",2018,gazowe,12400,do zamieszkania,84.2,2026-02-10
2026-02-07 22:28,"Słoneczne, rozkładowe 3 pokoje z miejscem do parkowania, ok. Pl.Bema",2900,https://www.otodom.pl/pl/oferta/sloneczne-rozkladowe-3-pokoje-z-miejscem-do-parkowania-ok-pl-bema-ID4zXRF,,1050,3,3,"ul. Nowowiejska, Wrocław",brak,miejskie,4000,do zamieszkania,51,2026-02-10
2026-02-07 22:28,2 pokoje Balkon Garaż Klimatyzacja Krzyki,2850,https://www.otodom.pl/pl/oferta/2-pokoje-balkon-garaz-klimatyzacja-krzyki-ID4zXQG,,700,3,2,Wrocław,2021,brak,0,do zamieszkania,54,2026-02-10
2026-02-07 22:29,Jasne 2 pokoje z tarasem | Apartamenty Dąbie,5800,https://www.otodom.pl/pl/oferta/jasne-2-pokoje-z-tarasem-apartamenty-dabie-ID4ofzq,,1400,1,2,"ul. Rzeźbiarska, Wrocław",2012,miejskie,7500,do zamieszkania,75,2026-02-10
2026-02-07 22:29,Nowoczesna kawalerka Ślężna 128 bez prowizji,2450,https://www.otodom.pl/pl/oferta/nowoczesna-kawalerka-slezna-128-bez-prowizji-ID4zDEP,,400,5,1,"ul. Ślężna, Wrocław",2024,brak,3000,brak,24,2026-02-10
2026-02-07 22:29,Angel City- siłownia- miejsce postojowe- ochrona,3400,https://www.otodom.pl/pl/oferta/angel-city-silownia-miejsce-postojowe-ochrona-ID4zF4O,,800,4,2,"ul. Walońska, Wrocław",brak,miejskie,brak,do zamieszkania,45.7,2026-02-10
2026-02-07 22:29,Pierwszy najem - centrum - Kurkowa - dwupoziomowe - wysokie 5m,4000,https://www.otodom.pl/pl/oferta/pierwszy-najem-centrum-kurkowa-dwupoziomowe-wysokie-5m-ID4zXIK,,560,0,2,"ul. Kurkowa, Wrocław",2024,miejskie,5000,do zamieszkania,62.33,2026-02-10
2026-02-07 22:30,"Biskupin, wysoki standard, dwupokojowe, dwa balkony",2650,https://www.otodom.pl/pl/oferta/biskupin-wysoki-standard-dwupokojowe-dwa-balkony-ID4zXIz,,800,3,2,"ul. Marcellego Bacciarellego, Wrocław",2002,miejskie,3000,do zamieszkania,50,2026-02-10
2026-02-07 22:30,nowe - Białowieska 45B/34 - bez prowizji,3499,https://www.otodom.pl/pl/oferta/nowe-bialowieska-45b-34-bez-prowizji-ID4zXHg,,467,5,3,"ul. Popowicka, Wrocław",2025,miejskie,brak,do zamieszkania,49.07,2026-02-10
2026-02-07 22:30,REZERWACJA_Bezpośrednio_od marca_duża kawalerka z balkonem_komórka,2100,https://www.otodom.pl/pl/oferta/rezerwacja-bezposrednio-od-marca-duza-kawalerka-z-balkonem-komorka-ID4v0ez,,330,1,2,"ul. Odrodzenia, Brzeg Dolny",2022,gazowe,3000,do zamieszkania,42,2026-02-10
2026-02-07 22:31,Wyremontowane  2-pokojowe mieszkanie we Wrocławiu,2600,https://www.otodom.pl/pl/oferta/wyremontowane-2-pokojowe-mieszkanie-we-wroclawiu-ID4zXE0,,700,5,2,"ul. Stalowa, Wrocław",1967,miejskie,5000,do zamieszkania,40,2026-02-10
2026-02-07 22:31,Mieszkanie 3pok 54m2 +oddzielna kuchnia,3500,https://www.otodom.pl/pl/oferta/mieszkanie-3pok-54m2-oddzielna-kuchnia-ID4sHOZ,,950,8,3,"ul. Na Ostatnim Groszu, Wrocław",brak,miejskie,5000,do zamieszkania,54,2026-02-10
2026-02-07 22:31,klima - balkon - bulw. Dedala,3700,https://www.otodom.pl/hpr/pl/oferta/klima-balkon-bulw-dedala-ID4sgBE,,1000,2,3,Wrocław,2014,miejskie,4700,do zamieszkania,70,2026-02-10
2026-02-07 22:31,Stylowe 2-pokojowe mieszkanie w Wrocławiu,4200,https://www.otodom.pl/pl/oferta/stylowe-2-pokojowe-mieszkanie-w-wroclawiu-ID4xCbi,,590,2,2,"pl. Solny, Wrocław",brak,miejskie,4300,do zamieszkania,48,2026-02-10
2026-02-07 22:32,Wietrzna/2pok/wyposażenie/balkon/od zaraz,2500,https://www.otodom.pl/pl/oferta/wietrzna-2pok-wyposazenie-balkon-od-zaraz-ID4zRqC,,700,2,2,Wrocław,2000,miejskie,brak,do zamieszkania,40,2026-02-10
2026-02-07 22:32,Ogródek| parking| klimatyzacja,3000,https://www.otodom.pl/pl/oferta/ogrodek-parking-klimatyzacja-ID4zRvQ,,700,0,2,"ul. Rybnicka, Wrocław",brak,brak,0,do zamieszkania,47,2026-02-10
2026-02-07 22:32,"Mieszkanie, 48 m², Wrocław",2700,https://www.otodom.pl/pl/oferta/mieszkanie-48-m-wroclaw-ID4zXCt,,0,8,3,Wrocław,brak,brak,brak,do zamieszkania,48,2026-02-10
2026-02-07 22:32,BOREK 42m2 BEZPOŚREDNIO wysoki standard,3200,https://www.otodom.pl/pl/oferta/borek-42m2-bezposrednio-wysoki-standard-ID4k20N,,500,2,2,"ul. Jastrzębia, Wrocław",1910,miejskie,6000,do zamieszkania,42,2026-02-10
2026-02-07 22:32,"Mieszkanie, 60 m², Wrocław",6500,https://www.otodom.pl/pl/oferta/mieszkanie-60-m-wroclaw-ID4zwis,,1000,2,3,"ul. Księcia Witolda, Wrocław",2019,miejskie,7500,do zamieszkania,60,2026-02-10
2026-02-07 22:33,Cztery komfortowe pokoje na Partynicach! Parking!,3500,https://www.otodom.pl/pl/oferta/cztery-komfortowe-pokoje-na-partynicach-parking-ID4wdvF,,0,3,4,Wrocław,2005,brak,0,do zamieszkania,70,2026-02-10
2026-02-07 22:33,Dwa Pokoje mieszkanie/Legnicka/Braniborska/centrum,3150,https://www.otodom.pl/pl/oferta/dwa-pokoje-mieszkanie-legnicka-braniborska-centrum-ID4o0cU,,550,8,2,"ul. Braniborska, Wrocław",2022,miejskie,4000,do zamieszkania,40,2026-02-10
2026-02-07 22:33,Cztery pokoje w Ogrodach Hallera,11000,https://www.otodom.pl/pl/oferta/cztery-pokoje-w-ogrodach-hallera-ID4zXyl,,2000,0,4,"al. gen. Józefa Hallera, Wrocław",2012,brak,brak,brak,118,2026-02-10
2026-02-07 22:33,Stylowe 2-pokojowe mieszkanie + garaż + box | Jesionowa / Tarnogaj,3250,https://www.otodom.pl/pl/oferta/stylowe-2-pokojowe-mieszkanie-garaz-box-jesionowa-tarnogaj-ID4zXyf,,800,6,2,"ul. Jesionowa, Wrocław",2017,miejskie,3250,do zamieszkania,47,2026-02-10
2026-02-07 22:34,okolice ul. Murowanej NOWE2022/BALKON/OD ZARAZ!,2550,https://www.otodom.pl/pl/oferta/okolice-ul-murowanej-nowe2022-balkon-od-zaraz-ID4zXwz,,0,2,2,Wrocław,2022,miejskie,2550,do zamieszkania,38.5,2026-02-10
2026-02-07 22:34,Do wynajecia mieszkanie 2 pokojowe na Plantach RacławickichWrocław,3600,https://www.otodom.pl/pl/oferta/do-wynajecia-mieszkanie-2-pokojowe-na-plantach-raclawickichwroclaw-ID4zajr,,750,4,2,"ul. Racławicka, Wrocław",2025,miejskie,6000,do zamieszkania,49,2026-02-10
2026-02-07 22:34,Pierwszy najem | Super lokalizacja | Kępa M.,2600,https://www.otodom.pl/pl/oferta/pierwszy-najem-super-lokalizacja-kepa-m-ID4zXxa,,700,1,2,"wyspa Kępa Mieszczańska, Wrocław",2019,miejskie,4000,do zamieszkania,34.49,2026-02-10
2026-02-07 22:34,Kawalerka Nadodrze tez na krotko Single room flat short term also,2000,https://www.otodom.pl/pl/oferta/kawalerka-nadodrze-tez-na-krotko-single-room-flat-short-term-also-ID4zXv5,,750,1,1,"ul. Kazimierza Jagiellończyka, Wrocław",1930,miejskie,2000,do zamieszkania,39,2026-02-10
2026-02-07 22:34,kawalerka ul. Żegiestowska,2400,https://www.otodom.pl/pl/oferta/kawalerka-ul-zegiestowska-ID4zXxn,,600,2,1,"ul. Żegiestowska, Wrocław",2023,miejskie,2400,do zamieszkania,29,2026-02-10
2026-02-07 22:35,"gotowe,duży ogród,szafy,wanna,garaż podziemny,",2700,https://www.otodom.pl/pl/oferta/gotowe-duzy-ogrod-szafy-wanna-garaz-podziemny-ID4zXtx,,730,0,2,"Stanisława Drabika, Wrocław",2024,brak,0,brak,42.58,2026-02-10
2026-02-07 22:35,Dwupokojowe mieszkanie w centrum Wrocławia - pierwszy najem,3000,https://www.otodom.pl/pl/oferta/dwupokojowe-mieszkanie-w-centrum-wroclawia-pierwszy-najem-ID4zOUh,,500,2,2,"pl. Westerplatte, Wrocław",brak,gazowe,3500,do zamieszkania,45,2026-02-10
2026-02-07 22:35,"Przestronne, dwupoziomowe mieszkanie | Gaj",4000,https://www.otodom.pl/pl/oferta/przestronne-dwupoziomowe-mieszkanie-gaj-ID4zXs5,,900,3,4,"ul. Kłodzka, Wrocław",brak,kotłownia,6000,do zamieszkania,80,2026-02-10
2026-02-07 22:35,Wynajmę mieszkanie 2 pokojowe o wysokim standardzie,3100,https://www.otodom.pl/pl/oferta/wynajme-mieszkanie-2-pokojowe-o-wysokim-standardzie-ID4zXrQ,,600,0,2,Wrocław,2022,brak,4500,do zamieszkania,40,2026-02-10
2026-02-07 22:35,Mieszkanie 2 pokoje z dużym tarasem 15min do Rynku,2300,https://www.otodom.pl/pl/oferta/mieszkanie-2-pokoje-z-duzym-tarasem-15min-do-rynku-ID4zXrf,,650,4,2,Wrocław,2017,miejskie,brak,do zamieszkania,34.08,2026-02-10
2026-02-07 22:36,"Mieszkanie z tarasem, sauną i jacuzzi Sky Tower",11000,https://www.otodom.pl/pl/oferta/mieszkanie-z-tarasem-sauna-i-jacuzzi-sky-tower-ID4zXqC,,3000,10,3,"ul. Szczęśliwa, Wrocław",brak,inne,brak,do zamieszkania,120,2026-02-10
2026-02-07 22:36,Mieszkanie 2 pok z balkonem / Gaj / od zaraz,3000,https://www.otodom.pl/pl/oferta/mieszkanie-2-pok-z-balkonem-gaj-od-zaraz-ID4zLsZ,,700,4,2,"ul. Strońska, Wrocław",2004,miejskie,4000,do zamieszkania,40,2026-02-10
2026-02-07 22:36,PL | UA | RU | 2 pokoje | Balkon | Oddzielna kuchnia | od zaraz,3100,https://www.otodom.pl/pl/oferta/pl-ua-ru-2-pokoje-balkon-oddzielna-kuchnia-od-zaraz-ID4zXqb,,640,4,2,"ul. Piękna, Wrocław",brak,miejskie,3100,do zamieszkania,53,2026-02-10
2026-02-07 22:36,"Wrocław, Kawalerka, Legnicka",2200,https://www.otodom.pl/pl/oferta/wroclaw-kawalerka-legnicka-ID4zXq2,,0,7,1,"ul. Legnicka, Wrocław",2007,brak,2200,do zamieszkania,34,2026-02-10
2026-02-07 22:36,Komfortowa kawalerka w Centrum! Możliwość odliczenia 23% VAT,2337,https://www.otodom.pl/pl/oferta/komfortowa-kawalerka-w-centrum-mozliwosc-odliczenia-23-vat-ID4zIMO,,500,5,1,"ul. Stefana Żeromskiego, Wrocław",2024,miejskie,3000,do zamieszkania,27,2026-02-10
2026-02-07 22:36,"Wrocław, ul. Skarbowców/Krzycka,2 pok. 45 m2, miejsce parkingowe",2700,https://www.otodom.pl/pl/oferta/wroclaw-ul-skarbowcow-krzycka-2-pok-45-m2-miejsce-parkingowe-ID4mdVz,,850,3,2,"ul. Skarbowców, Wrocław",2011,kotłownia,3500,do zamieszkania,45.4,2026-02-10
2026-02-07 22:37,Nowoczesne 3 pokojowe mieszkanie | 2 balkony,2800,https://www.otodom.pl/pl/oferta/nowoczesne-3-pokojowe-mieszkanie-2-balkony-ID4sU51,,450,2,3,Wrocław,brak,brak,3000,do zamieszkania,53,2026-02-10
2026-02-07 22:37,3 pokoje|rozkład|klimatyzacja|duży balkon,2800,https://www.otodom.pl/pl/oferta/3-pokoje-rozklad-klimatyzacja-duzy-balkon-ID4zXoR,,1100,2,3,"ul. Krynicka, Wrocław",brak,miejskie,brak,do zamieszkania,60,2026-02-10
2026-02-07 22:37,PL/RU Apartament 2 p. | Balkon | Klima | Garderoba | Centrum | Garaż,2750,https://www.otodom.pl/pl/oferta/pl-ru-apartament-2-p-balkon-klima-garderoba-centrum-garaz-ID4zXpf,,700,10,2,"ul. Legnicka, Wrocław",brak,miejskie,3300,do zamieszkania,40,2026-02-10
2026-02-07 22:37,Dla rodziny|miejsce postojowe|spokojna okolica,3100,https://www.otodom.pl/pl/oferta/dla-rodziny-miejsce-postojowe-spokojna-okolica-ID4zXoS,,720,1,3,"ul. Wietrzna, Wrocław",brak,inne,brak,do zamieszkania,70,2026-02-10
2026-02-07 22:38,Przytulne 2 pokojowe mieszkanie ul. Vivaldiego,2200,https://www.otodom.pl/pl/oferta/przytulne-2-pokojowe-mieszkanie-ul-vivaldiego-ID4tOWJ,,1000,0,2,Wrocław,brak,kotłownia,3500,do zamieszkania,51,2026-02-10
2026-02-07 22:38,"Mieszkanie w centrum, Idealna dla pary lub singla",2200,https://www.otodom.pl/pl/oferta/mieszkanie-w-centrum-idealna-dla-pary-lub-singla-ID4zXol,,499,4,1,"ul. Tadeusza Kościuszki, Wrocław",brak,miejskie,brak,brak,33,2026-02-10
2026-02-07 22:38,Stylowe 2-pokojowe mieszkanie w Wrocławiu,4200,https://www.otodom.pl/hpr/pl/oferta/stylowe-2-pokojowe-mieszkanie-w-wroclawiu-ID4xCbi,,590,2,2,"pl. Solny, Wrocław",brak,miejskie,4300,do zamieszkania,48,2026-02-10
2026-02-07 22:38,Przestronne 2 pokojowe mieszkanie z balkonem | Garaż,3000,https://www.otodom.pl/pl/oferta/przestronne-2-pokojowe-mieszkanie-z-balkonem-garaz-ID4zHAW,,600,2,2,"ul. Stodolna, Wrocław",brak,miejskie,3900,do zamieszkania,52.3,2026-02-10
2026-02-07 22:38,Przestronne 3 pokojowe mieszkanie z balkonem,2800,https://www.otodom.pl/pl/oferta/przestronne-3-pokojowe-mieszkanie-z-balkonem-ID4zKAo,,1200,4,3,"ul. Żmigrodzka, Wrocław",brak,miejskie,2800,do zamieszkania,60,2026-02-10
2026-02-07 22:39,2-pok mieszkanie 50m2 z ogródkami ul. Drabika,2900,https://www.otodom.pl/pl/oferta/2-pok-mieszkanie-50m2-z-ogrodkami-ul-drabika-ID4zXmN,,590,0,2,"Stanisława Drabika, Wrocław",2023,miejskie,brak,do zamieszkania,50,2026-02-10
2026-02-07 22:39,"Po remoncie, 2- pokojowe mieszkanie na wynajem Grabiszyn",3000,https://www.otodom.pl/pl/oferta/po-remoncie-2-pokojowe-mieszkanie-na-wynajem-grabiszyn-ID4zXm9,,650,1,2,"ul. Inżynierska, Wrocław",2016,brak,3000,brak,49,2026-02-10
2026-02-07 22:39,Wyjątkowy apartament 3-pok - Jana Pawła II,5500,https://www.otodom.pl/pl/oferta/wyjatkowy-apartament-3-pok-jana-pawla-ii-ID4zXm7,,0,4,3,Wrocław,brak,miejskie,brak,do zamieszkania,65,2026-02-10
2026-02-07 22:39,Wrocław kawalerka Krzyki Przedmieście Oławskie,2200,https://www.otodom.pl/pl/oferta/wroclaw-kawalerka-krzyki-przedmiescie-olawskie-ID4zX9p,,500,4,1,"ul. gen. Romualda Traugutta, Wrocław",1995,miejskie,2200,do zamieszkania,31,2026-02-10
2026-02-07 22:39,"Złotniki, ul. Małopolska, 2 pok. 40m2, garaż, garderoba",2400,https://www.otodom.pl/pl/oferta/zlotniki-ul-malopolska-2-pok-40m2-garaz-garderoba-ID4zXl0,,680,2,2,"ul. Małopolska, Wrocław",2016,miejskie,3500,do zamieszkania,40.2,2026-02-10
2026-02-07 22:39,Przestronne mieszkanie z tarasem Sky Tower,14000,https://www.otodom.pl/pl/oferta/przestronne-mieszkanie-z-tarasem-sky-tower-ID4yEqY,,3000,10,3,"ul. Szczęśliwa, Wrocław",2014,miejskie,brak,do zamieszkania,120,2026-02-10
2026-02-07 22:40,Wynajmę 3-pokojowe mieszkanie na Różance,3600,https://www.otodom.pl/pl/oferta/wynajme-3-pokojowe-mieszkanie-na-rozance-ID4nDje,,700,5,3,"ul. Chorwacka, Wrocław",2023,miejskie,5000,do zamieszkania,57,2026-02-10
2026-02-07 22:40,"Jaracza 2-pokoje, wysoki standard, klimatyzacja 49,5 m²",3000,https://www.otodom.pl/pl/oferta/jaracza-2-pokoje-wysoki-standard-klimatyzacja-49-5-m-ID4zjpj,,750,3,2,"ul. Stefana Jaracza, Wrocław",2015,miejskie,3200,do zamieszkania,50,2026-02-10
2026-02-07 22:40,PL_RU_3pokoje_Centrum_Braniborska_Garaż w cenie!_55 m²,4000,https://www.otodom.pl/pl/oferta/pl-ru-3pokoje-centrum-braniborska-garaz-w-cenie-55-m-ID4zXkp,,1300,5,3,"ul. Trzemeska, Wrocław",2021,miejskie,5000,do zamieszkania,55,2026-02-10
2026-02-07 22:40,Kawalerka/Kępa Miesczańska/Gotowe do zamieszkania,1900,https://www.otodom.pl/pl/oferta/kawalerka-kepa-miesczanska-gotowe-do-zamieszkania-ID4zXjo,,500,0,1,"ul. Romana Dmowskiego, Wrocław",2020,brak,0,do zamieszkania,19,2026-02-10
2026-02-07 22:41,Stabłowice /ul. Kokosowa /dobry standard,2400,https://www.otodom.pl/pl/oferta/stablowice-ul-kokosowa-dobry-standard-ID4zOh8,,550,3,2,Wrocław,2013,miejskie,2400,do zamieszkania,42,2026-02-10
2026-02-07 22:41,Głogowska/Rozkład/Media Miejskie/1 wynajem,2600,https://www.otodom.pl/pl/oferta/glogowska-rozklad-media-miejskie-1-wynajem-ID4zXig,,0,6,2,"ul. Głogowska, Wrocław",1985,miejskie,0,brak,40,2026-02-10
2026-02-07 22:41,Nowoczesne ciepłe 1-pokojowe mieszkanie z balkonem 30m ul. Wełniana,2100,https://www.otodom.pl/pl/oferta/nowoczesne-cieple-1-pokojowe-mieszkanie-z-balkonem-30m-ul-welniana-ID4zXgE,,500,1,1,"ul. Wełniana, Wrocław",2020,gazowe,2100,do zamieszkania,30,2026-02-10
2026-02-07 22:41,Wysoki standard |2 Pokoje | pierwszy najem od właściciela Jagodno 42m,3300,https://www.otodom.pl/pl/oferta/wysoki-standard-2-pokoje-pierwszy-najem-od-wlasciciela-jagodno-42m-ID4zXgg,,625,2,2,Wrocław,2021,miejskie,4000,do zamieszkania,42,2026-02-10
2026-02-07 22:41,Przyjemne mieszkanie Partynice/Wrocław-Wysoka z tarasem i ogródkiem,2900,https://www.otodom.pl/pl/oferta/przyjemne-mieszkanie-partynice-wroclaw-wysoka-z-tarasem-i-ogrodkiem-ID4kytI,,900,0,2,Wysoka,2008,miejskie,3800,do zamieszkania,46,2026-02-10
2026-02-07 22:41,Nowoczesne 3-pokojowe mieszkanie z balkonem,3200,https://www.otodom.pl/pl/oferta/nowoczesne-3-pokojowe-mieszkanie-z-balkonem-ID44vhM,,1000,1,3,"ul. Siostrzana, Wrocław",2011,miejskie,4000,do zamieszkania,55,2026-02-10
2026-02-07 22:42,Apartament|4 pokoje|taras|Port Popowice,6300,https://www.otodom.pl/pl/oferta/apartament-4-pokoje-taras-port-popowice-ID4zXf9,,873,3,4,"ul. Białowieska, Wrocław",2021,miejskie,8500,do zamieszkania,83,2026-02-10
2026-02-07 22:42,Wynajmę dwupoziomowe mieszkanie na Krzykach,4200,https://www.otodom.pl/pl/oferta/wynajme-dwupoziomowe-mieszkanie-na-krzykach-ID4zXdc,,1015,3,3,Wrocław,2016,miejskie,4200,do zamieszkania,75,2026-02-10
2026-02-07 22:42,"Nowoczesne mieszkanie Park Wschodni taras,Rybnicka",2500,https://www.otodom.pl/pl/oferta/nowoczesne-mieszkanie-park-wschodni-taras-rybnicka-ID4zXdn,,0,0,2,"ul. Rybnicka, Wrocław",2019,brak,0,brak,39,2026-02-10
2026-02-07 22:42,Mieszkanie 2pok dla 1-2 osó Gaj Krzyki Czerniawska,2600,https://www.otodom.pl/pl/oferta/mieszkanie-2pok-dla-1-2-oso-gaj-krzyki-czerniawska-ID3kNFc,,600,0,2,"ul. Czerniawska, Wrocław",2004,miejskie,3200,do zamieszkania,47,2026-02-10
2026-02-07 22:43,Nowe mieszkanie premium – pierwszy wynajem,3600,https://www.otodom.pl/pl/oferta/nowe-mieszkanie-premium-pierwszy-wynajem-ID4zNpv,,0,4,2,"Wichrowa, Wrocław",2025,miejskie,4500,do zamieszkania,49,2026-02-10
2026-02-07 22:43,2 osobne pokoje | 55m2 | Parking | Balkon | Internet | Wanna| Siłownia,2800,https://www.otodom.pl/pl/oferta/2-osobne-pokoje-55m2-parking-balkon-internet-wanna-silownia-ID4zX8o,,880,0,2,"ul. Ryszarda Wagnera, Wrocław",brak,miejskie,3800,do zamieszkania,55,2026-02-10
2026-02-07 22:43,3-pok od 01.03.2026 ul.Przedmiejska SOFTY LOFTY Garaż na 2 auta*Balkon,3700,https://www.otodom.pl/pl/oferta/3-pok-od-01-03-2026-ul-przedmiejska-softy-lofty-garaz-na-2-autabalkon-ID4zX90,,0,1,3,"ul. Przedmiejska, Wrocław",brak,miejskie,brak,brak,60,2026-02-10
2026-02-07 22:43,Komfortowy Apartament 45m2 na płycie głównej Rynku,3500,https://www.otodom.pl/pl/oferta/komfortowy-apartament-45m2-na-plycie-glownej-rynku-ID4yX2G,,0,3,2,"rynek Ratusz, Wrocław",brak,miejskie,5000,do zamieszkania,45,2026-02-10
2026-02-07 22:44,3-pok 62 m2 od zaraz ul. Klimasa DI Trevi *Garaż*,3500,https://www.otodom.pl/pl/oferta/3-pok-62-m2-od-zaraz-ul-klimasa-di-trevi-garaz-ID4zX81,,0,2,3,"ul. ks. Czesława Klimasa, Wrocław",brak,miejskie,brak,brak,62,2026-02-10
2026-02-07 22:44,Wyjątkowe Dwupokojowe Mieszkanie Nadodrze,3800,https://www.otodom.pl/pl/oferta/wyjatkowe-dwupokojowe-mieszkanie-nadodrze-ID4zKif,,700,4,2,"ul. Pomorska, Wrocław",brak,gazowe,4500,brak,75,2026-02-10
2026-02-07 22:44,"Walońska, 2-pokojowy 42 m² apartament w Angel Wings",2900,https://www.otodom.pl/pl/oferta/walonska-2-pokojowy-42-m-apartament-w-angel-wings-ID4nauo,,700,4,2,"ul. Walońska, Wrocław",2011,miejskie,4000,do zamieszkania,42,2026-02-10
2026-02-07 22:44,Mieszkanie Nowy Gaj/ 2 pokoje/ 56m2/ parking i komórka lokatorska,3800,https://www.otodom.pl/pl/oferta/mieszkanie-nowy-gaj-2-pokoje-56m2-parking-i-komorka-lokatorska-ID4mqI8,,800,4,2,"ul. Żegiestowska, Wrocław",2018,miejskie,6000,do zamieszkania,56,2026-02-10
2026-02-07 22:45,Nowoczesny Apartament ul.Krakowska bezpośrednio! 2pokoje/ rzeka/balkon,3000,https://www.otodom.pl/pl/oferta/nowoczesny-apartament-ul-krakowska-bezposrednio-2pokoje-rzeka-balkon-ID49wjo,,800,5,2,"ul. Krakowska, Wrocław",2023,miejskie,3000,do zamieszkania,43,2026-02-10
2026-02-07 22:45,Przestronne 2 pokojowe mieszkanie z balkonem | Garaż,3000,https://www.otodom.pl/hpr/pl/oferta/przestronne-2-pokojowe-mieszkanie-z-balkonem-garaz-ID4zHAW,,600,2,2,"ul. Stodolna, Wrocław",brak,miejskie,3900,do zamieszkania,52.3,2026-02-10
2026-02-07 22:45,Nowoczesne 3 pok. Mieszkanie Kępa Mieszczańska,6500,https://www.otodom.pl/pl/oferta/nowoczesne-3-pok-mieszkanie-kepa-mieszczanska-ID4zQia,,640,brak,3,"wyspa Kępa Mieszczańska, Wrocław",brak,miejskie,brak,do zamieszkania,66,2026-02-10
2026-02-07 22:45,Kawalerka blisko centrum z ładnym widokiem,2200,https://www.otodom.pl/pl/oferta/kawalerka-blisko-centrum-z-ladnym-widokiem-ID4zX1S,,0,10,1,"ul. Ścinawska, Wrocław",brak,miejskie,brak,do zamieszkania,25,2026-02-10
2026-02-07 22:47,Mieszkanie 2-pokojowe Iwaszkiewicza Klima Garaż duży taras,3000,https://www.otodom.pl/pl/oferta/mieszkanie-2-pokojowe-iwaszkiewicza-klima-garaz-duzy-taras-ID4xPcG,,650,2,2,"ul. Jarosława Iwaszkiewicza, Wrocław",2020,miejskie,3000,do zamieszkania,49,2026-02-10
2026-02-07 22:47,First rent | Nadodrze | Studio | Kaszubska 11,1950,https://www.otodom.pl/pl/oferta/first-rent-nadodrze-studio-kaszubska-11-ID4zVZ6,,300,0,1,"ul. Kaszubska, Wrocław",brak,miejskie,2600,do zamieszkania,23,2026-02-10
2026-02-07 22:47,City Center  I River View,6500,https://www.otodom.pl/pl/oferta/city-center-i-river-view-ID4zSRq,,1100,3,4,"ul. gen. Władysława Sikorskiego, Wrocław",2018,brak,8000,brak,75,2026-02-10
2026-02-07 22:47,Pierwszy wynajem. Całkiem nowe. Centrum,2800,https://www.otodom.pl/pl/oferta/pierwszy-wynajem-calkiem-nowe-centrum-ID4zX09,,500,7,1,Wrocław,2024,inne,brak,do zamieszkania,30,2026-02-10
2026-02-07 22:48,2 pokojowe#Grabiszyńska#Firlej#NajemOkazjonalny,2800,https://www.otodom.pl/pl/oferta/2-pokojowe-grabiszynska-firlej-najemokazjonalny-ID4zVYp,,750,1,2,"ul. Grabiszyńska, Wrocław",1970,miejskie,3700,do zamieszkania,44,2026-02-10
2026-02-07 22:48,Gotowe M2|pełne wyposażenie|balkon|parkingx2,3000,https://www.otodom.pl/pl/oferta/gotowe-m2-pelne-wyposazenie-balkon-parkingx2-ID4zVYh,,700,2,2,"ul. Stanisława Kunickiego, Wrocław",2021,miejskie,3500,do zamieszkania,49.8,2026-02-10
2026-02-07 22:48,"Wrocław Nadodrze, ulica Ludwika Rydygiera 63/16",2300,https://www.otodom.pl/pl/oferta/wroclaw-nadodrze-ulica-ludwika-rydygiera-63-16-ID4zl0A,,750,3,2,Wrocław,brak,electrical,2500,brak,62,2026-02-10
2026-02-07 22:48,"2pok, balkon,parking/Walońska/Angel,1-bedr to rent",3300,https://www.otodom.pl/pl/oferta/2pok-balkon-parking-walonska-angel-1-bedr-to-rent-ID4zNN8,,800,3,2,Wrocław,2011,miejskie,4500,do zamieszkania,52,2026-02-10
2026-02-07 22:48,Loftowy apartament 48 m² | 3 pokoje | Centrum,3300,https://www.otodom.pl/pl/oferta/loftowy-apartament-48-m-3-pokoje-centrum-ID4zVVu,,0,4,3,"ul. Księcia Józefa Poniatowskiego, Wrocław",2019,miejskie,4000,do zamieszkania,48.2,2026-02-10
2026-02-07 22:48,Dwupokojowe mieszkanie z garderobą w centrum Wrocławia,3000,https://www.otodom.pl/pl/oferta/dwupokojowe-mieszkanie-z-garderoba-w-centrum-wroclawia-ID4zVWx,,850,2,2,"ul. Jedności Narodowej, Wrocław",2004,miejskie,3000,do zamieszkania,56,2026-02-10
2026-02-07 22:49,"2pok+kuchnia,39m2/balkon/Gajowicka/Jastrzębia",2300,https://www.otodom.pl/pl/oferta/2pok-kuchnia-39m2-balkon-gajowicka-jastrzebia-ID4zVRB,,0,3,2,Wrocław,1964,miejskie,3500,do zamieszkania,39,2026-02-10
2026-02-07 22:49,3 POKOJE | Promenady Wrocławskie | ul. Zakładowa,4350,https://www.otodom.pl/pl/oferta/3-pokoje-promenady-wroclawskie-ul-zakladowa-ID4zVUE,,600,2,3,"ul. Zakładowa, Wrocław",2017,miejskie,6000,do zamieszkania,63,2026-02-10
2026-02-07 22:49,"Dwa osobne pokoje, 34m2, ul. Gazowa",2100,https://www.otodom.pl/pl/oferta/dwa-osobne-pokoje-34m2-ul-gazowa-ID4zVSM,,740,1,2,"ul. Gazowa, Wrocław",2019,miejskie,brak,do zamieszkania,34,2026-02-10
2026-02-07 22:49,"Przestronna kawalerka - bez prowizji, w centrum Wrocławia",2100,https://www.otodom.pl/pl/oferta/przestronna-kawalerka-bez-prowizji-w-centrum-wroclawia-ID4zJRH,,890,1,1,"ul. Grabiszyńska, Wrocław",2025,miejskie,brak,do zamieszkania,28.62,2026-02-10
2026-02-07 22:49,CENTRUM -2 pokoje z widokiem na rzekę|M. Postojowe| ENG,3300,https://www.otodom.pl/pl/oferta/centrum-2-pokoje-z-widokiem-na-rzeke-m-postojowe-eng-ID4ol5U,,890,7,2,"ul. Długa, Wrocław",2008,miejskie,4500,do zamieszkania,62.58,2026-02-10
2026-02-07 22:50,Eleganckie 3 pokojowe mieszkanie z ogrodem Rodzinn,3700,https://www.otodom.pl/pl/oferta/eleganckie-3-pokojowe-mieszkanie-z-ogrodem-rodzinn-ID4zS8R,,950,brak,3,"ul. Rodzinna, Wrocław",brak,brak,5000,brak,58.15,2026-02-10
2026-02-07 22:50,2 pok. | os. kuchnia | balkon | centrum - ul. Reja,2700,https://www.otodom.pl/pl/oferta/2-pok-os-kuchnia-balkon-centrum-ul-reja-ID4zVLV,,0,2,2,"ul. Mikołaja Reja, Wrocław",brak,miejskie,brak,do zamieszkania,50,2026-02-10
2026-02-07 22:50,Atrakcyjne mieszkanie 60 m² w spokojnej i zielonej dzielnicy Wrocławia,3300,https://www.otodom.pl/pl/oferta/atrakcyjne-mieszkanie-60-m-w-spokojnej-i-zielonej-dzielnicy-wroclawia-ID4zVOx,,1200,3,3,"ul. Wojrowicka, Wrocław",brak,miejskie,4500,do zamieszkania,60,2026-02-10
2026-02-07 22:50,"Nowoczesne studio, prestiżowe z balkonem w OVO",2800,https://www.otodom.pl/pl/oferta/nowoczesne-studio-prestizowe-z-balkonem-w-ovo-ID4zd8L,,750,4,1,"ul. Podwale, Wrocław",2016,brak,brak,do zamieszkania,32.49,2026-02-10
2026-02-07 22:50,"przestronne mieszkanie 42 m2 , ul. Wałbrzyska 13a,",2450,https://www.otodom.pl/pl/oferta/przestronne-mieszkanie-42-m2-ul-walbrzyska-13a-ID42OpE,,677,3,1,Wrocław,2001,miejskie,3000,do zamieszkania,42,2026-02-10
2026-02-07 22:51,Nowoczesne 3 pok. Mieszkanie Kępa Mieszczańska,6500,https://www.otodom.pl/hpr/pl/oferta/nowoczesne-3-pok-mieszkanie-kepa-mieszczanska-ID4zQia,,640,brak,3,"wyspa Kępa Mieszczańska, Wrocław",brak,miejskie,brak,do zamieszkania,66,2026-02-10
2026-02-07 22:51,Piękne M3 - blisko autobus i tramwaj - ul. Krzycka,3200,https://www.otodom.pl/pl/oferta/piekne-m3-blisko-autobus-i-tramwaj-ul-krzycka-ID4zVL8,,800,2,3,"ul. Krzycka, Wrocław",brak,gazowe,3200,do zamieszkania,61,2026-02-10
2026-02-07 22:51,Dwupoziomowe mieszkanie 3 pok | Balkon | Okolice PKP | Bezpośrednio,3146,https://www.otodom.pl/pl/oferta/dwupoziomowe-mieszkanie-3-pok-balkon-okolice-pkp-bezposrednio-ID4zVKA,,652,4,3,"ul. gen. Jana Henryka Dąbrowskiego, Wrocław",2017,miejskie,3933,do zamieszkania,65.24,2026-02-10
2026-02-07 22:51,"2 pok, ogród, MP, klimatyzacja",3200,https://www.otodom.pl/pl/oferta/2-pok-ogrod-mp-klimatyzacja-ID4zVKa,,890,0,2,"Beaty Artemskiej, Wrocław",2021,inne,brak,to_completion,51.12,2026-02-10
2026-02-07 22:52,Pakosławska|2pok|Rozkład|Garaż|Taras,2800,https://www.otodom.pl/pl/oferta/pakoslawska-2pok-rozklad-garaz-taras-ID4zN0P,,650,0,2,"ul. Pakosławska, Wrocław",2020,miejskie,3000,do zamieszkania,49,2026-02-10
2026-02-07 22:52,Wrocław Fabryczna - Apartament z tarasem.,2750,https://www.otodom.pl/pl/oferta/wroclaw-fabryczna-apartament-z-tarasem-ID4zVJA,,766,0,2,"ul. Nowodworska, Wrocław",2020,miejskie,3000,do zamieszkania,48,2026-02-10
2026-02-07 22:52,Wynajem mieszkanie ul. Oboźna 2 pokoje wyremontowane 50 m,2500,https://www.otodom.pl/pl/oferta/wynajem-mieszkanie-ul-obozna-2-pokoje-wyremontowane-50-m-ID4zVJ3,,525,2,2,"ul. Oboźna, Wrocław",1995,miejskie,3000,do zamieszkania,50,2026-02-10
2026-02-07 22:52,"okazja, Krzyki, Huby",2250,https://www.otodom.pl/pl/oferta/okazja-krzyki-huby-ID4zVJh,,1443,2,2,"ul. Nyska, Wrocław",1960,miejskie,2700,do zamieszkania,50,2026-02-10
2026-02-07 22:52,"Prusa, rozkładowe, umeblowane, wyposażone",2900,https://www.otodom.pl/pl/oferta/prusa-rozkladowe-umeblowane-wyposazone-ID4zVIY,,0,0,2,"ul. Bolesława Prusa, Wrocław",1990,miejskie,brak,do zamieszkania,46,2026-02-10
2026-02-07 22:53,Okolice ul. Kruszwickiej,3000,https://www.otodom.pl/pl/oferta/okolice-ul-kruszwickiej-ID4zVHv,,0,3,3,Wrocław,1970,miejskie,3000,do zamieszkania,51.95,2026-02-10
2026-02-07 22:53,Mieszkanie 2 pokojowe do wynajęcia + miejsce w garażu podziemnym,2800,https://www.otodom.pl/pl/oferta/mieszkanie-2-pokojowe-do-wynajecia-miejsce-w-garazu-podziemnym-ID4zVBh,,800,5,2,"ul. Jesionowa, Wrocław",2016,miejskie,3500,do zamieszkania,39.3,2026-02-10
2026-02-07 22:53,Na wynajem | 2 pokoje | Nowe budownictwo | Centrum,3300,https://www.otodom.pl/pl/oferta/na-wynajem-2-pokoje-nowe-budownictwo-centrum-ID4zVIX,,700,3,2,"ul. Ludwika Rydygiera, Wrocław",2012,kotłownia,3300,do zamieszkania,52.09,2026-02-10
2026-02-07 22:53,"Rynek, Ul. Ruska, Kawalerka,37M2, Ip., Balkon",2500,https://www.otodom.pl/pl/oferta/rynek-ul-ruska-kawalerka-37m2-ip-balkon-ID4zKKX,,650,1,1,"ul. Ruska, Wrocław",brak,brak,3500,do zamieszkania,37,2026-02-10
2026-02-07 22:53,Kawalerka / Dworzec Główny / OD Zaraz,2150,https://www.otodom.pl/pl/oferta/kawalerka-dworzec-glowny-od-zaraz-ID4zVIo,,500,1,1,"gen. Antoniego Madalińskiego, Wrocław",2024,brak,0,do zamieszkania,21.8,2026-02-10
2026-02-07 22:54,Miedziana - 2 pokoje- loggia- parking,2800,https://www.otodom.pl/pl/oferta/miedziana-2-pokoje-loggia-parking-ID4zVCm,,631,1,2,"ul. Miedziana, Wrocław",2022,miejskie,brak,do zamieszkania,40,2026-02-10
2026-02-07 22:54,"3 osobne pok. z garderobą | Promocja ! Bezpośrednio |Wrocław, Jaworska",4600,https://www.otodom.pl/pl/oferta/3-osobne-pok-z-garderoba-promocja-bezposrednio-wroclaw-jaworska-ID4zVBc,,860,2,3,"ul. Jaworska, Wrocław",2023,miejskie,brak,do zamieszkania,66.12,2026-02-10
2026-02-07 22:54,"Nowe, stylowe mieszkanie z dużym balkonem – ul. Braniborska, Wrocław",5000,https://www.otodom.pl/pl/oferta/nowe-stylowe-mieszkanie-z-duzym-balkonem-ul-braniborska-wroclaw-ID4zBpi,,0,9,2,Wrocław,2020,gazowe,5000,do zamieszkania,47.48,2026-02-10
2026-02-07 22:54,Mieszkanie pracownicze - ul. Piłsudskiego,700,https://www.otodom.pl/pl/oferta/mieszkanie-pracownicze-ul-pilsudskiego-ID4zJMU,,0,1,3,"ul. marsz. Józefa Piłsudskiego, Wrocław",brak,miejskie,3000,do zamieszkania,65,2026-02-10
2026-02-07 22:55,Angel City/ GYM&SPA/ 1mc 50%,3600,https://www.otodom.pl/pl/oferta/angel-city-gym-spa-1mc-50-ID4zDYH,,0,8,2,"ul. Walońska, Wrocław",2022,miejskie,brak,do zamieszkania,44,2026-02-10
2026-02-07 22:55,Browary Wrocławskie- Wysoki standart,4000,https://www.otodom.pl/pl/oferta/browary-wroclawskie-wysoki-standart-ID4zVAl,,900,2,3,"ul. Jedności Narodowej, Wrocław",2020,brak,4900,do zamieszkania,50,2026-02-10
2026-02-07 22:55,Mieszkanie 2 pokoje | Wysoki Standard | Ul.Ołbińska |Wrocław| Nadodrze,2600,https://www.otodom.pl/pl/oferta/mieszkanie-2-pokoje-wysoki-standard-ul-olbinska-wroclaw-nadodrze-ID4zVzJ,,800,0,2,"ul. Ołbińska, Wrocław",brak,brak,4000,do zamieszkania,37,2026-02-10
2026-02-07 22:55,Air Conditioner/2Rooms/ Balcony/ GYM/Parking,3200,https://www.otodom.pl/pl/oferta/air-conditioner-2rooms-balcony-gym-parking-ID4zVzj,,800,3,2,"al. gen. Józefa Hallera, Wrocław",brak,brak,4000,do zamieszkania,50,2026-02-10
2026-02-07 22:56,"2 pokoje, klimatyzacja, miejsce postojowe",3000,https://www.otodom.pl/pl/oferta/2-pokoje-klimatyzacja-miejsce-postojowe-ID4mSd8,,800,4,2,Wrocław,brak,miejskie,4000,do zamieszkania,56,2026-02-10
2026-02-07 22:56,"Kawalerka 32,5 m² z balkonem | Ołbin | centrum",2200,https://www.otodom.pl/pl/oferta/kawalerka-32-5-m-z-balkonem-olbin-centrum-ID4zVtP,,450,3,1,Wrocław,2019,miejskie,2200,do zamieszkania,32.5,2026-02-10
2026-02-07 22:56,Nowe 2-pokojowe mieszkanie na Krzykach,3000,https://www.otodom.pl/pl/oferta/nowe-2-pokojowe-mieszkanie-na-krzykach-ID4zVx6,,700,1,2,"ul. Mglista, Wrocław",2025,miejskie,3500,do zamieszkania,37,2026-02-10
2026-02-07 22:56,Nowe Żerniki | 3 pokoje z ogródkiem i garażem | 78 m²,4700,https://www.otodom.pl/pl/oferta/nowe-zerniki-3-pokoje-z-ogrodkiem-i-garazem-78-m-ID4zVya,,850,0,3,Wrocław,brak,miejskie,6500,do zamieszkania,78,2026-02-10
2026-02-07 22:56,Apartament 3-pokojowy z widokiem na Odrę,4999,https://www.otodom.pl/pl/oferta/apartament-3-pokojowy-z-widokiem-na-odre-ID4zVwS,,0,brak,3,"ul. Kazimierza Michalczyka, Wrocław",2025,brak,brak,do zamieszkania,65,2026-02-10
2026-02-07 22:56,First rent/ Promenady Wrocławskie/ 6 months,2800,https://www.otodom.pl/pl/oferta/first-rent-promenady-wroclawskie-6-months-ID4zVzi,,600,0,2,"ul. Antoniego Słonimskiego, Wrocław",brak,brak,3400,brak,52,2026-02-10
2026-02-07 22:57,"Śliczne, w pełni wyposażone 2 pok z balkonem.",3800,https://www.otodom.pl/pl/oferta/sliczne-w-pelni-wyposazone-2-pok-z-balkonem-ID4zbrK,,540,2,2,"ul. Elizy Orzeszkowej, Wrocław",1935,gazowe,4500,brak,69,2026-02-10
2026-02-07 22:57,"3pok.| garaż | balkon | klima | szkoła WIS | Krzyki, ul. Racławicka 87",4800,https://www.otodom.pl/pl/oferta/3pok-garaz-balkon-klima-szkola-wis-krzyki-ul-raclawicka-87-ID4zR1W,,1019,1,3,"ul. Racławicka, Wrocław",2012,miejskie,6000,do zamieszkania,64.46,2026-02-10
2026-02-07 22:57,"Duży taras, widok na rzekę, Olimpia Port",4550,https://www.otodom.pl/pl/oferta/duzy-taras-widok-na-rzeke-olimpia-port-ID4zRkb,,1055,3,3,"ul. Marca Polo, Wrocław",2018,miejskie,6000,do zamieszkania,70,2026-02-10
2026-02-07 22:57,Fitnes Club w cenie | Balkon | Garaż | 2 Pokojowe Od Zaraz,2900,https://www.otodom.pl/pl/oferta/fitnes-club-w-cenie-balkon-garaz-2-pokojowe-od-zaraz-ID4zR9g,,700,2,2,"al. gen. Józefa Hallera, Wrocław",brak,kotłownia,3100,do zamieszkania,44,2026-02-10
2026-02-07 22:57,Small Pet-Friendly | Garaż | Klimatyzacja | Balkon | Od zaraz,3200,https://www.otodom.pl/pl/oferta/small-pet-friendly-garaz-klimatyzacja-balkon-od-zaraz-ID4zReb,,800,4,3,"al. Wiśniowa, Wrocław",brak,miejskie,4200,do zamieszkania,60,2026-02-10
2026-02-07 22:57,"Atrakcyjne 3 pokojowe Chorwacka, Różanka",3800,https://www.otodom.pl/pl/oferta/atrakcyjne-3-pokojowe-chorwacka-rozanka-ID4zaNw,,1200,6,3,"ul. Chorwacka, Wrocław",brak,miejskie,5000,do zamieszkania,66.76,2026-02-10
2026-02-07 22:57,Piękne M3 - blisko autobus i tramwaj - ul. Krzycka,3200,https://www.otodom.pl/hpr/pl/oferta/piekne-m3-blisko-autobus-i-tramwaj-ul-krzycka-ID4zVL8,,800,2,3,"ul. Krzycka, Wrocław",brak,gazowe,3200,do zamieszkania,61,2026-02-10
2026-02-07 22:58,"NOWE BUD. 2022, 3pok, 60m2, Brzezińska / Leśnica",2900,https://www.otodom.pl/pl/oferta/nowe-bud-2022-3pok-60m2-brzezinska-lesnica-ID4zQRx,,780,1,3,"ul. Brzezińska, Wrocław",2022,brak,3800,do zamieszkania,60,2026-02-10
2026-02-07 22:58,"2pok. Zielińskiego / Arkady - pieszo na Dworzec, kilka min. do Rynku!",2250,https://www.otodom.pl/pl/oferta/2pok-zielinskiego-arkady-pieszo-na-dworzec-kilka-min-do-rynku-ID4zQQB,,620,0,2,"ul. Tadeusza Zielińskiego, Wrocław",1970,miejskie,2950,do zamieszkania,38,2026-02-10
2026-02-07 22:58,"Przestronne 84m2, nowe bud. Vivaldiego, Krzyki!",2950,https://www.otodom.pl/pl/oferta/przestronne-84m2-nowe-bud-vivaldiego-krzyki-ID4zQRV,,950,2,3,"ul. Antonia Vivaldiego, Wrocław",2003,miejskie,4000,do zamieszkania,84,2026-02-10
2026-02-07 22:59,WYNAJMĘ MIKRO-KAWALERKĘ PRZY MAGNOLIA PARK - LEGNICKA 49,1800,https://www.otodom.pl/pl/oferta/wynajme-mikro-kawalerke-przy-magnolia-park-legnicka-49-ID4yadH,,0,5,1,"ul. Legnicka, Wrocław",2019,miejskie,2200,do zamieszkania,17,2026-02-10
2026-02-07 22:59,Świetne mieszkanie do wynajęcia- top lokalizacja,2800,https://www.otodom.pl/pl/oferta/swietne-mieszkanie-do-wynajecia-top-lokalizacja-ID4ylji,,1800,5,3,"ul. Nowowiejska, Wrocław",1900,miejskie,2800,do zamieszkania,75.1,2026-02-10
2026-02-07 22:59,"Na wynajem nowe, komfortowe mieszkanie na Krzykach I garaż I",3300,https://www.otodom.pl/pl/oferta/na-wynajem-nowe-komfortowe-mieszkanie-na-krzykach-i-garaz-i-ID4zQyO,,800,4,3,"ul. Racławicka, Wrocław",2025,brak,brak,do zamieszkania,51.73,2026-02-10
2026-02-07 22:59,nowe/klimatyzacja /  15 min spacerem Rynek,3500,https://www.otodom.pl/pl/oferta/nowe-klimatyzacja-15-min-spacerem-rynek-ID4zQyJ,,450,4,2,"ul. Kurkowa, Wrocław",2023,brak,5000,do zamieszkania,46,2026-02-10
2026-02-07 22:59,Nowe / widok na rzekę /klimatyzacja,3800,https://www.otodom.pl/pl/oferta/nowe-widok-na-rzeke-klimatyzacja-ID4zQwb,,950,8,3,"ul. Jedności Narodowej, Wrocław",2023,brak,5000,do zamieszkania,57,2026-02-10
2026-02-07 22:59,Studio premium z aneksem | centrum | balkon francuski | bez prowizji,2990,https://www.otodom.pl/pl/oferta/studio-premium-z-aneksem-centrum-balkon-francuski-bez-prowizji-ID4zQMt,,650,3,1,"ul. Komandorska, Wrocław",1897,gazowe,4000,do zamieszkania,31,2026-02-10
2026-02-07 23:00,Dwupokojowe mieszkanie 42m2 na Wrocławskim Gaju,2500,https://www.otodom.pl/pl/oferta/dwupokojowe-mieszkanie-42m2-na-wroclawskim-gaju-ID4wrSD,,800,2,2,"ul. Adama Uznańskiego, Wrocław",2006,kotłownia,3000,do zamieszkania,42,2026-02-10
2026-02-07 23:00,ok. Galerii Domnikańskiej I 3pok I Centrum,3500,https://www.otodom.pl/pl/oferta/ok-galerii-domnikanskiej-i-3pok-i-centrum-ID4zVrQ,,800,2,3,"ul. gen. Józefa Haukego-Bosaka, Wrocław",1930,electrical,7000,do zamieszkania,80,2026-02-10
2026-02-07 23:00,ul. Kamienskiego / balkon,3300,https://www.otodom.pl/pl/oferta/ul-kamienskiego-balkon-ID4zVti,,0,1,3,"ul. Kamieńskiego / komfort, Wrocław",2020,miejskie,brak,do zamieszkania,65,2026-02-10
2026-02-07 23:00,"Mieszkanie 3 pokojowe 69 m2 + balkon, garaż ul. Jesionowa",4200,https://www.otodom.pl/pl/oferta/mieszkanie-3-pokojowe-69-m2-balkon-garaz-ul-jesionowa-ID4muHJ,,1100,5,3,Wrocław,2019,miejskie,4500,do zamieszkania,69,2026-02-10
2026-02-07 23:00,Pierwszy Najem - Garaż - Media Miejskie - Komfort,3200,https://www.otodom.pl/pl/oferta/pierwszy-najem-garaz-media-miejskie-komfort-ID4zVtx,,900,2,2,"ul. Mieszczańska, Wrocław",2024,miejskie,4200,do zamieszkania,40,2026-02-10
2026-02-07 23:00,"3-pokojowe mieszkanie z balkonem | ul. Skwierzyńska, Wrocław",3500,https://www.otodom.pl/pl/oferta/3-pokojowe-mieszkanie-z-balkonem-ul-skwierzynska-wroclaw-ID4zuGx,,1336,1,3,"ul. Skwierzyńska, Wrocław",brak,miejskie,4800,do zamieszkania,92,2026-02-10
2026-02-07 23:00,ul. Przyjaźni / Taras,7000,https://www.otodom.pl/pl/oferta/ul-przyjazni-taras-ID4zVtj,,0,8,4,"PRZYJAŹNI / TARAS 80 M / DWA GARAŻE, Wrocław",2015,miejskie,brak,do zamieszkania,120,2026-02-10
2026-02-07 23:01,3 POKOJE ROZKŁADOWE | OSOBNA KUCHNIA | BALKON | GĄDÓW MAŁY,3300,https://www.otodom.pl/pl/oferta/3-pokoje-rozkladowe-osobna-kuchnia-balkon-gadow-maly-ID4uPfL,,900,1,3,"ul. Skrzydlata, Wrocław",1990,miejskie,4500,do zamieszkania,63,2026-02-10
2026-02-07 23:01,NADODRZE/CENTRUM/TANIO/PRZYSTANKI/DWORZEC/2POK/PARK,2500,https://www.otodom.pl/pl/oferta/nadodrze-centrum-tanio-przystanki-dworzec-2pok-park-ID4zOWw,,750,0,2,"ul. Podwórcowa, Wrocław",brak,miejskie,2500,brak,40,2026-02-10
2026-02-07 23:01,Drukarska | Brand New | Ips School,8500,https://www.otodom.pl/pl/oferta/drukarska-brand-new-ips-school-ID4zVo9,,1500,4,3,"ul. Drukarska, Wrocław",brak,miejskie,brak,brak,65,2026-02-10
2026-02-07 23:01,Centrum Wrocławia Media Miejskie Piwnica,2400,https://www.otodom.pl/pl/oferta/centrum-wroclawia-media-miejskie-piwnica-ID4zVnh,,800,1,2,"pl. Nowy Targ, Wrocław",1962,miejskie,3500,do zamieszkania,33,2026-02-10
2026-02-07 23:02,2 pokoje | Spa&Gym | balkon | Angel City,3400,https://www.otodom.pl/pl/oferta/2-pokoje-spa-gym-balkon-angel-city-ID4zVma,,0,8,2,"ul. Walońska, Wrocław",2022,miejskie,brak,do zamieszkania,53,2026-02-10
2026-02-07 23:02,"Mieszkanie ul. Sienkiewicza, 4 pokoje, 74m2",4000,https://www.otodom.pl/pl/oferta/mieszkanie-ul-sienkiewicza-4-pokoje-74m2-ID4yoKZ,,1000,1,4,"ul. Henryka Sienkiewicza, Wrocław",1970,miejskie,5000,do zamieszkania,74,2026-02-10
2026-02-07 23:02,PL/UA Księcia Witolda | Apartament z klimatyzacją | Od Zaraz | Centrum,2599,https://www.otodom.pl/pl/oferta/pl-ua-ksiecia-witolda-apartament-z-klimatyzacja-od-zaraz-centrum-ID4zVkA,,851,5,1,"ul. Księcia Witolda, Wrocław",brak,miejskie,3500,do zamieszkania,35,2026-02-10
2026-02-07 23:02,2pokoje | Promenady Wrocławskie | Do wynajęci,2790,https://www.otodom.pl/pl/oferta/2pokoje-promenady-wroclawskie-do-wynajeci-ID4zVib,,630,5,2,"ul. Zakładowa, Wrocław",brak,miejskie,brak,do zamieszkania,39.6,2026-02-10
2026-02-07 23:02,"Nowe mieszkanie dwupokojowe, Różanka, Wrocław",2800,https://www.otodom.pl/pl/oferta/nowe-mieszkanie-dwupokojowe-rozanka-wroclaw-ID4lwuQ,,650,4,2,Wrocław,2022,miejskie,4000,do zamieszkania,41,2026-02-10
2026-02-07 23:02,2 pokoje / Angel River / Mp / balkon / Gym&Spa,3400,https://www.otodom.pl/pl/oferta/2-pokoje-angel-river-mp-balkon-gym-spa-ID4zVn0,,0,4,2,"ul. Walońska, Wrocław",2019,brak,brak,brak,42.24,2026-02-10
2026-02-07 23:03,Kawalerka w centrum Wrocławia,2490,https://www.otodom.pl/pl/oferta/kawalerka-w-centrum-wroclawia-ID4zVhf,,170,2,1,"ul. Komuny Paryskiej, Wrocław",1890,miejskie,2490,do zamieszkania,27,2026-02-10
2026-02-07 23:03,Nowa kawalerka na Krzykach - ul. Dożynkowa,3000,https://www.otodom.pl/pl/oferta/nowa-kawalerka-na-krzykach-ul-dozynkowa-ID4zrTt,,600,1,2,"ul. Dożynkowa, Wrocław",2025,miejskie,4000,do zamieszkania,29.1,2026-02-10
2026-02-07 23:03,"Wilczyce, 4 pokojowe w zab. szeregowej",4500,https://www.otodom.pl/pl/oferta/wilczyce-4-pokojowe-w-zab-szeregowej-ID4zVfD,,250,1,4,"Urocza, Wrocław",2012,gazowe,5000,brak,115,2026-02-10
2026-02-07 23:03,Nowe mieszkanie na wynajem Wrocław ul. Legnicka - bez pośredników,4000,https://www.otodom.pl/pl/oferta/nowe-mieszkanie-na-wynajem-wroclaw-ul-legnicka-bez-posrednikow-ID4wIy0,,800,10,2,"ul. Legnicka, Wrocław",2024,miejskie,4200,do zamieszkania,40.59,2026-02-10
2026-02-07 23:04,3 pokojowe mieszkanie loftowe - ul. Młynarska,3700,https://www.otodom.pl/pl/oferta/3-pokojowe-mieszkanie-loftowe-ul-mlynarska-ID4zFhZ,,650,1,3,"ul. Młynarska, Wrocław",2023,miejskie,brak,do zamieszkania,57.36,2026-02-10
2026-02-07 23:04,"3pok.| garaż | balkon | klima | szkoła WIS | Krzyki, ul. Racławicka 87",4800,https://www.otodom.pl/hpr/pl/oferta/3pok-garaz-balkon-klima-szkola-wis-krzyki-ul-raclawicka-87-ID4zR1W,,1019,1,3,"ul. Racławicka, Wrocław",2012,miejskie,6000,do zamieszkania,64.46,2026-02-10
2026-02-07 23:04,"LEGNICKA, 33 m2, 2 pokoje, PIXEL HOUSE, przy C.H. MAGNOLIA",2700,https://www.otodom.pl/pl/oferta/legnicka-33-m2-2-pokoje-pixel-house-przy-c-h-magnolia-ID4zVdO,,604,3,2,"ul. Legnicka, Wrocław",2022,miejskie,3300,do zamieszkania,33,2026-02-10
2026-02-07 23:04,44m²|Świetna lokalizacja|Ciche|Kamienica|Dla pary,2650,https://www.otodom.pl/pl/oferta/44m-swietna-lokalizacja-ciche-kamienica-dla-pary-ID4zG0U,,750,2,2,"ul. Pomorska, Wrocław",brak,gazowe,brak,do zamieszkania,44,2026-02-10
2026-02-07 23:05,2 osobne pokoje z balkonem | ul. Grabiszyńska,2600,https://www.otodom.pl/pl/oferta/2-osobne-pokoje-z-balkonem-ul-grabiszynska-ID4zFoH,,900,1,2,"ul. Grabiszyńska, Wrocław",2020,miejskie,3500,do zamieszkania,42,2026-02-10
2026-02-07 23:05,Luks 3 Pok - Centrum - Parking – Od Zaraz,5600,https://www.otodom.pl/pl/oferta/luks-3-pok-centrum-parking-od-zaraz-ID4zVcb,,1230,3,3,Wrocław,2017,miejskie,brak,brak,63,2026-02-10
2026-02-07 23:05,"3-pokojowe mieszkanie, Olimpia Port",3100,https://www.otodom.pl/pl/oferta/3-pokojowe-mieszkanie-olimpia-port-ID4zEhK,,750,3,3,"ul. Ferdynanda Magellana, Wrocław",2020,miejskie,brak,do zamieszkania,54,2026-02-10
2026-02-07 23:05,"Wynajem WYŁĄCZNIE dla firmy, vat 23%",4000,https://www.otodom.pl/pl/oferta/wynajem-wylacznie-dla-firmy-vat-23-ID4rFwf,,950,3,3,Wrocław,2023,miejskie,4000,do zamieszkania,58.2,2026-02-10
2026-02-07 23:06,Kawalerka WROCŁAW ŚLICZNA 1900 zł + rachunki,1900,https://www.otodom.pl/pl/oferta/kawalerka-wroclaw-sliczna-1900-zl-rachunki-ID4lAvh,,0,6,1,"ul. Śliczna, Wrocław",brak,miejskie,3000,brak,24,2026-02-10
2026-02-07 23:06,Kawalerka wysoki standard balkon Legnicka 33,2300,https://www.otodom.pl/pl/oferta/kawalerka-wysoki-standard-balkon-legnicka-33-ID4woOG,,550,5,1,"ul. Legnicka, Wrocław",2020,miejskie,2300,do zamieszkania,20,2026-02-10
2026-02-07 23:06,"3 pok, 65m2, dwa balkony, klima,miejsce park.",5000,https://www.otodom.pl/pl/oferta/3-pok-65m2-dwa-balkony-klima-miejsce-park-ID4zvaG,,1000,5,3,"ul. Przyjaźni, Wrocław",2020,miejskie,6000,brak,65,2026-02-10
2026-02-07 23:06,Ulica Magellana ! Pełen Rozkład ! Super Wyposażone Umeblowane Okazja !,2800,https://www.otodom.pl/pl/oferta/ulica-magellana-pelen-rozklad-super-wyposazone-umeblowane-okazja-ID4zLkd,,0,2,2,"ul. Ferdynanda Magellana, Wrocław",brak,miejskie,brak,do zamieszkania,46,2026-02-10
2026-02-07 23:06,The Upper House-basen | concierge |Spa&Gym + taras,4000,https://www.otodom.pl/pl/oferta/the-upper-house-basen-concierge-spa-gym-taras-ID4zVbk,,0,6,2,"ul. Walońska, Wrocław",2025,miejskie,brak,do zamieszkania,40,2026-02-10
2026-02-07 23:07,Świetna lokalizacja✮MP✮3-pok✮Balkon✮ENG,3300,https://www.otodom.pl/pl/oferta/swietna-lokalizacjamp3-pokbalkoneng-ID4zVaX,,900,9,3,"ul. Kamienna, Wrocław",2021,miejskie,4500,do zamieszkania,55,2026-02-10
2026-02-07 23:07,NOWOCZESNA KAWALERKA | PIERWSZY NAJEM | BALKON | WINDA,2500,https://www.otodom.pl/pl/oferta/nowoczesna-kawalerka-pierwszy-najem-balkon-winda-ID4zVa6,,350,3,1,"ul. Międzyleska, Wrocław",2024,miejskie,2500,do zamieszkania,26,2026-02-10
2026-02-07 23:08,Mieszkanie 2-pokojowe na Fabrycznej we Wrocławiu do WYNAJĘCIA,2900,https://www.otodom.pl/pl/oferta/mieszkanie-2-pokojowe-na-fabrycznej-we-wroclawiu-do-wynajecia-ID4zV3m,,750,3,2,"ul. Legnicka, Wrocław",2017,miejskie,brak,do zamieszkania,50,2026-02-10
2026-02-07 23:08,Rozkładowe 2 pokoje z balkonem -Plac Grunwaldzki,3000,https://www.otodom.pl/pl/oferta/rozkladowe-2-pokoje-z-balkonem-plac-grunwaldzki-ID4zV3d,,0,5,2,"ul. Benedykta Polaka, Wrocław",2018,miejskie,brak,do zamieszkania,42,2026-02-10
2026-02-07 23:08,"Nowy budynek, bukwar, rzeka. HIT!",4199,https://www.otodom.pl/pl/oferta/nowy-budynek-bukwar-rzeka-hit-ID4xDUE,,719,1,2,"ul. Księcia Witolda, Wrocław",brak,brak,5000,do zamieszkania,45.19,2026-02-10
2026-02-07 23:08,"apartament z widokiem na rzekę, wysoki standard",4300,https://www.otodom.pl/pl/oferta/apartament-z-widokiem-na-rzeke-wysoki-standard-ID4zV4k,,750,2,2,Wrocław,2020,miejskie,5000,brak,56,2026-02-10
2026-02-07 23:08,2 pokoje z osobną kuchnią ✩ Zoo ✩ na 6 miesięcy,2500,https://www.otodom.pl/pl/oferta/2-pokoje-z-osobna-kuchnia-zoo-na-6-miesiecy-ID4zV5I,,750,1,2,"ul. Antoniego Wiwulskiego, Wrocław",brak,miejskie,3500,to_completion,53,2026-02-10
2026-02-07 23:08,Kawalerka z miejscem parkingowym Jeździecka Krzyki,2000,https://www.otodom.pl/pl/oferta/kawalerka-z-miejscem-parkingowym-jezdziecka-krzyki-ID4vOUP,,800,5,1,Wrocław,brak,brak,2800,do zamieszkania,27,2026-02-10
2026-02-07 23:09,Luksusowe_3_pokoje_z_balkonem_klimatyzowane_garaż_spokojna_okolica,4400,https://www.otodom.pl/pl/oferta/luksusowe-3-pokoje-z-balkonem-klimatyzowane-garaz-spokojna-okolica-ID4zSFL,,850,1,3,"ul. Brylantowa, Wrocław",2018,electrical,9000,do zamieszkania,85,2026-02-10
2026-02-07 23:09,Bulwary Książęce |64 m²|3 Pokoje|Klimatyzacja|Mp,4700,https://www.otodom.pl/pl/oferta/bulwary-ksiazece-64-m-3-pokoje-klimatyzacja-mp-ID4zV2l,,900,brak,3,Wrocław,brak,brak,brak,brak,64,2026-02-10
2026-02-07 23:09,3 pokoje | Promenady Wrocławskie | ul. Zakładowa,4000,https://www.otodom.pl/pl/oferta/3-pokoje-promenady-wroclawskie-ul-zakladowa-ID4vuyf,,1000,2,3,"ul. Zakładowa, Wrocław",2012,miejskie,5000,do zamieszkania,65,2026-02-10
2026-02-07 23:09,Dwupoziomowe 83 m² z tarasem 20 m² | Brochów | Aquapark 3 min,4000,https://www.otodom.pl/pl/oferta/dwupoziomowe-83-m-z-tarasem-20-m-brochow-aquapark-3-min-ID4zO7m,,1165,2,3,Wrocław,2021,kotłownia,5165,do zamieszkania,83,2026-02-10
2026-02-07 23:10,4-pokojowe mieszkanie z balkonem: Bystrzycka 10 min od Magnolia Park,3800,https://www.otodom.pl/pl/oferta/4-pokojowe-mieszkanie-z-balkonem-bystrzycka-10-min-od-magnolia-park-ID4zWZn,,1195,0,4,"ul. Bystrzycka, Wrocław",brak,miejskie,4995,do zamieszkania,63,2026-02-10
2026-02-07 23:10,Pierwszy najem | Zamieszkaj w nowym mieszkaniu,2300,https://www.otodom.pl/pl/oferta/pierwszy-najem-zamieszkaj-w-nowym-mieszkaniu-ID4zWZu,,450,1,2,"ul. Blizanowicka, Wrocław",2025,miejskie,0,do zamieszkania,34.1,2026-02-10
2026-02-07 23:10,"Wyjątkowe miejsce w centrum miasta, Lofty, Taras",6000,https://www.otodom.pl/pl/oferta/wyjatkowe-miejsce-w-centrum-miasta-lofty-taras-ID4zGt4,,1600,5,4,"ul. Inowrocławska, Wrocław",2012,miejskie,brak,do zamieszkania,104,2026-02-10
2026-02-07 23:10,Nowa kawalerka| Wynajem| Fabryczna| Od zaraz,1800,https://www.otodom.pl/pl/oferta/nowa-kawalerka-wynajem-fabryczna-od-zaraz-ID4zV1n,,350,1,1,"ul. Fabryczna, Wrocław",2022,miejskie,2500,do zamieszkania,17,2026-02-10
2026-02-07 23:11,"LEGNICKA, 33 m2, 2 pokoje, PIXEL HOUSE, przy C.H. MAGNOLIA",2700,https://www.otodom.pl/hpr/pl/oferta/legnicka-33-m2-2-pokoje-pixel-house-przy-c-h-magnolia-ID4zVdO,,604,3,2,"ul. Legnicka, Wrocław",2022,miejskie,3300,do zamieszkania,33,2026-02-10
2026-02-07 23:11,"2 pokoje z ogródkiem + miejsce postojowe, JAGODNO",3300,https://www.otodom.pl/pl/oferta/2-pokoje-z-ogrodkiem-miejsce-postojowe-jagodno-ID4zWY8,,930,0,2,"Adama Kopycińskiego, Wrocław",2021,kotłownia,3800,do zamieszkania,41.6,2026-02-10
2026-02-07 23:11,ul. Nożownicza _ 2 pok _balkon _m. post. _od zaraz,3000,https://www.otodom.pl/pl/oferta/ul-nozownicza-2-pok-balkon-m-post-od-zaraz-ID4zWXH,,705,3,2,"ul. Nożownicza, Wrocław",1978,miejskie,4000,do zamieszkania,45,2026-02-10
2026-02-07 23:11,3-pokojowe mieszkanie z dużym ogródkiem na Partynicach – bez prowizji,4450,https://www.otodom.pl/pl/oferta/3-pokojowe-mieszkanie-z-duzym-ogrodkiem-na-partynicach-bez-prowizji-ID4zWV4,,1365,0,3,"ul. Kawalerzystów, Wrocław",brak,miejskie,5815,do zamieszkania,74,2026-02-10
2026-02-07 23:12,"3-pok, mieszkanie przy ul. Kiełbaśniczej / English",3800,https://www.otodom.pl/pl/oferta/3-pok-mieszkanie-przy-ul-kielbasniczej-english-ID4mGWY,,1200,2,3,"ul. Kiełbaśnicza, Wrocław",1930,miejskie,4000,do zamieszkania,83,2026-02-10
2026-02-07 23:12,3-pokojowe mieszkanie przy ul. Szewskiej / English,3500,https://www.otodom.pl/pl/oferta/3-pokojowe-mieszkanie-przy-ul-szewskiej-english-ID4i1hP,,1200,2,3,"ul. Szewska, Wrocław",1913,miejskie,4000,do zamieszkania,78.8,2026-02-10
2026-02-07 23:12,"Mieszkanie 2 pokoje, Maślice ul. Królewiecka",2400,https://www.otodom.pl/pl/oferta/mieszkanie-2-pokoje-maslice-ul-krolewiecka-ID36ure,,630,1,2,Wrocław,2005,kotłownia,2400,do zamieszkania,49.1,2026-02-10
2026-02-07 23:13,Przestronne 4-pokojowe mieszkanie przy ul. Podwale / English,4000,https://www.otodom.pl/pl/oferta/przestronne-4-pokojowe-mieszkanie-przy-ul-podwale-english-ID4jAcD,,2000,4,4,Wrocław,1955,miejskie,5000,do zamieszkania,108,2026-02-10
2026-02-07 23:13,Piękne słoneczne mieszkanie w centrum + Erasmus,5400,https://www.otodom.pl/pl/oferta/piekne-sloneczne-mieszkanie-w-centrum-erasmus-ID4uCHC,,150,1,4,"pl. Nowy Targ, Wrocław",brak,miejskie,5400,do zamieszkania,55,2026-02-10
2026-02-07 23:13,Duża kawalerka 35 m2 z osobną kuchnią,2350,https://www.otodom.pl/pl/oferta/duza-kawalerka-35-m2-z-osobna-kuchnia-ID4pQH9,,750,3,1,"ul. Altanowa, Wrocław",brak,miejskie,3000,do zamieszkania,35,2026-02-10
2026-02-07 23:13,"Hit 2 pokoje, ogródek, parking, paczkomat",2600,https://www.otodom.pl/pl/oferta/hit-2-pokoje-ogrodek-parking-paczkomat-ID4z0hj,,900,0,2,"ul. Gerberowa, Wrocław",brak,gazowe,4000,brak,56,2026-02-10
2026-02-07 23:14,Mieszkanie 2 pokoje na wynajem,2200,https://www.otodom.pl/pl/oferta/mieszkanie-2-pokoje-na-wynajem-ID4jGRD,,0,4,2,"ul. Sycowska, Wrocław",1970,miejskie,2000,do zamieszkania,42,2026-02-10
2026-02-07 23:14,2 pokoje | osobna kuchnia | Parking | 45m2,2500,https://www.otodom.pl/pl/oferta/2-pokoje-osobna-kuchnia-parking-45m2-ID4zWQS,,600,0,2,"ul. Bernarda Pretficza, Wrocław",1930,miejskie,3000,do zamieszkania,45,2026-02-10
2026-02-07 23:14,Stylowe 2 pok mieszkanie | Balkon | Parking,2750,https://www.otodom.pl/pl/oferta/stylowe-2-pok-mieszkanie-balkon-parking-ID4zWQ8,,0,10,2,"ul. Legnicka, Wrocław",2020,miejskie,brak,do zamieszkania,41,2026-02-10
2026-02-07 23:14,"Nowa przytulna, ekskluzywna kawalerka do wynajęcia - pierwszy najem",2000,https://www.otodom.pl/pl/oferta/nowa-przytulna-ekskluzywna-kawalerka-do-wynajecia-pierwszy-najem-ID4zUcB,,600,1,1,"al. gen. Józefa Hallera, Wrocław",2025,miejskie,3000,do zamieszkania,20,2026-02-10
2026-02-07 23:15,Dwupokojowe mieszkanie z balkonem w zielonej  Klecinie.,2750,https://www.otodom.pl/pl/oferta/dwupokojowe-mieszkanie-z-balkonem-w-zielonej-klecinie-ID4zWLY,,510,2,2,"ul. Łanowa, Wrocław",2017,kotłownia,3000,do zamieszkania,55,2026-02-10
2026-02-07 23:15,"Wrocław, Różanka 3-pokojowe mieszkanie",3350,https://www.otodom.pl/pl/oferta/wroclaw-rozanka-3-pokojowe-mieszkanie-ID4sgWX,,800,3,3,Wrocław,2009,miejskie,6000,do zamieszkania,61,2026-02-10
2026-02-07 23:15,"Mieszkanie, 37 m², Wrocław",2000,https://www.otodom.pl/pl/oferta/mieszkanie-37-m-wroclaw-ID4zWOX,,0,3,2,"ul. Królowej Marysieńki, Wrocław",brak,miejskie,brak,do zamieszkania,37,2026-02-10
2026-02-07 23:16,"Mieszkanie 1 pok. pełne wyposażenie Rynek, róg Więzienna",2790,https://www.otodom.pl/pl/oferta/mieszkanie-1-pok-pelne-wyposazenie-rynek-rog-wiezienna-ID4ygf5,,349,3,1,"rynek Rynek, Wrocław",1900,miejskie,2700,do zamieszkania,23,2026-02-10
2026-02-07 23:16,2- pokojowe mieszkanie| PLAC GRUNWALDZKI| PIASTOWSKA,2700,https://www.otodom.pl/pl/oferta/2-pokojowe-mieszkanie-plac-grunwaldzki-piastowska-ID4l1Is,,800,2,2,"ul. Piastowska, Wrocław",1970,gazowe,3000,do zamieszkania,49,2026-02-10
2026-02-07 23:16,Zatorska | 2 pok | Balkon | Parking,2300,https://www.otodom.pl/pl/oferta/zatorska-2-pok-balkon-parking-ID4zWHM,,650,4,2,"ul. Zatorska, Wrocław",2015,miejskie,2900,do zamieszkania,33,2026-02-10
2026-02-07 23:16,Bardzo duże | Dwupoziomowe | Taras | Garderoba | Lotnisko | Graniczna,4550,https://www.otodom.pl/pl/oferta/bardzo-duze-dwupoziomowe-taras-garderoba-lotnisko-graniczna-ID4zK57,,1200,4,4,"ul. Graniczna, Wrocław",2017,miejskie,6300,do zamieszkania,80,2026-02-10
2026-02-07 23:16,Przestronne 3-pokojowe mieszkanie z balkonem,3300,https://www.otodom.pl/pl/oferta/przestronne-3-pokojowe-mieszkanie-z-balkonem-ID4zWLw,,700,1,3,"ul. Smardzowska, Wrocław",2017,miejskie,brak,do zamieszkania,72,2026-02-10
2026-02-07 23:16,Wynajmę 2 pokojowe mieszkanie,2600,https://www.otodom.pl/pl/oferta/wynajme-2-pokojowe-mieszkanie-ID4zEX9,,600,3,2,"ul. Skarbowców, Wrocław",2000,miejskie,2500,do zamieszkania,50,2026-02-10
2026-02-07 23:17,"Apartament Kurkowa 14, 2 sypialnie+salon+taras",3800,https://www.otodom.pl/pl/oferta/apartament-kurkowa-14-2-sypialnie-salon-taras-ID4zWFW,,1280,5,3,"ul. Kurkowa, Wrocław",2016,miejskie,brak,do zamieszkania,64,2026-02-10
2026-02-07 23:17,Mieszkanie 3 pokoje z balkonem i dwoma miejscami postojowymi,4000,https://www.otodom.pl/pl/oferta/mieszkanie-3-pokoje-z-balkonem-i-dwoma-miejscami-postojowymi-ID4z9p4,,1300,5,3,"ul. Braniborska, Wrocław",2023,miejskie,5000,do zamieszkania,55.3,2026-02-10
2026-02-07 23:17,Piękny apartament nad Odrą | 2-pok | sauna | komórka lok | 24h ochrona,3600,https://www.otodom.pl/pl/oferta/piekny-apartament-nad-odra-2-pok-sauna-komorka-lok-24h-ochrona-ID4xf53,,600,2,2,"ul. Staromłyńska, Wrocław",2021,brak,3600,brak,35,2026-02-10
2026-02-07 23:17,"Willowe, 35m2, z tarasem , ogródkiem",1400,https://www.otodom.pl/hpr/pl/oferta/willowe-35m2-z-tarasem-ogrodkiem-ID4zWYI,,700,0,1,"ul. Wacława Berenta, Wrocław",1930,gazowe,1400,brak,35,2026-02-10
2026-02-07 23:18,Nowoczesne 3-pokojowe mieszkanie z balkonem i garażem podziemnym,6200,https://www.otodom.pl/pl/oferta/nowoczesne-3-pokojowe-mieszkanie-z-balkonem-i-garazem-podziemnym-ID4qm3b,,1000,5,3,"ul. Gwiaździsta, Wrocław",2019,brak,7000,do zamieszkania,77.14,2026-02-10
2026-02-07 23:18,Pełne wyposażenie | Blisko rynku,2200,https://www.otodom.pl/pl/oferta/pelne-wyposazenie-blisko-rynku-ID4uqGA,,400,0,1,Wrocław,1960,miejskie,2500,do zamieszkania,20,2026-02-10
2026-02-07 23:18,Psie Pole_2 pokoje_48m2_oddzielna kuchnia_balkon,2900,https://www.otodom.pl/pl/oferta/psie-pole-2-pokoje-48m2-oddzielna-kuchnia-balkon-ID4zWDK,,770,2,2,"ul. Miłostowska, Wrocław",brak,miejskie,3500,do zamieszkania,48.58,2026-02-10
2026-02-07 23:19,"ok. Ogrodu Botanicznego, mieszkanie 2 pokojowe, rozkładowe.",2500,https://www.otodom.pl/pl/oferta/ok-ogrodu-botanicznego-mieszkanie-2-pokojowe-rozkladowe-ID4znSj,,900,9,2,"ul. kard. Stefana Wyszyńskiego, Wrocław",brak,miejskie,7000,do zamieszkania,47,2026-02-10
2026-02-07 23:19,APARTAMENTMENT w kamienicy z widokiem na Ratusz,3500,https://www.otodom.pl/pl/oferta/apartamentment-w-kamienicy-z-widokiem-na-ratusz-ID4zgQt,,1000,1,2,"rynek Rynek, Wrocław",brak,miejskie,9500,do zamieszkania,60,2026-02-10
2026-02-07 23:19,Park za oknem – komfortowe 2 pokoje z garażem,3200,https://www.otodom.pl/pl/oferta/park-za-oknem-komfortowe-2-pokoje-z-garazem-ID4zWvF,,900,1,2,"ul. Antoniego Wiwulskiego, Wrocław",2013,miejskie,3200,do zamieszkania,54,2026-02-10
2026-02-07 23:19,2 pok | ROZKŁAD | 45m2 | ul. Popowicka 36 | Balkon plus piwnica,2750,https://www.otodom.pl/pl/oferta/2-pok-rozklad-45m2-ul-popowicka-36-balkon-plus-piwnica-ID4zWvL,,750,4,2,"ul. Popowicka, Wrocław",brak,miejskie,3000,do zamieszkania,45,2026-02-10
2026-02-07 23:20,2 pokoje / Michalczyka / Bezpośrednio,2800,https://www.otodom.pl/pl/oferta/2-pokoje-michalczyka-bezposrednio-ID4zWcI,,900,1,2,"ul. Kazimierza Michalczyka, Wrocław",brak,miejskie,3700,do zamieszkania,38,2026-02-10
2026-02-07 23:20,"Nowe 1-pokojowe mieszkanie z balkonem – pierwszy najem, od właściciela",2500,https://www.otodom.pl/pl/oferta/nowe-1-pokojowe-mieszkanie-z-balkonem-pierwszy-najem-od-wlasciciela-ID4zWsl,,0,1,1,"ul. Międzyleska, Wrocław",2025,brak,3000,do zamieszkania,25.74,2026-02-10
2026-02-07 23:20,"Jasne mieszkanie, kolo parku, 64m2 + wielki balkon",3350,https://www.otodom.pl/pl/oferta/jasne-mieszkanie-kolo-parku-64m2-wielki-balkon-ID4zNQS,,770,2,2,"ul. Marszowicka, Wrocław",2016,kotłownia,5500,do zamieszkania,64,2026-02-10
2026-02-07 23:20,81 m2 Kępa Mieszczańska ciche i spokojne,6000,https://www.otodom.pl/pl/oferta/81-m2-kepa-mieszczanska-ciche-i-spokojne-ID4zWtr,,1400,1,4,"ul. Mieszczańska, Wrocław",2018,miejskie,6500,do zamieszkania,81.5,2026-02-10
2026-02-07 23:20,Dom w Śródmieściu Wrocławia ul. Promień,4500,https://www.otodom.pl/pl/oferta/dom-w-srodmiesciu-wroclawia-ul-promien-ID4zWtk,,0,brak,5,"ul. Promień, Wrocław",1970,brak,brak,brak,130,2026-02-10
2026-02-07 23:21,2 pokoje / Borowska / Bez prowizji,2500,https://www.otodom.pl/pl/oferta/2-pokoje-borowska-bez-prowizji-ID4zWeg,,850,3,2,"ul. Borowska, Wrocław",brak,gazowe,3350,do zamieszkania,40,2026-02-10
2026-02-07 23:21,2 pokoje / Strzegomska / BEZPOŚREDNIO,2700,https://www.otodom.pl/pl/oferta/2-pokoje-strzegomska-bezposrednio-ID4zWfG,,1100,5,2,"ul. Strzegomska, Wrocław",brak,miejskie,4000,do zamieszkania,52,2026-02-10
2026-02-07 23:21,2 pokoje / Drabika / Bez prowizji,2900,https://www.otodom.pl/pl/oferta/2-pokoje-drabika-bez-prowizji-ID4zWg4,,850,2,2,Wrocław,brak,miejskie,3750,do zamieszkania,42,2026-02-10
2026-02-07 23:21,Standard Lux/3 pokoje/garaż/Jesionowa/klimatyzacja,4700,https://www.otodom.pl/pl/oferta/standard-lux-3-pokoje-garaz-jesionowa-klimatyzacja-ID4zWqF,,687,4,3,"ul. Jesionowa, Wrocław",2017,miejskie,10000,do zamieszkania,68.95,2026-02-10
2026-02-07 23:22,Nowa kawalerka przy ul. Iwaszkiewicza z antresolą,2600,https://www.otodom.pl/pl/oferta/nowa-kawalerka-przy-ul-iwaszkiewicza-z-antresola-ID4x0td,,400,2,1,"ul. Jarosława Iwaszkiewicza, Wrocław",2023,miejskie,3000,do zamieszkania,33,2026-02-10
2026-02-07 23:23,Do wynajęcia pokój 18m2.ul.Lwowska.,1300,https://www.otodom.pl/pl/oferta/do-wynajecia-pokoj-18m2-ul-lwowska-ID4mPYJ,,380,4,2,"ul. Lwowska, Wrocław",brak,gazowe,2100,do zamieszkania,18,2026-02-10
2026-02-07 23:23,Ogrody Hallera 2 pokoje BEZPOŚREDNIO,3000,https://www.otodom.pl/pl/oferta/ogrody-hallera-2-pokoje-bezposrednio-ID4zWiJ,,850,2,2,"al. gen. Józefa Hallera, Wrocław",2018,gazowe,3000,do zamieszkania,44,2026-02-10
2026-02-07 23:23,3 pokoje z osobną kuchnią w super lokalizacji,3650,https://www.otodom.pl/pl/oferta/3-pokoje-z-osobna-kuchnia-w-super-lokalizacji-ID4zWko,,950,10,3,"ul. Popowicka, Wrocław",brak,miejskie,5000,do zamieszkania,58,2026-02-10
2026-02-07 23:23,Apartament 2-pok.| Balkon | Parking| Magellana,2900,https://www.otodom.pl/pl/oferta/apartament-2-pok-balkon-parking-magellana-ID4yTg1,,950,2,2,"ul. Ferdynanda Magellana, Wrocław",2018,miejskie,4200,brak,45,2026-02-10
2026-02-07 23:24,"3pok, Rynek,2 bedr flat/pet firendly/Erasmus",3300,https://www.otodom.pl/pl/oferta/3pok-rynek-2-bedr-flat-pet-firendly-erasmus-ID4zNN1,,1200,3,3,"ul. Nożownicza, Wrocław",1895,miejskie,4500,do zamieszkania,62,2026-02-10
2026-02-07 23:24,ATRAKCYJNA I KAWALERKA 28m I CENTRUM I,2300,https://www.otodom.pl/pl/oferta/atrakcyjna-i-kawalerka-28m-i-centrum-i-ID4zWha,,400,2,1,Wrocław,2012,miejskie,2300,do zamieszkania,28,2026-02-10
2026-02-07 23:24,Luksusowe_4_pokoje_z_tarasem_klimatyzacja_komórka_lokatorkska_garaż,4950,https://www.otodom.pl/pl/oferta/luksusowe-4-pokoje-z-tarasem-klimatyzacja-komorka-lokatorkska-garaz-ID4zWgs,,1050,2,4,"ul. Sarnia, Wrocław",2021,gazowe,12000,do zamieszkania,95,2026-02-10
2026-02-07 23:24,Nowoczesne 3-pokojowe mieszkanie z balkonem i garażem podziemnym,6200,https://www.otodom.pl/hpr/pl/oferta/nowoczesne-3-pokojowe-mieszkanie-z-balkonem-i-garazem-podziemnym-ID4qm3b,,1000,5,3,"ul. Gwiaździsta, Wrocław",2019,brak,7000,do zamieszkania,77.14,2026-02-10
2026-02-07 23:24,"Mieszkanie, 45 m², Wrocław",3200,https://www.otodom.pl/pl/oferta/mieszkanie-45-m-wroclaw-ID4zWim,,0,8,2,"ul. Legnicka, Wrocław",2021,miejskie,brak,brak,45,2026-02-10
2026-02-07 23:25,Nowy apartament przy rzece | 3 pokoje | Księcia Witolda,5200,https://www.otodom.pl/pl/oferta/nowy-apartament-przy-rzece-3-pokoje-ksiecia-witolda-ID4zW9b,,1250,4,3,"ul. Księcia Witolda, Wrocław",brak,brak,5200,brak,65,2026-02-10
2026-02-07 23:25,Kawalerka / Wyszyńskiego / BEZPOŚREDNIO,1900,https://www.otodom.pl/pl/oferta/kawalerka-wyszynskiego-bezposrednio-ID4zPqA,,800,3,1,"ul. kard. Stefana Wyszyńskiego, Wrocław",brak,gazowe,2700,do zamieszkania,35,2026-02-10
2026-02-07 23:25,Studio Smart 17m2/Pet friendly,1700,https://www.otodom.pl/pl/oferta/studio-smart-17m2-pet-friendly-ID4yrOL,,650,brak,1,"ul. Buforowa, Wrocław",2022,miejskie,2600,do zamieszkania,17,2026-02-10
2026-02-07 23:25,Mieszkanie dwupokojowe 40m2 / jeden miesiąc za darmo!!,2600,https://www.otodom.pl/pl/oferta/mieszkanie-dwupokojowe-40m2-jeden-miesiac-za-darmo-ID4ynWk,,700,2,2,"ul. Buforowa, Wrocław",2022,miejskie,3800,do zamieszkania,40,2026-02-10
2026-02-07 23:25,Widne Studio 27m2 |  Pet Frendly | Voucher 1000 zł!,2200,https://www.otodom.pl/pl/oferta/widne-studio-27m2-pet-frendly-voucher-1000-zl-ID4yEh2,,500,brak,1,"ul. Buforowa, Wrocław",2022,miejskie,3000,do zamieszkania,27,2026-02-10
2026-02-07 23:25,3 pokoje / Klimasa / Bezpośrednio,2650,https://www.otodom.pl/pl/oferta/3-pokoje-klimasa-bezposrednio-ID4zPqh,,1200,2,3,"ul. ks. Czesława Klimasa, Wrocław",brak,miejskie,3850,do zamieszkania,63,2026-02-10
2026-02-07 23:26,Apartament M3 l Taras 65m2 l Miejsce Postojowe,6300,https://www.otodom.pl/pl/oferta/apartament-m3-l-taras-65m2-l-miejsce-postojowe-ID4zQjM,,0,7,3,"ul. Mieszczańska, Wrocław",2020,brak,0,do zamieszkania,72,2026-02-10
2026-02-07 23:26,Apartament 2-pok.balkon |premium kamienica XIX| bez prowizji|long-stay,2890,https://www.otodom.pl/pl/oferta/apartament-2-pok-balkon-premium-kamienica-xix-bez-prowizji-long-stay-ID4zQdC,,690,3,2,"ul. Komandorska, Wrocław",1897,gazowe,3000,do zamieszkania,35,2026-02-10
2026-02-07 23:26,2-pokojowe mieszkanie z ogródkiem i miejscem w garażu podziemnym,3400,https://www.otodom.pl/pl/oferta/2-pokojowe-mieszkanie-z-ogrodkiem-i-miejscem-w-garazu-podziemnym-ID4zQ4K,,800,0,2,"ul. Stanisława Kunickiego, Wrocław",2022,brak,6000,do zamieszkania,51,2026-02-10
2026-02-07 23:26,"Do wynajęcia, 2 pokoje, ogrzewanie miejskie, centrum, bez prowizji!",2300,https://www.otodom.pl/pl/oferta/do-wynajecia-2-pokoje-ogrzewanie-miejskie-centrum-bez-prowizji-ID4zPSG,,538,8,2,"ul. Grabiszyńska, Wrocław",brak,miejskie,3300,brak,32,2026-02-10
2026-02-07 23:27,Mieszkanie 5-pok | Dwupoziomowe | Taras | Muchobór,6500,https://www.otodom.pl/pl/oferta/mieszkanie-5-pok-dwupoziomowe-taras-muchobor-ID4xtND,,1550,2,5,"ul. Stanisławowska, Wrocław",2018,miejskie,14000,brak,126,2026-02-10
2026-02-07 23:27,Śliczne 2 pokojowe z balkonem!,2900,https://www.otodom.pl/pl/oferta/sliczne-2-pokojowe-z-balkonem-ID4zPIn,,520,4,2,"ul. ks. Czesława Klimasa, Wrocław",2012,brak,4000,do zamieszkania,41,2026-02-10
2026-02-07 23:27,Pets Friendly★Ogródek★Taras★Parking,3500,https://www.otodom.pl/pl/oferta/pets-friendlyogrodektarasparking-ID4zPQo,,550,0,2,Wrocław,2024,miejskie,0,do zamieszkania,40,2026-02-10
2026-02-07 23:27,★Apartament nad Rzeką Blisko Centrum★,3000,https://www.otodom.pl/pl/oferta/apartament-nad-rzeka-blisko-centrum-ID4zPQp,,750,7,2,Wrocław,2023,miejskie,0,do zamieszkania,44,2026-02-10
2026-02-07 23:27,"2pok. rozkład, Horbaczewskiego / Legnicka - parking, Internet w cenie!",2100,https://www.otodom.pl/pl/oferta/2pok-rozklad-horbaczewskiego-legnicka-parking-internet-w-cenie-ID4zPFv,,650,4,2,"ul. Stefana Drzewieckiego, Wrocław",1970,miejskie,3000,do zamieszkania,40,2026-02-10
2026-02-07 23:28,4-pok apartament w sercu Wrocławia pl. Jana Pawła,9000,https://www.otodom.pl/pl/oferta/4-pok-apartament-w-sercu-wroclawia-pl-jana-pawla-ID4zPzq,,1300,4,4,"pl. Jana Pawła II, Wrocław",brak,miejskie,9000,brak,73,2026-02-10
2026-02-07 23:28,Przytulne rozkładowe ogrzewanie miejskie blisko Skarbowców,3900,https://www.otodom.pl/pl/oferta/przytulne-rozkladowe-ogrzewanie-miejskie-blisko-skarbowcow-ID4zRjq,,770,2,4,"ul. Skarbowców, Wrocław",2000,miejskie,5000,do zamieszkania,83,2026-02-10
2026-02-07 23:28,Nowoczesne mieszkanie 28m² z balkonem,2700,https://www.otodom.pl/pl/oferta/nowoczesne-mieszkanie-28m-z-balkonem-ID4zidp,,600,4,1,"ul. Podwale, Wrocław",2015,miejskie,2900,do zamieszkania,28,2026-02-10
2026-02-07 23:28,2-pokojowe mieszkanie PO REMONCIE - miejsce postojowe w cenie!,3000,https://www.otodom.pl/pl/oferta/2-pokojowe-mieszkanie-po-remoncie-miejsce-postojowe-w-cenie-ID4zW46,,900,0,2,"ul. Zwycięska, Wrocław",brak,brak,4000,do zamieszkania,50,2026-02-10
2026-02-07 23:29,"Wrocław, Stare Miasto, Księcia Witolda, od",3200,https://www.otodom.pl/pl/oferta/wroclaw-stare-miasto-ksiecia-witolda-od-ID4zGvH,,0,2,2,"ul. Wrocław, Stare Miasto, Księcia Witolda, Wrocław",2022,brak,5000,brak,46.28,2026-02-10
2026-02-07 23:29,PIERWSZY NAJEM! UNIKATOWA LOKALIZACJA Z TARASEM WYCHODZĄCYM NA PARK!,3700,https://www.otodom.pl/pl/oferta/pierwszy-najem-unikatowa-lokalizacja-z-tarasem-wychodzacym-na-park-ID4zW0A,,820,0,2,"ul. Białowieska, Wrocław",2025,miejskie,5000,do zamieszkania,42,2026-02-10
2026-02-07 23:29,"Mieszkanie 2 pok. Taras, Klimatyzacja, Miejsce postojowe",2950,https://www.otodom.pl/pl/oferta/mieszkanie-2-pok-taras-klimatyzacja-miejsce-postojowe-ID4kSdf,,470,4,2,Wrocław,2022,miejskie,2950,do zamieszkania,38,2026-02-10
2026-02-07 23:29,Osobne Pokoje Osobna Kuchnia Dwustronne Dobra Lokalizacja Balkon,2600,https://www.otodom.pl/pl/oferta/osobne-pokoje-osobna-kuchnia-dwustronne-dobra-lokalizacja-balkon-ID4zW1O,,700,2,2,"ul. Łódzka, Wrocław",brak,miejskie,3000,do zamieszkania,51,2026-02-10
2026-02-07 23:29,Nowoczesne 4-pokojowe mieszkanie z balkonem,5600,https://www.otodom.pl/pl/oferta/nowoczesne-4-pokojowe-mieszkanie-z-balkonem-ID4zr9h,,1200,7,4,"ul. Miedziana, Wrocław",2022,miejskie,5600,do zamieszkania,92,2026-02-10
2026-02-07 23:29,Mieszkanie z tarasem i miejscem postojowym,5500,https://www.otodom.pl/pl/oferta/mieszkanie-z-tarasem-i-miejscem-postojowym-ID4zW0I,,1050,1,3,"ul. Obrońców Poczty Gdańskiej, Wrocław",brak,kotłownia,11000,do zamieszkania,83,2026-02-10
2026-02-07 23:30,W pobliżu Dworca Świebodzkiego I Ścisłe centrum I Bezpośrednio,3028,https://www.otodom.pl/pl/oferta/w-poblizu-dworca-swiebodzkiego-i-scisle-centrum-i-bezposrednio-ID4yuf5,,460,6,3,"ul. Kolejowa, Wrocław",2024,miejskie,6055,do zamieszkania,62,2026-02-10
2026-02-07 23:30,"Kawalerka, osobna kuchnia, Muchobór ul. Gagarina",2450,https://www.otodom.pl/pl/oferta/kawalerka-osobna-kuchnia-muchobor-ul-gagarina-ID45fnY,,560,2,1,Wrocław,2019,kotłownia,3000,do zamieszkania,29,2026-02-10
2026-02-07 23:30,"Wysoki standard, zieleń i cisza | 3 pokoje z tarasem blisko centrum",3800,https://www.otodom.pl/pl/oferta/wysoki-standard-zielen-i-cisza-3-pokoje-z-tarasem-blisko-centrum-ID4y4k8,,850,0,3,"ul. Srebrnogórska, Wrocław",2010,miejskie,4500,do zamieszkania,65.5,2026-02-10
2026-02-07 23:30,"Wynajmę mieszkanie dwupokojowe, wysoki standard",3600,https://www.otodom.pl/pl/oferta/wynajme-mieszkanie-dwupokojowe-wysoki-standard-ID4p0J0,,670,0,2,Wrocław,2020,miejskie,3600,do zamieszkania,45,2026-02-10
2026-02-07 23:30,"PL/RU/ENG Dwupokojowe|Parking,Komórka|Pets Friendly",2899,https://www.otodom.pl/pl/oferta/pl-ru-eng-dwupokojowe-parking-komorka-pets-friendly-ID4zUYk,,600,3,2,Wrocław,brak,miejskie,3500,brak,41,2026-02-10
2026-02-07 23:31,2 pokoje | Powstańców Śląskich | winda | od zaraz,2400,https://www.otodom.pl/pl/oferta/2-pokoje-powstancow-slaskich-winda-od-zaraz-ID4zUXr,,0,2,2,Wrocław,brak,miejskie,brak,brak,40,2026-02-10
2026-02-07 23:31,Dwupokojowe mieszkanie JAGODNO Drabika,2650,https://www.otodom.pl/pl/oferta/dwupokojowe-mieszkanie-jagodno-drabika-ID4lWUZ,,600,1,2,Wrocław,2023,miejskie,4000,do zamieszkania,37,2026-02-10
2026-02-07 23:31,Widne Studio 27m2 |  Pet Frendly | Voucher 1000 zł!,2200,https://www.otodom.pl/hpr/pl/oferta/widne-studio-27m2-pet-frendly-voucher-1000-zl-ID4yEh2,,500,brak,1,"ul. Buforowa, Wrocław",2022,miejskie,3000,do zamieszkania,27,2026-02-10
2026-02-07 23:32,Super mieszkanie w CENTRUM - wszystko w cenie !!!,2750,https://www.otodom.pl/pl/oferta/super-mieszkanie-w-centrum-wszystko-w-cenie-ID4te3n,,0,brak,1,Wrocław,brak,miejskie,2750,do zamieszkania,30,2026-02-10
2026-02-07 23:32,"PL/RU/ENG Dwupokojowe|Spa,Siłownia|Parking x2|Centrum",4000,https://www.otodom.pl/pl/oferta/pl-ru-eng-dwupokojowe-spa-silownia-parking-x2-centrum-ID4zUUZ,,1400,1,2,"ul. Walońska, Wrocław",brak,miejskie,6000,brak,57,2026-02-10
2026-02-07 23:32,miedzy parkami,2900,https://www.otodom.pl/pl/oferta/miedzy-parkami-ID4uDG6,,590,2,2,"ul. Łanowa, Wrocław",2017,kotłownia,3000,do zamieszkania,54,2026-02-10
2026-02-07 23:32,2-pokojowe mieszkanie Pl. Powstańców Śląskich,2100,https://www.otodom.pl/pl/oferta/2-pokojowe-mieszkanie-pl-powstancow-slaskich-ID4zUVF,,700,3,2,"pl. Powstańców Śląskich, Wrocław",2008,miejskie,2800,do zamieszkania,46,2026-02-10
2026-02-07 23:32,Mieszkanie przy Magnolii - Dorzecze Legnickiej ul. Małopanewska,1700,https://www.otodom.pl/pl/oferta/mieszkanie-przy-magnolii-dorzecze-legnickiej-ul-malopanewska-ID4zUVa,,400,3,1,"ul. Małopanewska, Wrocław",2018,miejskie,2100,do zamieszkania,30,2026-02-10
2026-02-07 23:33,"Muchobór Wielki, 2 pokoje, klimatyzacja",3000,https://www.otodom.pl/pl/oferta/muchobor-wielki-2-pokoje-klimatyzacja-ID4vVNa,,570,4,2,"ul. Graniczna, Wrocław",2015,miejskie,3500,do zamieszkania,49,2026-02-10
2026-02-07 23:33,"Apartament z garażem Stare Miasto, klimatyzacja",2700,https://www.otodom.pl/pl/oferta/apartament-z-garazem-stare-miasto-klimatyzacja-ID4zUTk,,700,2,2,Wrocław,2025,brak,4000,do zamieszkania,30,2026-02-10
2026-02-07 23:33,Nowoczesne 2-pokojowe mieszkanie z balkonem,2500,https://www.otodom.pl/pl/oferta/nowoczesne-2-pokojowe-mieszkanie-z-balkonem-ID4zUQg,,500,3,2,Wrocław,2013,miejskie,5400,do zamieszkania,49,2026-02-10
2026-02-07 23:33,"3 pokojowy Apartament ""Ogrody Graua""",4200,https://www.otodom.pl/pl/oferta/3-pokojowy-apartament-ogrody-graua-ID4bKAq,,800,1,3,"ul. Gdańska, Wrocław",2020,miejskie,5000,do zamieszkania,57,2026-02-10
2026-02-07 23:34,"Apartament, Port Popowice, Parking, Taras",3700,https://www.otodom.pl/pl/oferta/apartament-port-popowice-parking-taras-ID4hu0p,,800,7,2,"ul. Białowieska, Wrocław",2021,miejskie,6000,do zamieszkania,51,2026-02-10
2026-02-07 23:34,Luksusowe mieszkanie / 3 pokoje / klimatyzacja / g,5000,https://www.otodom.pl/pl/oferta/luksusowe-mieszkanie-3-pokoje-klimatyzacja-g-ID4jygi,,1000,5,3,Wrocław,brak,miejskie,6000,do zamieszkania,65,2026-02-10
2026-02-07 23:34,"Kawalerka, 33m2, Wrocław, Bajana 21, Gądów Mały",2100,https://www.otodom.pl/pl/oferta/kawalerka-33m2-wroclaw-bajana-21-gadow-maly-ID4nZO2,,595,3,1,Wrocław,2001,miejskie,2000,do zamieszkania,33,2026-02-10
2026-02-07 23:34,2 pokoje I  top lokalizacja I idealne dla pary,2800,https://www.otodom.pl/pl/oferta/2-pokoje-i-top-lokalizacja-i-idealne-dla-pary-ID4zJKk,,650,3,2,Wrocław,2018,miejskie,0,do zamieszkania,38,2026-02-10
2026-02-07 23:35,Apartament /40m2 / 2pokoje/ Klimatyz./ Duzy balkon,2750,https://www.otodom.pl/pl/oferta/apartament-40m2-2pokoje-klimatyz-duzy-balkon-ID4jUoh,,600,10,2,Wrocław,2021,miejskie,brak,do zamieszkania,40,2026-02-10
2026-02-07 23:35,"Samodzielne skromne  mieszkanie, najlepiej dla dwóch studentek !",1700,https://www.otodom.pl/pl/oferta/samodzielne-skromne-mieszkanie-najlepiej-dla-dwoch-studentek-ID4y9Qw,,0,1,2,"ul. Księcia Józefa Poniatowskiego, Wrocław",1910,gazowe,1000,do zamieszkania,57,2026-02-10
2026-02-07 23:35,2 pokoje I Rozkład I Idealne dla pary I Powstańców,2500,https://www.otodom.pl/pl/oferta/2-pokoje-i-rozklad-i-idealne-dla-pary-i-powstancow-ID4zJKl,,800,4,2,Wrocław,1950,brak,0,do zamieszkania,51,2026-02-10
2026-02-07 23:36,Okazja! Wolne Zaraz,2700,https://www.otodom.pl/pl/oferta/okazja-wolne-zaraz-ID4zy95,,800,1,2,Wrocław,brak,brak,0,brak,49.5,2026-02-10
2026-02-07 23:36,Kawalerka/Centrum/27m2/balkon,2250,https://www.otodom.pl/pl/oferta/kawalerka-centrum-27m2-balkon-ID4zUKr,,0,1,1,"ul. Pochyła, Wrocław",2009,brak,0,do zamieszkania,27,2026-02-10
2026-02-07 23:36,"2pokoje ul.Międzyleska, os di Trevi, bezpośrednio",2700,https://www.otodom.pl/pl/oferta/2pokoje-ul-miedzyleska-os-di-trevi-bezposrednio-ID4r4Ik,,550,4,2,"ul. Międzyleska, Wrocław",2016,miejskie,3350,do zamieszkania,34,2026-02-10
2026-02-07 23:36,Kawalerka cicha w świetnej lokalizacji,2100,https://www.otodom.pl/pl/oferta/kawalerka-cicha-w-swietnej-lokalizacji-ID4zUGH,,450,2,1,Wrocław,2020,miejskie,2500,do zamieszkania,20,2026-02-10
2026-02-07 23:36,Przepiękne mieszkanie przy Ostrowie Tumskim,2900,https://www.otodom.pl/pl/oferta/przepiekne-mieszkanie-przy-ostrowie-tumskim-ID4nXlj,,600,1,2,Wrocław,2016,inne,3500,do zamieszkania,42,2026-02-10
2026-02-07 23:36,"Wrocław centrum, apartament, widok na Odrę",5200,https://www.otodom.pl/pl/oferta/wroclaw-centrum-apartament-widok-na-odre-ID4zClQ,,1450,3,2,"ul. Księcia Witolda, Wrocław",2015,miejskie,7000,do zamieszkania,61,2026-02-10
2026-02-07 23:37,Komfortowe mieszkanie 50mkw Wrocław Gaj ul Kłodzka,3200,https://www.otodom.pl/pl/oferta/komfortowe-mieszkanie-50mkw-wroclaw-gaj-ul-klodzka-ID4zUG0,,530,1,2,"ul. Kłodzka, Wrocław",2010,miejskie,6000,do zamieszkania,50,2026-02-10
2026-02-07 23:37,2 Pokojowy apartament z miejscem postojowym,3700,https://www.otodom.pl/pl/oferta/2-pokojowy-apartament-z-miejscem-postojowym-ID4wDZO,,960,1,2,"ul. Tęczowa, Wrocław",2021,miejskie,5000,do zamieszkania,55,2026-02-10
2026-02-07 23:37,PL/UA Mieszkanie 3 p. | Klima | Pets Friendly |Parking 10 min do rynku,2900,https://www.otodom.pl/pl/oferta/pl-ua-mieszkanie-3-p-klima-pets-friendly-parking-10-min-do-rynku-ID4zUFd,,1100,4,3,"ul. Inowrocławska, Wrocław",brak,miejskie,4000,do zamieszkania,65,2026-02-10
2026-02-07 23:37,2 POKOJE | WROCŁAW KLECINA | 50 m² | BALKON | GARAŻ PODZIEMNY,2400,https://www.otodom.pl/hpr/pl/oferta/2-pokoje-wroclaw-klecina-50-m-balkon-garaz-podziemny-ID4zMpD,,700,2,2,"ul. Wałbrzyska, Wrocław",2018,miejskie,brak,brak,50,2026-02-10
2026-02-07 23:37,Przytulne 2 pokoje z tarasem/winda/rowerownia,2800,https://www.otodom.pl/pl/oferta/przytulne-2-pokoje-z-tarasem-winda-rowerownia-ID4zfAh,,400,4,2,"ul. Piękna, Wrocław",2022,miejskie,0,do zamieszkania,32,2026-02-10
2026-02-07 23:38,2-pokojowe mieszkanie na os. DiTrevi – komfortowe 40m2 garaż podziemny,2900,https://www.otodom.pl/pl/oferta/2-pokojowe-mieszkanie-na-os-ditrevi-komfortowe-40m2-garaz-podziemny-ID4zUDn,,600,2,2,Wrocław,brak,miejskie,3500,do zamieszkania,40,2026-02-10
2026-02-07 23:38,"Słoneczna, klimatyzowana kawalerka przy ul. Inżynierskiej/fat",2250,https://www.otodom.pl/pl/oferta/sloneczna-klimatyzowana-kawalerka-przy-ul-inzynierskiej-fat-ID4iqO2,,450,0,1,"ul. Inżynierska, Wrocław",brak,miejskie,2250,do zamieszkania,28,2026-02-10
2026-02-07 23:38,2-pok | Balkon | Garaż | Rozkład | ul. Na Grobli,2500,https://www.otodom.pl/pl/oferta/2-pok-balkon-garaz-rozklad-ul-na-grobli-ID4zLA3,,870,3,2,"ul. Na Grobli, Wrocław",brak,miejskie,3300,do zamieszkania,42,2026-02-10
2026-02-07 23:38,"0% prowizji. Studenci, para, rodzina. Widok na fontannę ul. Rynek 53",1900,https://www.otodom.pl/pl/oferta/0-prowizji-studenci-para-rodzina-widok-na-fontanne-ul-rynek-53-ID4x3hj,,550,3,1,"rynek Rynek, Wrocław",brak,miejskie,2650,do zamieszkania,30,2026-02-10
2026-02-07 23:38,M 76m2 3pok 4000 zł ul.Hallera Borek Grabiszyn,4000,https://www.otodom.pl/pl/oferta/m-76m2-3pok-4000-zl-ul-hallera-borek-grabiszyn-ID4nVF1,,0,3,3,"al. gen. Józefa Hallera, Wrocław",2010,miejskie,brak,brak,76,2026-02-10
2026-02-07 23:39,"Ładne mieszkanie w cichej okolicy, 3 pokoje blisko Ronda Powstańców",3000,https://www.otodom.pl/pl/oferta/ladne-mieszkanie-w-cichej-okolicy-3-pokoje-blisko-ronda-powstancow-ID4zUCK,,790,2,3,"ul. Jantarowa, Wrocław",brak,miejskie,3000,do zamieszkania,53,2026-02-10
2026-02-07 23:39,2-pok|Wysoki Standard| Ogródek| Tęczowa,3200,https://www.otodom.pl/pl/oferta/2-pok-wysoki-standard-ogrodek-teczowa-ID4zPl9,,1200,0,2,"ul. Tęczowa, Wrocław",2012,miejskie,4400,do zamieszkania,54,2026-02-10
2026-02-07 23:39,⭐50m2-2 oddzielne pok- Tramwaj-Piwnica- Centrum⭐,2400,https://www.otodom.pl/pl/oferta/50m2-2-oddzielne-pok-tramwaj-piwnica-centrum-ID4zuld,,891,1,2,"ul. Grabiszyńska, Wrocław",1960,miejskie,3200,brak,51,2026-02-10
2026-02-07 23:39,DO WYNAJĘCIA 2 POKOJOWE MIESZKANIE Z KLIMATYZACJĄ,2700,https://www.otodom.pl/pl/oferta/do-wynajecia-2-pokojowe-mieszkanie-z-klimatyzacja-ID4zPfq,,725,4,2,"ul. Strońska, Wrocław",2004,miejskie,2700,brak,44,2026-02-10
2026-02-07 23:39,Nowoczesny apartament na Bernardyńskiej,3600,https://www.otodom.pl/pl/oferta/nowoczesny-apartament-na-bernardynskiej-ID4xt1y,,730,1,2,"ul. Bernardyńska, Wrocław",2025,miejskie,brak,do zamieszkania,35,2026-02-10
2026-02-07 23:40,Designerski apartament na Bernardyńskiej,3600,https://www.otodom.pl/pl/oferta/designerski-apartament-na-bernardynskiej-ID4xt09,,750,1,2,"ul. Bernardyńska, Wrocław",2025,miejskie,brak,do zamieszkania,35,2026-02-10
2026-02-07 23:40,Przytulny apartament na Bernardyńskiej,3000,https://www.otodom.pl/pl/oferta/przytulny-apartament-na-bernardynskiej-ID4xsYY,,560,1,2,"ul. Bernardyńska, Wrocław",2025,miejskie,brak,do zamieszkania,31,2026-02-10
2026-02-07 23:40,2 pok. z tarasem i m. post./ klimatyzacja,3300,https://www.otodom.pl/pl/oferta/2-pok-z-tarasem-i-m-post-klimatyzacja-ID4zP5u,,500,2,2,"ul. Na Polance, Wrocław",2015,miejskie,brak,do zamieszkania,46,2026-02-10
2026-02-07 23:40,Stylowe studio na Bernardyńskiej,3000,https://www.otodom.pl/pl/oferta/stylowe-studio-na-bernardynskiej-ID4xsRA,,560,1,2,"ul. Bernardyńska, Wrocław",2025,miejskie,brak,do zamieszkania,31,2026-02-10
2026-02-07 23:40,"3-pokoje, Lokum Verde, 48m2, parking",3200,https://www.otodom.pl/pl/oferta/3-pokoje-lokum-verde-48m2-parking-ID4zP1q,,800,2,3,"ul. Odolanowska, Wrocław",2024,miejskie,4000,do zamieszkania,48,2026-02-10
2026-02-07 23:40,PRZYTULNA KAWALERKA NAD ODRĄ | INTERNET W CENIE | PARKING,2300,https://www.otodom.pl/pl/oferta/przytulna-kawalerka-nad-odra-internet-w-cenie-parking-ID4zOY5,,500,5,1,"ul. Jana Długosza, Wrocław",brak,miejskie,3000,do zamieszkania,28,2026-02-10
2026-02-07 23:40,Elegancki apartament niedaleko Rynku - Lokum Vena,3950,https://www.otodom.pl/pl/oferta/elegancki-apartament-niedaleko-rynku-lokum-vena-ID4uLxB,,800,2,3,Wrocław,brak,brak,6000,do zamieszkania,46.51,2026-02-10
2026-02-07 23:41,2-pok|Loggia 25m2|Duże przeszklenia|Klima|Centrum|Rynek|Legnicka,3500,https://www.otodom.pl/pl/oferta/2-pok-loggia-25m2-duze-przeszklenia-klima-centrum-rynek-legnicka-ID4prXH,,450,4,2,"ul. Braniborska, Wrocław",2023,miejskie,5000,do zamieszkania,48,2026-02-10
2026-02-07 23:41,2-pokojowe mieszkanie z klimatyzacją i balkonem,2700,https://www.otodom.pl/pl/oferta/2-pokojowe-mieszkanie-z-klimatyzacja-i-balkonem-ID4qIty,,875,2,2,Wrocław,2023,miejskie,3000,do zamieszkania,39,2026-02-10
2026-02-07 23:41,"Wysokie, w pełni wyposażone, przytulne dwa pokoje, Oporów, Chachaja",2600,https://www.otodom.pl/pl/oferta/wysokie-w-pelni-wyposazone-przytulne-dwa-pokoje-oporow-chachaja-ID4zUAA,,600,3,2,"ul. Jordanowska, Wrocław",2021,miejskie,3000,do zamieszkania,40,2026-02-10
2026-02-07 23:41,"Nowe 3-pok mieszkanie z balkonem, 1-szy najem, Międzyleska Tarnogaj",3250,https://www.otodom.pl/pl/oferta/nowe-3-pok-mieszkanie-z-balkonem-1-szy-najem-miedzyleska-tarnogaj-ID4zUB5,,790,1,3,"ul. Międzyleska, Wrocław",2025,gazowe,3250,do zamieszkania,51.5,2026-02-10
2026-02-07 23:41,ul. Barycka | 67 m² | 2 balkony | klimatyzacja | wysoki standard,5000,https://www.otodom.pl/pl/oferta/ul-barycka-67-m-2-balkony-klimatyzacja-wysoki-standard-ID4zUyp,,0,1,3,"ul. Barycka, Wrocław",brak,miejskie,brak,do zamieszkania,67,2026-02-10
2026-02-07 23:42,Kawalerka z sypialnią – nowa z 2024 roku,2500,https://www.otodom.pl/pl/oferta/kawalerka-z-sypialnia-nowa-z-2024-roku-ID4pQFC,,500,1,1,"ul. Grabiszyńska, Wrocław",2024,miejskie,2500,do zamieszkania,30,2026-02-10
2026-02-07 23:42,Nowoczesne mieszkanie 52m2 | Czartoryskiego Wrocław | 3 pokoje | klima,3000,https://www.otodom.pl/pl/oferta/nowoczesne-mieszkanie-52m2-czartoryskiego-wroclaw-3-pokoje-klima-ID4kABQ,,552,1,3,"ul. Adama Jerzego Czartoryskiego, Wrocław",2022,miejskie,3600,do zamieszkania,52,2026-02-10
2026-02-07 23:42,"Wrocław, przytulna KAWALERKA, widok na Stare Miasto, 3 min. od Rynku",2400,https://www.otodom.pl/pl/oferta/wroclaw-przytulna-kawalerka-widok-na-stare-miasto-3-min-od-rynku-ID4zUwA,,450,4,1,"ul. Nowy Świat, Wrocław",1968,miejskie,2400,do zamieszkania,25,2026-02-10
2026-02-07 23:42,2 pok. | wysoki standard | balkon | garaż | komórk,3000,https://www.otodom.pl/pl/oferta/2-pok-wysoki-standard-balkon-garaz-komork-ID4zUu3,,0,3,2,"ul. Ludwika Idzikowskiego, Wrocław",2015,miejskie,brak,do zamieszkania,43,2026-02-10
2026-02-07 23:42,"Wrocław, kawalerka z balkonem,  garażem i komórką",2100,https://www.otodom.pl/pl/oferta/wroclaw-kawalerka-z-balkonem-garazem-i-komorka-ID4zUt9,,621,2,1,"ul. Kamienna, Wrocław",2008,miejskie,3000,do zamieszkania,29,2026-02-10
2026-02-07 23:43,Klimatyczne 2 pokoje blisko parku,2800,https://www.otodom.pl/pl/oferta/klimatyczne-2-pokoje-blisko-parku-ID4zM1C,,950,1,2,"ul. Jerzego Bajana, Wrocław",1980,miejskie,2600,do zamieszkania,50,2026-02-10
2026-02-07 23:43,Przestronne mieszkanie - Park Grabiszyński (bez pośredników),4000,https://www.otodom.pl/pl/oferta/przestronne-mieszkanie-park-grabiszynski-bez-posrednikow-ID49lrj,,0,0,3,"ul. Blacharska, Wrocław",2010,miejskie,8000,do zamieszkania,68,2026-02-10
2026-02-07 23:43,Ekstra kawalerka/Wyższy standard/Krzyki-Gwiaździst,2800,https://www.otodom.pl/pl/oferta/ekstra-kawalerka-wyzszy-standard-krzyki-gwiazdzist-ID475xm,,0,7,1,Wrocław,2019,miejskie,brak,do zamieszkania,35,2026-02-10
2026-02-07 23:43,Wyjątkowy 2 poziomowy loft pl.Teatralny na 1 m-c,3500,https://www.otodom.pl/pl/oferta/wyjatkowy-2-poziomowy-loft-pl-teatralny-na-1-m-c-ID4k9Xa,,0,4,2,Wrocław,1936,miejskie,brak,do zamieszkania,48,2026-02-10
2026-02-07 23:43,"Przestronne mieszkanie przy Haukego Bosaka, klima, blisko Angel Wings",5000,https://www.otodom.pl/pl/oferta/przestronne-mieszkanie-przy-haukego-bosaka-klima-blisko-angel-wings-ID4zUrY,,800,4,3,Wrocław,2023,miejskie,brak,do zamieszkania,66,2026-02-10
2026-02-07 23:44,Słoneczne 2 pokoje obok Magnolia Park,2500,https://www.otodom.pl/pl/oferta/sloneczne-2-pokoje-obok-magnolia-park-ID4zOlI,,720,5,2,"ul. Niedźwiedzia, Wrocław",1970,miejskie,2500,do zamieszkania,32.7,2026-02-10
2026-02-07 23:44,82 m² | antresola | balkon | Zielona Podkowa,3800,https://www.otodom.pl/pl/oferta/82-m-antresola-balkon-zielona-podkowa-ID4zUpI,,0,brak,3,"ul. Rymarska, Wrocław",brak,brak,brak,brak,82,2026-02-10
2026-02-07 23:44,"0% prowizji. Studenci, para, rodzina. Widok na fontannę ul. Rynek 53",1900,https://www.otodom.pl/hpr/pl/oferta/0-prowizji-studenci-para-rodzina-widok-na-fontanne-ul-rynek-53-ID4x3hj,,550,3,1,"rynek Rynek, Wrocław",brak,miejskie,2650,do zamieszkania,30,2026-02-10
2026-02-07 23:44,Mieszkanie do wynajęcia 42m2 2 pokoje. Wyposażone.,2700,https://www.otodom.pl/pl/oferta/mieszkanie-do-wynajecia-42m2-2-pokoje-wyposazone-ID4nIN6,,800,1,2,Wrocław,2019,kotłownia,4000,do zamieszkania,42,2026-02-10
2026-02-07 23:44,Mieszkanie do wynajęcia od zaraz dwupokojowe Gaj,2400,https://www.otodom.pl/pl/oferta/mieszkanie-do-wynajecia-od-zaraz-dwupokojowe-gaj-ID4zUmW,,845,2,2,"ul. Czerniawska, Wrocław",2012,miejskie,2400,do zamieszkania,45,2026-02-10
2026-02-07 23:45,Wyjątkowe mieszkanie w Centrum,2750,https://www.otodom.pl/pl/oferta/wyjatkowe-mieszkanie-w-centrum-ID4zuZb,,850,6,2,"ul. Komuny Paryskiej, Wrocław",2017,kotłownia,3000,do zamieszkania,51,2026-02-10
2026-02-07 23:45,Piękne mieszkanie do wynajęcia!,5200,https://www.otodom.pl/pl/oferta/piekne-mieszkanie-do-wynajecia-ID4ymAW,,1000,4,3,"ul. Racławicka, Wrocław",brak,miejskie,6500,do zamieszkania,69,2026-02-10
2026-02-07 23:45,Premium Apartament 48 m² |Ogrody Grabiszyńske |Klimatyzacja | Garaż,3900,https://www.otodom.pl/pl/oferta/premium-apartament-48-m-ogrody-grabiszynske-klimatyzacja-garaz-ID4zoGn,,750,7,2,"al. gen. Józefa Hallera, Wrocław",2025,miejskie,5000,do zamieszkania,48,2026-02-10
2026-02-07 23:45,Kawalerka lub lokal usługowy świeżo po generalnym remoncie,1700,https://www.otodom.pl/pl/oferta/kawalerka-lub-lokal-uslugowy-swiezo-po-generalnym-remoncie-ID4zUm8,,0,0,1,"ul. Gimnazjalna, Wrocław",brak,gazowe,2200,do zamieszkania,25.5,2026-02-10
2026-02-07 23:45,Przestronna kawalerka 37m2,2000,https://www.otodom.pl/pl/oferta/przestronna-kawalerka-37m2-ID4d4rs,,620,5,1,"ul. Poleska, Wrocław",2001,miejskie,3000,do zamieszkania,37,2026-02-10
2026-02-07 23:45,"mieszkanie 41m2 luksusowe, klima garaż",3000,https://www.otodom.pl/pl/oferta/mieszkanie-41m2-luksusowe-klima-garaz-ID4mwxc,,770,3,2,Wrocław,2022,miejskie,5000,do zamieszkania,41,2026-02-10
2026-02-07 23:46,Kępa Mieszczańska 2 pokoje duży balkon,2800,https://www.otodom.pl/pl/oferta/kepa-mieszczanska-2-pokoje-duzy-balkon-ID4zUkJ,,450,5,2,"ul. Mieszczańska, Wrocław",2020,miejskie,2800,do zamieszkania,32,2026-02-10
2026-02-07 23:46,Nowoczesna kawalerka w centrum miasta,2200,https://www.otodom.pl/pl/oferta/nowoczesna-kawalerka-w-centrum-miasta-ID4zN9G,,700,1,1,"ul. Dyrekcyjna, Wrocław",brak,miejskie,4350,do zamieszkania,17.42,2026-02-10
2026-02-07 23:46,Nowoczesne 2 pokoje mieszkanie z  dużym balkonem Promenady Wrocławskie,2850,https://www.otodom.pl/pl/oferta/nowoczesne-2-pokoje-mieszkanie-z-duzym-balkonem-promenady-wroclawskie-ID4zUkF,,700,1,2,Wrocław,2018,miejskie,3000,do zamieszkania,47,2026-02-10
2026-02-07 23:46,"2pokoje, 50m, 8pietro - super widok",2300,https://www.otodom.pl/pl/oferta/2pokoje-50m-8pietro-super-widok-ID49wA3,,900,8,2,"ul. Poleska, Wrocław",2006,miejskie,2400,do zamieszkania,50,2026-02-10
2026-02-07 23:46,Komfortowy apartament | Centrum Wrocławia,3100,https://www.otodom.pl/pl/oferta/komfortowy-apartament-centrum-wroclawia-ID4zhf9,,3100,4,2,"pl. Tadeusza Kościuszki, Wrocław",2018,miejskie,5300,do zamieszkania,42.85,2026-02-10
2026-02-07 23:46,Mikroapartament - możliwość wynajmu na dowolny okres,2000,https://www.otodom.pl/pl/oferta/mikroapartament-mozliwosc-wynajmu-na-dowolny-okres-ID4zEYQ,,550,6,1,"wyb. Ludwika Pasteura, Wrocław",brak,miejskie,3825,brak,11.7,2026-02-10
2026-02-07 23:47,"3 osobne pokoje , 68 m2 po remoncie!",3000,https://www.otodom.pl/pl/oferta/3-osobne-pokoje-68-m2-po-remoncie-ID3PoOU,,1000,3,3,"ul. Szwedzka, Wrocław",2002,miejskie,4000,do zamieszkania,68,2026-02-10
2026-02-07 23:47,"Nowoczesne  2p Przedmieście Oławskie , Ul. Walońska 9, bez prowizji",3400,https://www.otodom.pl/pl/oferta/nowoczesne-2p-przedmiescie-olawskie-ul-walonska-9-bez-prowizji-ID4zIPO,,1100,6,2,"ul. Walońska, Wrocław",2019,miejskie,5000,do zamieszkania,53,2026-02-10
2026-02-07 23:47,Wynajmę 3 pokojowe mieszkanie,3800,https://www.otodom.pl/pl/oferta/wynajme-3-pokojowe-mieszkanie-ID4uHS0,,1000,0,3,Wrocław,2012,miejskie,3800,do zamieszkania,67,2026-02-10
2026-02-07 23:47,Ulica Magellana ! Pełen Rozkład ! Super Wyposażone Umeblowane Okazja !,2800,https://www.otodom.pl/pl/oferta/ulica-magellana-pelen-rozklad-super-wyposazone-umeblowane-okazja-ID4zUgS,,0,2,2,Wrocław,brak,miejskie,brak,do zamieszkania,46,2026-02-10
2026-02-07 23:47,"Wrocław/Fabryczna/okolice Portu Lotniczego, 32 m2, balkon, mp",2400,https://www.otodom.pl/pl/oferta/wroclaw-fabryczna-okolice-portu-lotniczego-32-m2-balkon-mp-ID4zvss,,700,3,1,"ul. Władysława Zarembowicza, Wrocław",2023,electrical,3000,do zamieszkania,32,2026-02-10
2026-02-07 23:47,Wysoki standard mieszkanie 2 pokojowe ! Rynek ( Uniwersytet ),2900,https://www.otodom.pl/pl/oferta/wysoki-standard-mieszkanie-2-pokojowe-rynek-uniwersytet-ID4ypF9,,600,4,2,"ul. Kuźnicza, Wrocław",1975,miejskie,3500,do zamieszkania,40,2026-02-10
2026-02-07 23:47,Komfortowe mieszkanie w willi I Kasprowicza 16,2800,https://www.otodom.pl/pl/oferta/komfortowe-mieszkanie-w-willi-i-kasprowicza-16-ID4yuZy,,470,1,2,"al. Jana Kasprowicza, Wrocław",1910,gazowe,5000,do zamieszkania,36,2026-02-10
2026-02-07 23:48,"Mieszkanie ul. Dworcowa - Centrum Idealne dla Firm, Grup, Rodzin",3600,https://www.otodom.pl/pl/oferta/mieszkanie-ul-dworcowa-centrum-idealne-dla-firm-grup-rodzin-ID4zOKl,,1000,1,3,"ul. Dworcowa, Wrocław",brak,miejskie,brak,do zamieszkania,71,2026-02-10
2026-02-07 23:48,komfortowe 3 pokoje - centrum - blisko zieleni - PL/EN/UE,3400,https://www.otodom.pl/pl/oferta/komfortowe-3-pokoje-centrum-blisko-zieleni-pl-en-ue-ID4zUfl,,850,5,3,"ul. Mikołaja Reja, Wrocław",2008,miejskie,4000,do zamieszkania,57,2026-02-10
2026-02-07 23:48,PL  UA  RU | 3 pokoje | 70 m | Browary | Widok panoramiczny | od zaraz,5200,https://www.otodom.pl/pl/oferta/pl-ua-ru-3-pokoje-70-m-browary-widok-panoramiczny-od-zaraz-ID4zUfm,,900,10,3,"ul. Jedności Narodowej, Wrocław",brak,miejskie,5200,do zamieszkania,71,2026-02-10
2026-02-07 23:48,Wrocław-Krzyki-Klecina - Apartment for rent + balcony.,2300,https://www.otodom.pl/pl/oferta/wroclaw-krzyki-klecina-apartment-for-rent-balcony-ID4zxf8,,0,3,2,Wrocław,2017,miejskie,2500,do zamieszkania,40,2026-02-10
2026-02-07 23:48,Pierwszy najem/2 pokoje/balkon/garaż/komórka,2600,https://www.otodom.pl/pl/oferta/pierwszy-najem-2-pokoje-balkon-garaz-komorka-ID4zmqV,,0,1,2,"ul. Ramiszowska, Wrocław",2023,miejskie,2600,brak,37,2026-02-10
2026-02-07 23:49,"Nowoczesne, umeblowane 3 pokoje + garaż podziemny",4000,https://www.otodom.pl/pl/oferta/nowoczesne-umeblowane-3-pokoje-garaz-podziemny-ID4z8Tv,,800,6,3,"ul. Chorwacka, Wrocław",2019,inne,brak,do zamieszkania,68,2026-02-10
2026-02-07 23:49,Wrocław-Krzyki | 66 m² | Taras,2800,https://www.otodom.pl/pl/oferta/wroclaw-krzyki-66-m-taras-ID4zF8o,,3000,1,3,"ul. Krzycka, Wrocław",2007,brak,5200,brak,66,2026-02-10
2026-02-07 23:49,Kawalerka z antresolą w centrum Wrocławia,2000,https://www.otodom.pl/pl/oferta/kawalerka-z-antresola-w-centrum-wroclawia-ID4ztq2,,255,1,1,"ul. Łąkowa, Wrocław",1960,electrical,2000,brak,20,2026-02-10
2026-02-07 23:49,"2 pokoje NOWE, wysoki standard, umeblowane, KLIMA",3600,https://www.otodom.pl/pl/oferta/2-pokoje-nowe-wysoki-standard-umeblowane-klima-ID4mcT0,,380,6,2,Wrocław,2021,gazowe,4000,do zamieszkania,41,2026-02-10
2026-02-07 23:49,"Apartament ul. Księcia Witolda, 3 pokoje, taras, garaż",6900,https://www.otodom.pl/pl/oferta/apartament-ul-ksiecia-witolda-3-pokoje-taras-garaz-ID4zn3z,,950,4,3,"ul. Księcia Witolda, Wrocław",brak,miejskie,10000,do zamieszkania,67,2026-02-10
2026-02-07 23:50,OD ZARAZ | PetsFriendly | BALKON | Olimpia Port | Parking za szlabanem,3100,https://www.otodom.pl/pl/oferta/od-zaraz-petsfriendly-balkon-olimpia-port-parking-za-szlabanem-ID4zOQA,,700,2,3,"ul. Chałupnicza, Wrocław",brak,miejskie,3100,do zamieszkania,50,2026-02-10
2026-02-07 23:50,"StareMiasto/KępaMieszczańska,2pok,balkon,4p,wyposażone,garaż,winda2025",2900,https://www.otodom.pl/pl/oferta/staremiasto-kepamieszczanska-2pok-balkon-4p-wyposazone-garaz-winda2025-ID4zOMA,,588,4,2,"ul. Mieszczańska, Wrocław",2025,miejskie,3500,do zamieszkania,36.83,2026-02-10
2026-02-07 23:50,Bulwar Staromiejski- nowoczesny apartament,4500,https://www.otodom.pl/pl/oferta/bulwar-staromiejski-nowoczesny-apartament-ID4xrYl,,1000,1,2,"pl. Jana Pawła II, Wrocław",brak,miejskie,brak,do zamieszkania,50,2026-02-10
2026-02-07 23:50,Do wynajęcia 4-pokojowe na Kowalach ul. Rakowa,6000,https://www.otodom.pl/pl/oferta/do-wynajecia-4-pokojowe-na-kowalach-ul-rakowa-ID4yjyk,,0,1,4,"ul. Rakowa, Wrocław",1985,gazowe,brak,do zamieszkania,103,2026-02-10
2026-02-07 23:50,Karłowice - Pokój do wynajęcia od zaraz !,1250,https://www.otodom.pl/pl/oferta/karlowice-pokoj-do-wynajecia-od-zaraz-ID4yjp3,,1,6,2,"ul. Rowerowa, Wrocław",brak,brak,1250,do zamieszkania,13,2026-02-10
2026-02-07 23:51,Mieszkanie do wynajęcia 42m2 2 pokoje. Wyposażone.,2700,https://www.otodom.pl/hpr/pl/oferta/mieszkanie-do-wynajecia-42m2-2-pokoje-wyposazone-ID4nIN6,,800,1,2,Wrocław,2019,kotłownia,4000,do zamieszkania,42,2026-02-10
2026-02-07 23:51,4 pokoje | Pełen Rozkład | ul. Oleska | Zakrzów,3000,https://www.otodom.pl/pl/oferta/4-pokoje-pelen-rozklad-ul-oleska-zakrzow-ID4jnF8,,1200,5,4,Wrocław,brak,miejskie,4200,do zamieszkania,72.2,2026-02-10
2026-02-07 23:51,Apartament | 4pokoje | 112m2 | Oporów | Południe,6000,https://www.otodom.pl/pl/oferta/apartament-4pokoje-112m2-oporow-poludnie-ID4cLgE,,2350,1,4,"ul. Wiejska, Wrocław",2010,miejskie,10000,do zamieszkania,112,2026-02-10
2026-02-07 23:51,✨Loggia✨Pierwsze piętro✨3 pokoje✨,2800,https://www.otodom.pl/pl/oferta/loggiapierwsze-pietro3-pokoje-ID4zU9j,,1000,1,3,Wrocław,brak,miejskie,4000,do zamieszkania,55.58,2026-02-10
2026-02-07 23:51,"2 pokoje 42m2, osobna garderoba, pralko-suszarka, Jagodno",2600,https://www.otodom.pl/pl/oferta/2-pokoje-42m2-osobna-garderoba-pralko-suszarka-jagodno-ID4ngSM,,650,3,2,Wrocław,2023,miejskie,3500,do zamieszkania,42,2026-02-10
2026-02-07 23:51,BAJANA Gądów - 3 pokoje | balkon | PET FRIENDLY,3000,https://www.otodom.pl/pl/oferta/bajana-gadow-3-pokoje-balkon-pet-friendly-ID4zJaz,,1200,0,3,"ul. Jerzego Bajana, Wrocław",brak,miejskie,4500,do zamieszkania,64,2026-02-10
2026-02-07 23:51,2 pokoje z panoramicznym widokiem | balkon | Promenady Wrocławskie,3170,https://www.otodom.pl/pl/oferta/2-pokoje-z-panoramicznym-widokiem-balkon-promenady-wroclawskie-ID4zU5B,,630,9,2,"ul. Antoniego Słonimskiego, Wrocław",2021,miejskie,8000,do zamieszkania,42,2026-02-10
2026-02-07 23:52,Apartament na Krzykach z tarasem | 95 mkw | Wysokie pomieszczenia,4700,https://www.otodom.pl/pl/oferta/apartament-na-krzykach-z-tarasem-95-mkw-wysokie-pomieszczenia-ID4zTZm,,0,1,3,"ul. Motylkowa, Wrocław",2009,miejskie,brak,do zamieszkania,95,2026-02-10
2026-02-07 23:52,3-pokojowe mieszkanie ul. Orawska- pierwszy najem,2999,https://www.otodom.pl/pl/oferta/3-pokojowe-mieszkanie-ul-orawska-pierwszy-najem-ID4z2Sb,,800,2,3,"ul. Orawska, Wrocław",2025,miejskie,brak,do zamieszkania,48.34,2026-02-10
2026-02-07 23:52,"Krzyki 3 pokoje, balkon, parking / Atut / pets friendly",3990,https://www.otodom.pl/pl/oferta/krzyki-3-pokoje-balkon-parking-atut-pets-friendly-ID4zQ90,,0,2,3,"ul. Racławicka, Wrocław",brak,miejskie,0,do zamieszkania,65,2026-02-10
2026-02-07 23:52,Dwupokojowe mieszkanie z dużym ogródkiem,2300,https://www.otodom.pl/pl/oferta/dwupokojowe-mieszkanie-z-duzym-ogrodkiem-ID4zU5g,,800,0,2,"Stanisława Drabika, Wrocław",brak,miejskie,brak,do zamieszkania,43.28,2026-02-10
2026-02-07 23:53,Ulica Magellana ! Pełen Rozkład ! Super Wyposażone Umeblowane Okazja !,2800,https://www.otodom.pl/pl/oferta/ulica-magellana-pelen-rozklad-super-wyposazone-umeblowane-okazja-ID4zTVT,,0,2,2,"ul. Ferdynanda Magellana, Wrocław",brak,miejskie,brak,do zamieszkania,46,2026-02-10
2026-02-07 23:53,"Duże, komfortowe 66 m² | Stare Miasto | Os. Solo 11 | Balkon | Garaż",4500,https://www.otodom.pl/pl/oferta/duze-komfortowe-66-m-stare-miasto-os-solo-11-balkon-garaz-ID4zOEm,,750,1,3,"ul. Ziemowita, Wrocław",2013,miejskie,5000,do zamieszkania,66,2026-02-10
2026-02-07 23:53,Apartament 2 pokoje 14 piętro klimatyzacja Odra Tower Centrum,2800,https://www.otodom.pl/pl/oferta/apartament-2-pokoje-14-pietro-klimatyzacja-odra-tower-centrum-ID3YRPV,,800,10,2,Wrocław,brak,miejskie,3600,do zamieszkania,40,2026-02-10
2026-02-07 23:53,"Przytulna, dobrze wyposażona mikrokawalerka w centrum/Pl. Grunwaldzki.",1700,https://www.otodom.pl/pl/oferta/przytulna-dobrze-wyposazona-mikrokawalerka-w-centrum-pl-grunwaldzki-ID4zTY2,,500,2,1,"wyb. Ludwika Pasteura, Wrocław",2000,brak,2000,do zamieszkania,12,2026-02-10
2026-02-07 23:53,PREMIUM | Pierwszy najem | Kępa Mieszczańska | Wellness & Garaż,4100,https://www.otodom.pl/pl/oferta/premium-pierwszy-najem-kepa-mieszczanska-wellness-garaz-ID4zTXN,,720,4,2,"ul. Mieszczańska, Wrocław",2024,miejskie,brak,do zamieszkania,39,2026-02-10
2026-02-07 23:53,PL/RU/ENG Dwupokojowe|Klima|Parking i siłownia w cenie!,3399,https://www.otodom.pl/pl/oferta/pl-ru-eng-dwupokojowe-klima-parking-i-silownia-w-cenie-ID4zTYb,,770,9,2,"ul. Braniborska, Wrocław",2024,brak,4000,brak,42,2026-02-10
2026-02-07 23:54,"Piękny, nowy apartament, Braniborska 70, 3 pokoje",3800,https://www.otodom.pl/pl/oferta/piekny-nowy-apartament-braniborska-70-3-pokoje-ID4zTVc,,800,4,3,"ul. Braniborska, Wrocław",2025,miejskie,4150,do zamieszkania,52,2026-02-10
2026-02-07 23:54,Do wynajęcia mieszkanie/lokal-Rynek,2200,https://www.otodom.pl/pl/oferta/do-wynajecia-mieszkanie-lokal-rynek-ID4zTWd,,442,1,1,"rynek Rynek, Wrocław",brak,miejskie,6000,to_renovation,35.23,2026-02-10
2026-02-07 23:54,Ulica Magellana ! Pełen Rozkład ! Super Wyposażone Umeblowane Okazja !,2800,https://www.otodom.pl/pl/oferta/ulica-magellana-pelen-rozklad-super-wyposazone-umeblowane-okazja-ID4zTUS,,0,2,2,"ul. Ferdynanda Magellana, Wrocław",brak,brak,brak,do zamieszkania,46,2026-02-10
2026-02-07 23:54,Wynajmę przytulną kawalerkę w centrum Wrocławia,2200,https://www.otodom.pl/pl/oferta/wynajme-przytulna-kawalerke-w-centrum-wroclawia-ID4sIQS,,520,3,1,"ul. Komandorska, Wrocław",brak,miejskie,3000,do zamieszkania,35,2026-02-10
2026-02-07 23:54,SUPER WIDOK / STARE MIASTO / CENTRUM / GARAŻ,7300,https://www.otodom.pl/pl/oferta/super-widok-stare-miasto-centrum-garaz-ID4zTP8,,1400,10,3,"ul. Podwale, Wrocław",2014,miejskie,9000,do zamieszkania,84,2026-02-10
2026-02-07 23:55,Wynajmę 2 pok w pełni umeblowane mieszkanie Kościańska,2800,https://www.otodom.pl/pl/oferta/wynajme-2-pok-w-pelni-umeblowane-mieszkanie-koscianska-ID4zTmw,,800,1,2,"ul. Kościańska, Wrocław",2018,miejskie,3500,do zamieszkania,52,2026-02-10
2026-02-07 23:55,Nowoczesne 3 pokoje z garderobą | Smart Home | Wańkowicza 52 - 3799 zł,3799,https://www.otodom.pl/pl/oferta/nowoczesne-3-pokoje-z-garderoba-smart-home-wankowicza-52-3799-zl-ID4yqtZ,,1000,4,3,"ul. Melchiora Wańkowicza, Wrocław",brak,brak,8000,do zamieszkania,82,2026-02-10
2026-02-07 23:55,2 pokojowy apartament/oddzielna kuchnia/46m2/2 balkony/ul. Braniborska,3000,https://www.otodom.pl/pl/oferta/2-pokojowy-apartament-oddzielna-kuchnia-46m2-2-balkony-ul-braniborska-ID4zTKr,,680,7,2,"ul. Braniborska, Wrocław",2020,miejskie,5000,do zamieszkania,46,2026-02-10
2026-02-07 23:56,ul.Białowieska 3-pok Port Popowice z balkonem widok na park oraz rzekę,3700,https://www.otodom.pl/pl/oferta/ul-bialowieska-3-pok-port-popowice-z-balkonem-widok-na-park-oraz-rzeke-ID4zAtq,,821,6,3,"ul. Białowieska, Wrocław",2025,miejskie,5000,do zamieszkania,57.46,2026-02-10
2026-02-07 23:56,Kawalerka | Bezpośrednio | Bez prowizji | Pets Friendly | Jaworska,2190,https://www.otodom.pl/pl/oferta/kawalerka-bezposrednio-bez-prowizji-pets-friendly-jaworska-ID4zJSh,,520,6,1,"ul. Jaworska, Wrocław",brak,miejskie,brak,do zamieszkania,24,2026-02-10
2026-02-07 23:56,Mieszkanie typu loft z miejscem parkingowym,2000,https://www.otodom.pl/pl/oferta/mieszkanie-typu-loft-z-miejscem-parkingowym-ID4kpIx,,0,2,2,"ul. Władysława Zarembowicza, Wrocław",2021,inne,3000,to_completion,32.24,2026-02-10
2026-02-07 23:56,Kawalerka 5 min. od Rynku,2250,https://www.otodom.pl/pl/oferta/kawalerka-5-min-od-rynku-ID4yXQT,,450,3,1,"ul. Dobra, Wrocław",brak,brak,3000,brak,25,2026-02-10
2026-02-07 23:57,Wynajmę mieszkanie na Nadodrzu,3500,https://www.otodom.pl/pl/oferta/wynajme-mieszkanie-na-nadodrzu-ID4mZD1,,800,2,2,Wrocław,brak,gazowe,4000,do zamieszkania,56,2026-02-10
2026-02-07 23:57,"3 pokojowe mieszkanie na Oporowie ul. Aleja Piastów, ogród, garaż",3000,https://www.otodom.pl/pl/oferta/3-pokojowe-mieszkanie-na-oporowie-ul-aleja-piastow-ogrod-garaz-ID4zGx9,,720,0,3,Wrocław,2017,miejskie,3000,do zamieszkania,57,2026-02-10
2026-02-07 23:57,Apartament XS Na grobli 36,1900,https://www.otodom.pl/pl/oferta/apartament-xs-na-grobli-36-ID4pDRB,,700,0,1,"ul. Na Grobli, Wrocław",2018,miejskie,3000,do zamieszkania,16.41,2026-02-10
2026-02-07 23:57,2-pokojowe mieszkanie 55 m² | duży balkon | parking | Pilczyce,2800,https://www.otodom.pl/pl/oferta/2-pokojowe-mieszkanie-55-m-duzy-balkon-parking-pilczyce-ID4zAsi,,1000,8,2,"ul. Lotnicza, Wrocław",2016,miejskie,2500,do zamieszkania,55,2026-02-10
2026-02-07 23:57,4 pokoje | Pełen Rozkład | ul. Oleska | Zakrzów,3000,https://www.otodom.pl/hpr/pl/oferta/4-pokoje-pelen-rozklad-ul-oleska-zakrzow-ID4jnF8,,1200,5,4,Wrocław,brak,miejskie,4200,do zamieszkania,72.2,2026-02-10
2026-02-07 23:58,"Mieszkanie 3-pokojowe, 2 łazienki Muchobór Wielki",3200,https://www.otodom.pl/pl/oferta/mieszkanie-3-pokojowe-2-lazienki-muchobor-wielki-ID4zlS8,,800,3,3,"ul. Marka Hłaski, Wrocław",2007,kotłownia,4200,do zamieszkania,61,2026-02-10
2026-02-07 23:58,nowe mieszkanie Kępa Mieszczańska / komórka lokatorska,3700,https://www.otodom.pl/pl/oferta/nowe-mieszkanie-kepa-mieszczanska-komorka-lokatorska-ID4zTrT,,900,6,2,"ul. Mieszczańska, Wrocław",2024,brak,brak,do zamieszkania,40,2026-02-10
2026-02-07 23:58,Mieszkanie 3-pok. | Garaż | Komórka | Ołtaszyn,4950,https://www.otodom.pl/pl/oferta/mieszkanie-3-pok-garaz-komorka-oltaszyn-ID4sTu1,,1500,2,3,"ul. Ułańska, Wrocław",2016,miejskie,brak,brak,100,2026-02-10
2026-02-07 23:58,Przytulne mieszkanie 34m² naprzeciwko Sky Tower,2500,https://www.otodom.pl/pl/oferta/przytulne-mieszkanie-34m-naprzeciwko-sky-tower-ID4zyjP,,440,3,2,"ul. Powstańców Śląskich, Wrocław",brak,miejskie,2500,do zamieszkania,34,2026-02-10
2026-02-07 23:59,Sródmieście ul. Walecznych mieszkanie 1 pokojowe do wynajecia 34 m2,1900,https://www.otodom.pl/pl/oferta/srodmiescie-ul-walecznych-mieszkanie-1-pokojowe-do-wynajecia-34-m2-ID4zTq4,,0,0,1,"ul. Walecznych, Wrocław",1938,gazowe,brak,do zamieszkania,34,2026-02-10
2026-02-07 23:59,"Krzyki Agrestowa 3 sypialnie, salon, 2x garaż",5250,https://www.otodom.pl/pl/oferta/krzyki-agrestowa-3-sypialnie-salon-2x-garaz-ID4wHmu,,450,1,4,Wrocław,brak,gazowe,6000,do zamieszkania,113.14,2026-02-10
2026-02-07 23:59,Przytulne mieszkanie 40m² w centrum Wrocławia,2000,https://www.otodom.pl/pl/oferta/przytulne-mieszkanie-40m-w-centrum-wroclawia-ID4zLld,,720,3,1,"ul. Paulińska, Wrocław",brak,miejskie,2700,do zamieszkania,40,2026-02-10
2026-02-07 23:59,Światłowód | klimatyzacja | wyspa | jasne | nowoczesne,3050,https://www.otodom.pl/pl/oferta/swiatlowod-klimatyzacja-wyspa-jasne-nowoczesne-ID4zTpW,,750,3,2,Wrocław,2021,brak,4000,do zamieszkania,48,2026-02-10
2026-02-07 23:59,"od 1 marca, MP, 3 pokoje",2600,https://www.otodom.pl/pl/oferta/od-1-marca-mp-3-pokoje-ID4zToq,,900,4,3,"ul. Kłodzka, Wrocław",2017,inne,brak,do zamieszkania,63,2026-02-10
2026-02-08 00:00,Меблированная 2х ком. квартира с 1.02.2026,3200,https://www.otodom.pl/pl/oferta/2-1-02-2026-ID4zTfm,,0,3,2,Wrocław,brak,miejskie,3600,do zamieszkania,40,2026-02-10
2026-02-08 00:00,Studio w Angel City | centrum | Gym | ochrona,2700,https://www.otodom.pl/pl/oferta/studio-w-angel-city-centrum-gym-ochrona-ID4zTiL,,0,4,1,"ul. gen. Romualda Traugutta, Wrocław",2022,miejskie,brak,brak,28.01,2026-02-10
2026-02-08 00:00,"Wrocław, ul. Główna, BEZPOŚREDNIO !",2200,https://www.otodom.pl/pl/oferta/wroclaw-ul-glowna-bezposrednio-ID2hXu5,,750,2,1,"ul. Główna, Wrocław",2008,miejskie,3000,do zamieszkania,45,2026-02-10
2026-02-08 00:00,2 pokojowe mieszkanie w centrum miasta Chrobrego,2250,https://www.otodom.pl/pl/oferta/2-pokojowe-mieszkanie-w-centrum-miasta-chrobrego-ID4zDER,,230,4,2,"ul. Bolesława Chrobrego, Wrocław",brak,brak,3000,brak,33,2026-02-10
2026-02-08 00:00,Apartament 3-pokojowy z tarasem| centrum| od zaraz,4900,https://www.otodom.pl/pl/oferta/apartament-3-pokojowy-z-tarasem-centrum-od-zaraz-ID4zIjT,,500,6,3,"ul. Sokolnicza, Wrocław",2008,miejskie,brak,do zamieszkania,83,2026-02-10
2026-02-08 00:00,Do wynajęcia. Mieszkanie 2-pokojowe. Super lokalizacja. Popowice,2500,https://www.otodom.pl/pl/oferta/do-wynajecia-mieszkanie-2-pokojowe-super-lokalizacja-popowice-ID4zGQm,,500,10,2,"ul. Bobrza, Wrocław",1985,miejskie,3000,do zamieszkania,34,2026-02-10
2026-02-08 00:00,Huby: 3 ładne pokoje z windą,3300,https://www.otodom.pl/pl/oferta/huby-3-ladne-pokoje-z-winda-ID4zTfa,,800,4,3,Wrocław,2013,brak,brak,brak,63,2026-02-10
2026-02-08 00:01,"Krzyki, Gaj, ul. Krynicka 3 niezależne pokoje, 63m2, od zaraz",2900,https://www.otodom.pl/pl/oferta/krzyki-gaj-ul-krynicka-3-niezalezne-pokoje-63m2-od-zaraz-ID4zTdd,,950,2,3,"ul. Krynicka, Wrocław",brak,miejskie,4200,do zamieszkania,63,2026-02-10
2026-02-08 00:01,"2 pok. apartament z garażem, Kępa Mieszczańska, od zaraz",2799,https://www.otodom.pl/pl/oferta/2-pok-apartament-z-garazem-kepa-mieszczanska-od-zaraz-ID4zTcS,,0,6,2,"ul. Mieszczańska, Wrocław",2020,miejskie,4000,do zamieszkania,44,2026-02-10
2026-02-08 00:01,Studio w Angel River | balkon | Spa&Gym,2500,https://www.otodom.pl/pl/oferta/studio-w-angel-river-balkon-spa-gym-ID4zTcx,,0,4,1,"ul. Walońska, Wrocław",2019,brak,brak,do zamieszkania,25.87,2026-02-10
2026-02-08 00:01,"ul. Skarbowców, Krzyki, Klecina - 2 pok. 50m2 parking, od lutego",2299,https://www.otodom.pl/pl/oferta/ul-skarbowcow-krzyki-klecina-2-pok-50m2-parking-od-lutego-ID4zTcp,,625,3,2,"ul. Skarbowców, Wrocław",brak,miejskie,3200,do zamieszkania,50,2026-02-10
2026-02-08 00:01,"Mieszkanie, 92 m², Wrocław",2999,https://www.otodom.pl/pl/oferta/mieszkanie-92-m-wroclaw-ID4zTbW,,1400,3,3,"ul. Klasztorna, Wrocław",brak,miejskie,5000,do zamieszkania,92,2026-02-10
2026-02-08 00:01,"3 pok. 75 m2, ul. Skwierzyńska, ścisłe centrum, od zaraz",2600,https://www.otodom.pl/pl/oferta/3-pok-75-m2-ul-skwierzynska-scisle-centrum-od-zaraz-ID4zTbf,,1600,3,3,"ul. Skwierzyńska, Wrocław",brak,miejskie,4500,do zamieszkania,75,2026-02-10
2026-02-08 00:02,"Grunwaldzka, nowe",2200,https://www.otodom.pl/pl/oferta/grunwaldzka-nowe-ID4zT9r,,500,3,1,"ul. Grunwaldzka, Wrocław",brak,electrical,2700,do zamieszkania,20,2026-02-10
